country,state,city,station,last_update,latitude,longitude,pollutant_id,pollutant_min,pollutant_max,pollutant_avg
India,Bihar,Araria,"Kharahiya Basti, Araria - BSPCB","21-09-2026 11:00:00",26.146529,87.454184,PM10,14,181,61
India,Bihar,Araria,"Kharahiya Basti, Araria - BSPCB","21-09-2026 11:00:00",26.146529,87.454184,CO,18,31,24
India,Bihar,Bettiah,"Kamalnath Nagar, Bettiah - BSPCB","21-09-2026 11:00:00",26.80365,84.51954,PM2.5,22,25,23
India,Bihar,Bettiah,"Kamalnath Nagar, Bettiah - BSPCB","21-09-2026 11:00:00",26.80365,84.51954,NH3,2,4,3
India,Bihar,Bettiah,"Kamalnath Nagar, Bettiah - BSPCB","21-09-2026 11:00:00",26.80365,84.51954,OZONE,13,22,16
India,Bihar,Bhagalpur,"DM Office_Kachari Chowk, Bhagalpur - BSPCB","21-09-2026 11:00:00",25.251013,86.989001,PM2.5,17,329,73
India,Bihar,Bhagalpur,"DM Office_Kachari Chowk, Bhagalpur - BSPCB","21-09-2026 11:00:00",25.251013,86.989001,PM10,29,168,55
India,Bihar,Bhagalpur,"DM Office_Kachari Chowk, Bhagalpur - BSPCB","21-09-2026 11:00:00",25.251013,86.989001,SO2,15,27,22
India,Bihar,Bhagalpur,"DM Office_Kachari Chowk, Bhagalpur - BSPCB","21-09-2026 11:00:00",25.251013,86.989001,OZONE,18,20,19
India,Bihar,Bhagalpur,"Mayaganj, Bhagalpur - BSPCB","21-09-2026 11:00:00",25.265194,87.012947,NO2,20,24,22
India,Bihar,"Bihar Sharif","D M Colony, Bihar Sharif - BSPCB","21-09-2026 11:00:00",25.204762,85.51496,PM2.5,NA,NA,NA
India,Bihar,"Bihar Sharif","D M Colony, Bihar Sharif - BSPCB","21-09-2026 11:00:00",25.204762,85.51496,NH3,3,4,3
India,Bihar,Gaya,"Kareemganj, Gaya - BSPCB","21-09-2026 11:00:00",24.792403,84.992416,NO2,1,11,4
India,Bihar,Gaya,"Kareemganj, Gaya - BSPCB","21-09-2026 11:00:00",24.792403,84.992416,SO2,35,45,40
India,Bihar,Hajipur,"Industrial Area, Hajipur - BSPCB","21-09-2026 11:00:00",25.697189,85.2459,PM10,27,73,49
India,Bihar,Katihar,"Mirchaibari, Katihar - BSPCB","21-09-2026 11:00:00",25.560083,87.553265,PM2.5,27,37,30
India,"Arunachal Pradesh",Naharlagun,"Naharlagun, Naharlagun - APSPCB","21-09-2026 11:00:00",27.103358,93.679645,NO2,8,8,8
India,"Arunachal Pradesh",Naharlagun,"Naharlagun, Naharlagun - APSPCB","21-09-2026 11:00:00",27.103358,93.679645,SO2,11,12,11
India,Assam,Byrnihat,"Central Academy for SFS, Byrnihat - PCBA","21-09-2026 11:00:00",26.071318,91.87488,NH3,4,4,4
India,Assam,Guwahati,"LGBI Airport, Guwahati - PCBA","21-09-2026 11:00:00",26.10887,91.589544,NH3,3,73,7
India,Assam,Guwahati,"Pan Bazaar, Guwahati - PCBA","21-09-2026 11:00:00",26.1875,91.744194,PM2.5,NA,NA,NA
India,Assam,Guwahati,"Railway Colony, Guwahati - PCBA","21-09-2026 11:00:00",26.181742,91.78063,OZONE,8,11,10
India,Assam,Guwahati,"IITG, Guwahati - PCBA","21-09-2026 11:00:00",26.2028636,91.70046436,PM10,NA,NA,NA
India,Assam,Guwahati,"IITG, Guwahati - PCBA","21-09-2026 11:00:00",26.2028636,91.70046436,CO,71,75,73
India,Assam,Nagaon,"Christianpatty, Nagaon - PCBA","21-09-2026 11:00:00",26.349082,92.68449,PM10,37,63,52
India,Assam,Nalbari,"Bata Chowk, Nalbari - PCBA","21-09-2026 11:00:00",26.446912,91.439057,CO,21,22,22
India,Assam,Nalbari,"Bata Chowk, Nalbari - PCBA","21-09-2026 11:00:00",26.446912,91.439057,OZONE,19,19,19
India,Assam,Silchar,"Tarapur, Silchar - PCBA","21-09-2026 11:00:00",24.82827,92.79525,PM2.5,28,34,30
India,Assam,Silchar,"Tarapur, Silchar - PCBA","21-09-2026 11:00:00",24.82827,92.79525,PM10,50,71,59
India,Assam,Silchar,"Tarapur, Silchar - PCBA","21-09-2026 11:00:00",24.82827,92.79525,SO2,3,5,4
India,Assam,Silchar,"Tarapur, Silchar - PCBA","21-09-2026 11:00:00",24.82827,92.79525,CO,17,18,17
India,"Andhra Pradesh",Amaravati,"Secretariat, Amaravati - APPCB","21-09-2026 11:00:00",16.5150833,80.5181667,PM10,50,98,73
India,"Andhra Pradesh",Amaravati,"Secretariat, Amaravati - APPCB","21-09-2026 11:00:00",16.5150833,80.5181667,NH3,3,5,4
India,"Andhra Pradesh",Anantapur,"Gulzarpet, Anantapur - APPCB","21-09-2026 11:00:00",14.675886,77.593027,NH3,4,5,5
India,"Andhra Pradesh",Anantapur,"Gulzarpet, Anantapur - APPCB","21-09-2026 11:00:00",14.675886,77.593027,SO2,11,18,18
India,"Andhra Pradesh",Chittoor,"Gangineni Cheruvu, Chittoor - APPCB","21-09-2026 11:00:00",13.20488,79.097889,NO2,33,36,34
India,"Andhra Pradesh",Eluru,"District Court, Eluru - APPCB","21-09-2026 11:00:00",16.711754,81.092095,PM2.5,43,60,48
India,"Andhra Pradesh",Eluru,"District Court, Eluru - APPCB","21-09-2026 11:00:00",16.711754,81.092095,NO2,1,1,1
India,"Andhra Pradesh",Eluru,"District Court, Eluru - APPCB","21-09-2026 11:00:00",16.711754,81.092095,CO,18,28,21
India,"Andhra Pradesh",Guntur,"Rajendra Nagar North, Guntur - APPCB","21-09-2026 11:00:00",16.316553,80.413302,NO2,21,51,35
India,"Andhra Pradesh",Guntur,"Rajendra Nagar North, Guntur - APPCB","21-09-2026 11:00:00",16.316553,80.413302,CO,17,27,22
India,"Andhra Pradesh",Kakinada,"Rama Rao Peta, Kakinada - APPCB","21-09-2026 11:00:00",16.962488,82.229513,NO2,9,42,22
India,"Andhra Pradesh",Kakinada,"Rama Rao Peta, Kakinada - APPCB","21-09-2026 11:00:00",16.962488,82.229513,CO,35,42,38
India,"Andhra Pradesh",Kurnool,"Sita Rama Nagar, Kurnool - APPCB","21-09-2026 11:00:00",15.83411,78.028546,PM10,24,48,34
India,"Andhra Pradesh",Kurnool,"Sita Rama Nagar, Kurnool - APPCB","21-09-2026 11:00:00",15.83411,78.028546,OZONE,16,86,30
India,"Andhra Pradesh",Nellore,"Ambedkar Nagar, Nellore - APPCB ","21-09-2026 11:00:00",14.438164,79.966814,CO,36,37,37
India,"Andhra Pradesh",Nellore,"Ambedkar Nagar, Nellore - APPCB ","21-09-2026 11:00:00",14.438164,79.966814,OZONE,21,28,24
India,"Andhra Pradesh",Rajamahendravaram,"Anand Kala Kshetram, Rajamahendravaram - APPCB","21-09-2026 11:00:00",16.9872867,81.7363176,SO2,3,11,5
India,"Andhra Pradesh",Tirumala,"Toll Gate, Tirumala - APPCB","21-09-2026 11:00:00",13.67,79.35,PM2.5,5,29,17
India,"Andhra Pradesh",Tirumala,"Toll Gate, Tirumala - APPCB","21-09-2026 11:00:00",13.67,79.35,CO,16,23,20
India,"Andhra Pradesh",Tirupati,"Vaikuntapuram, Tirupati - APPCB","21-09-2026 11:00:00",13.615387,79.40923,PM2.5,62,72,63
India,"Andhra Pradesh",Tirupati,"Vaikuntapuram, Tirupati - APPCB","21-09-2026 11:00:00",13.615387,79.40923,NH3,5,7,5
India,"Andhra Pradesh",Vijayawada,"HB Colony, Vijayawada - APPCB","21-09-2026 11:00:00",16.536107,80.594233,NO2,NA,NA,NA
India,"Andhra Pradesh",Vijayawada,"HB Colony, Vijayawada - APPCB","21-09-2026 11:00:00",16.536107,80.594233,SO2,NA,NA,NA
India,"Andhra Pradesh",Vijayawada,"Rajiv Nagar, Vijayawada - APPCB","21-09-2026 11:00:00",16.554731,80.64911,PM10,48,64,53
India,"Andhra Pradesh",Vijayawada,"Rajiv Gandhi Park, Vijayawada - APPCB","21-09-2026 11:00:00",16.509717,80.612222,OZONE,21,24,21
India,"Arunachal Pradesh",Naharlagun,"Naharlagun, Naharlagun - APSPCB","21-09-2026 11:00:00",27.103358,93.679645,PM2.5,16,56,31
India,Chandigarh,Chandigarh,"Sector-25, Chandigarh - CPCC","21-09-2026 11:00:00",30.751462,76.762879,OZONE,32,32,32
India,Chhattisgarh,Bhilai,"32Bungalows, Bhilai - CECB","21-09-2026 11:00:00",21.194815,81.31477,PM10,29,101,56
India,Chhattisgarh,Bhilai,"32Bungalows, Bhilai - CECB","21-09-2026 11:00:00",21.194815,81.31477,SO2,5,29,9
India,Chhattisgarh,Bilaspur,"Mangala, Bilaspur - NTPC","21-09-2026 11:00:00",22.08815,82.13737,NH3,NA,NA,NA
India,Chhattisgarh,Bilaspur,"Mangala, Bilaspur - NTPC","21-09-2026 11:00:00",22.08815,82.13737,CO,24,39,30
India,Chhattisgarh,Chhal,"Nawapara SECL Colony, Chhal - CECB","21-09-2026 11:00:00",22.118125,83.140608,PM10,NA,NA,NA
India,Chhattisgarh,Korba,"Urja Nagar, Korba - CECB","21-09-2026 11:00:00",22.348441,82.549611,NO2,3,6,5
India,Chhattisgarh,Korba,"Rampur, Korba - CECB","21-09-2026 11:00:00",22.368195,82.746431,PM2.5,4,17,9
India,Chhattisgarh,Kunjemura,"OP Jindal School, Kunjemura - CECB","21-09-2026 11:00:00",22.12665,83.483212,NO2,4,58,16
India,Chhattisgarh,Kunjemura,"OP Jindal School, Kunjemura - CECB","21-09-2026 11:00:00",22.12665,83.483212,SO2,13,23,17
India,Chhattisgarh,Milupara,"Govt. Higher Secondary School, Milupara - CECB","21-09-2026 11:00:00",22.1910172,83.5197009,NO2,6,16,9
India,Bihar,Patna,"DRM Office Danapur, Patna - BSPCB","21-09-2026 11:00:00",25.586562,85.043586,CO,29,37,35
India,Bihar,Patna,"DRM Office Danapur, Patna - BSPCB","21-09-2026 11:00:00",25.586562,85.043586,OZONE,16,34,23
India,Bihar,Patna,"Govt. High School Shikarpur, Patna - BSPCB","21-09-2026 11:00:00",25.592539,85.227158,CO,35,44,38
India,Bihar,Patna,"IGSC Planetarium Complex, Patna - BSPCB","21-09-2026 11:00:00",25.610369,85.132568,PM10,NA,NA,NA
India,Bihar,Patna,"Rajbansi Nagar, Patna - BSPCB","21-09-2026 11:00:00",25.599486,85.113666,CO,36,41,39
India,Bihar,Patna,"Rajbansi Nagar, Patna - BSPCB","21-09-2026 11:00:00",25.599486,85.113666,OZONE,27,29,28
India,Bihar,Purnia,"Mariam Nagar, Purnia - BSPCB","21-09-2026 11:00:00",25.366336,87.117468,PM10,NA,NA,NA
India,Bihar,Sasaram,"Dada Peer, Sasaram - BSPCB","21-09-2026 11:00:00",24.952822,84.002396,NH3,NA,NA,NA
India,Bihar,Siwan,"Chitragupta Nagar, Siwan - BSPCB","21-09-2026 11:00:00",26.2271665,84.3570427,PM10,32,125,48
India,Chandigarh,Chandigarh,"Sector-25, Chandigarh - CPCC","21-09-2026 11:00:00",30.751462,76.762879,PM2.5,NA,NA,NA
India,Chandigarh,Chandigarh,"Sector-25, Chandigarh - CPCC","21-09-2026 11:00:00",30.751462,76.762879,NO2,NA,NA,NA
India,Bihar,Manguraha,"Forest Rest House, Manguraha - BSPCB","21-09-2026 11:00:00",27.308328,84.531742,PM2.5,NA,NA,NA
India,Bihar,Motihari,"Gandak Colony, Motihari - BSPCB","21-09-2026 11:00:00",26.63086,84.90051,SO2,3,3,3
India,Bihar,Munger,"Town Hall, Munger - BSPCB","21-09-2026 11:00:00",25.376776,86.471523,PM10,NA,NA,NA
India,Bihar,Muzaffarpur,"MIT-Daudpur Kothi, Muzaffarpur - BSPCB","21-09-2026 11:00:00",26.1403345,85.3650192,PM2.5,17,45,26
India,Bihar,Muzaffarpur,"MIT-Daudpur Kothi, Muzaffarpur - BSPCB","21-09-2026 11:00:00",26.1403345,85.3650192,OZONE,7,47,13
India,Bihar,Muzaffarpur,"Buddha Colony, Muzaffarpur - BSPCB","21-09-2026 11:00:00",26.11442,85.39813,PM2.5,19,77,46
India,Bihar,Muzaffarpur,"Buddha Colony, Muzaffarpur - BSPCB","21-09-2026 11:00:00",26.11442,85.39813,SO2,0,8,5
India,Bihar,Patna,"Samanpura, Patna - BSPCB","21-09-2026 11:00:00",25.596727,85.085624,SO2,3,3,3
India,Delhi,Delhi,"Narela, Delhi - DPCC","21-09-2026 11:00:00",28.822836,77.101981,NH3,6,9,7
India,Delhi,Delhi,"Narela, Delhi - DPCC","21-09-2026 11:00:00",28.822836,77.101981,OZONE,13,48,28
India,Delhi,Delhi,"Major Dhyan Chand National Stadium, Delhi - DPCC","21-09-2026 11:00:00",28.611281,77.237738,PM2.5,70,207,123
India,Delhi,Delhi,"Major Dhyan Chand National Stadium, Delhi - DPCC","21-09-2026 11:00:00",28.611281,77.237738,SO2,36,41,38
India,Delhi,Delhi,"Sonia Vihar, Delhi - DPCC","21-09-2026 11:00:00",28.710508,77.249485,NH3,12,17,14
India,Delhi,Delhi,"Bawana, Delhi - DPCC","21-09-2026 11:00:00",28.7762,77.051074,NH3,7,9,8
India,Delhi,Delhi,"Bawana, Delhi - DPCC","21-09-2026 11:00:00",28.7762,77.051074,SO2,26,29,27
India,Chhattisgarh,Milupara,"Govt. Higher Secondary School, Milupara - CECB","21-09-2026 11:00:00",22.1910172,83.5197009,CO,14,20,16
India,Chhattisgarh,Milupara,"Govt. Higher Secondary School, Milupara - CECB","21-09-2026 11:00:00",22.1910172,83.5197009,OZONE,8,11,10
India,Chhattisgarh,Raipur,"Krishak Nagar, Raipur - CECB","21-09-2026 11:00:00",21.237755,81.705301,OZONE,1,2,1
India,Chhattisgarh,Raipur,"Siltara Phase-II, Raipur - CECB","21-09-2026 11:00:00",21.371751,81.664929,NO2,10,30,20
India,Chhattisgarh,Raipur,"Siltara Phase-II, Raipur - CECB","21-09-2026 11:00:00",21.371751,81.664929,CO,17,18,17
India,Chhattisgarh,Raipur,"Siltara Phase-II, Raipur - CECB","21-09-2026 11:00:00",21.371751,81.664929,OZONE,2,5,4
India,Delhi,Delhi,"Narela, Delhi - DPCC","21-09-2026 11:00:00",28.822836,77.101981,PM2.5,52,335,182
India,Delhi,Delhi,"Narela, Delhi - DPCC","21-09-2026 11:00:00",28.822836,77.101981,PM10,104,350,198
India,Delhi,Delhi,"Narela, Delhi - DPCC","21-09-2026 11:00:00",28.822836,77.101981,NO2,8,53,29
India,Delhi,Delhi,"Okhla Phase-2, Delhi - DPCC","21-09-2026 11:00:00",28.530785,77.271255,SO2,11,20,15
India,Delhi,Delhi,"Okhla Phase-2, Delhi - DPCC","21-09-2026 11:00:00",28.530785,77.271255,CO,59,72,63
India,Delhi,Delhi,"Rohini, Delhi - DPCC","21-09-2026 11:00:00",28.732528,77.11992,NO2,0,10,5
India,Delhi,Delhi,"Rohini, Delhi - DPCC","21-09-2026 11:00:00",28.732528,77.11992,SO2,11,25,14
India,Delhi,Delhi,"Rohini, Delhi - DPCC","21-09-2026 11:00:00",28.732528,77.11992,OZONE,14,36,20
India,Delhi,Delhi,"Vivek Vihar, Delhi - DPCC","21-09-2026 11:00:00",28.672342,77.31526,SO2,8,13,10
India,Delhi,Delhi,"Vivek Vihar, Delhi - DPCC","21-09-2026 11:00:00",28.672342,77.31526,OZONE,17,37,23
India,Delhi,Delhi,"IHBAS, Dilshad Garden, Delhi - CPCB","21-09-2026 11:00:00",28.6811736,77.3025234,PM10,95,163,113
India,Delhi,Delhi,"IHBAS, Dilshad Garden, Delhi - CPCB","21-09-2026 11:00:00",28.6811736,77.3025234,SO2,3,22,12
India,Delhi,Delhi,"Sri Aurobindo Marg, Delhi - DPCC","21-09-2026 11:00:00",28.531346,77.190156,PM10,NA,NA,NA
India,Delhi,Delhi,"Sri Aurobindo Marg, Delhi - DPCC","21-09-2026 11:00:00",28.531346,77.190156,CO,40,40,40
India,Delhi,Delhi,"Nehru Nagar, Delhi - DPCC","21-09-2026 11:00:00",28.56789,77.250515,PM2.5,83,321,203
India,Delhi,Delhi,"Nehru Nagar, Delhi - DPCC","21-09-2026 11:00:00",28.56789,77.250515,NO2,18,82,45
India,Delhi,Delhi,"Nehru Nagar, Delhi - DPCC","21-09-2026 11:00:00",28.56789,77.250515,NH3,6,10,8
India,Delhi,Delhi,"Nehru Nagar, Delhi - DPCC","21-09-2026 11:00:00",28.56789,77.250515,CO,45,66,53
India,Delhi,Delhi,"Patparganj, Delhi - DPCC","21-09-2026 11:00:00",28.623763,77.287209,NH3,6,7,6
India,Delhi,Delhi,"Najafgarh, Delhi - DPCC","21-09-2026 11:00:00",28.570173,76.933762,NH3,5,7,6
India,Gujarat,Rajkot,"Mavdi, Rajkot - Nexteng Enviro ","21-09-2026 11:00:00",22.248853,70.776774,PM2.5,NA,NA,NA
India,Gujarat,Rajkot,"Mavdi, Rajkot - Nexteng Enviro ","21-09-2026 11:00:00",22.248853,70.776774,OZONE,19,36,25
India,Gujarat,Surat,"Science Center, Surat - SMC","21-09-2026 11:00:00",21.170046,72.795405,SO2,17,19,18
India,Gujarat,Surat,"Science Center, Surat - SMC","21-09-2026 11:00:00",21.170046,72.795405,OZONE,NA,NA,NA
India,Gujarat,Surat,"Katargam, Surat - Nexteng Enviro","21-09-2026 11:00:00",21.217779,72.834787,NO2,0,17,9
India,Gujarat,Vadodara,"Bapunagar, Vadodara - Nexteng Enviro","21-09-2026 11:00:00",22.320153,73.216285,PM2.5,14,105,40
India,Gujarat,Vadodara,"Bapunagar, Vadodara - Nexteng Enviro","21-09-2026 11:00:00",22.320153,73.216285,PM10,46,116,78
India,Gujarat,Vadodara,"Bapunagar, Vadodara - Nexteng Enviro","21-09-2026 11:00:00",22.320153,73.216285,NO2,11,16,13
India,Gujarat,Vadodara,"Bapunagar, Vadodara - Nexteng Enviro","21-09-2026 11:00:00",22.320153,73.216285,CO,87,90,88
India,Gujarat,Vapi,"Phase-1 GIDC, Vapi - GPCB","21-09-2026 11:00:00",20.362421,72.918013,OZONE,6,13,8
India,Gujarat,Vatva,"Phase-4 GIDC, Vatva - GPCB","21-09-2026 11:00:00",22.969611,72.6435,NO2,20,35,28
India,Haryana,Ambala,"Patti Mehar, Ambala - HSPCB","21-09-2026 11:00:00",30.379589,76.778328,PM10,88,367,127
India,Haryana,Bahadurgarh,"Arya Nagar, Bahadurgarh - HSPCB","21-09-2026 11:00:00",28.6701,76.9254,CO,26,29,28
India,Delhi,Delhi,"Burari Crossing, Delhi - IITM","21-09-2026 11:00:00",28.7256504,77.2011573,PM2.5,50,214,123
India,Delhi,Delhi,"IMD Lodhi Road, Delhi - IITM","21-09-2026 11:00:00",28.5918245,77.2273074,NO2,NA,NA,NA
India,Delhi,Delhi,"IMD Lodhi Road, Delhi - IITM","21-09-2026 11:00:00",28.5918245,77.2273074,CO,39,40,40
India,Delhi,Delhi,"JNU, Delhi - DPCC","21-09-2026 11:00:00",28.540721,77.168544,CO,71,96,84
India,Delhi,Delhi,"ITO, Delhi - CPCB","21-09-2026 11:00:00",28.628624,77.24106,PM2.5,84,217,126
India,Delhi,Delhi,"ITO, Delhi - CPCB","21-09-2026 11:00:00",28.628624,77.24106,PM10,106,174,134
India,Delhi,Delhi,"ITO, Delhi - CPCB","21-09-2026 11:00:00",28.628624,77.24106,SO2,10,61,27
India,Delhi,Delhi,"ITO, Delhi - CPCB","21-09-2026 11:00:00",28.628624,77.24106,CO,35,72,52
India,Gujarat,Ahmedabad,"Rakhial, Ahmedabad - IITM","21-09-2026 11:00:00",23.016834,72.625775,NH3,7,39,18
India,Gujarat,Ahmedabad,"SAC ISRO Satellite, Ahmedabad - IITM","21-09-2026 11:00:00",23.023389,72.515201,NO2,8,39,19
India,Gujarat,Ahmedabad,"SAC ISRO Satellite, Ahmedabad - IITM","21-09-2026 11:00:00",23.023389,72.515201,SO2,2,7,5
India,Gujarat,Ahmedabad,"Chandkheda, Ahmedabad - IITM","21-09-2026 11:00:00",23.107969,72.574648,NO2,13,55,32
India,Gujarat,Ahmedabad,"Chandkheda, Ahmedabad - IITM","21-09-2026 11:00:00",23.107969,72.574648,CO,1,3,2
India,Gujarat,Ahmedabad,"Chandkheda, Ahmedabad - IITM","21-09-2026 11:00:00",23.107969,72.574648,OZONE,2,6,3
India,Gujarat,Ahmedabad,"Raikhad, Ahmedabad - IITM","21-09-2026 11:00:00",23.020509,72.579261,NH3,2,7,3
India,Gujarat,Ahmedabad,"Maninagar, Ahmedabad - GPCB","21-09-2026 11:00:00",23.002657,72.591912,NO2,19,36,26
India,Gujarat,Ahmedabad,"SAC ISRO Bopal, Ahmedabad - IITM","21-09-2026 11:00:00",23.041137,72.456691,OZONE,9,16,11
India,Gujarat,Ankleshwar,"GIDC, Ankleshwar - GPCB","21-09-2026 11:00:00",21.613267,73.010555,NH3,7,8,8
India,Gujarat,Ankleshwar,"GIDC, Ankleshwar - GPCB","21-09-2026 11:00:00",21.613267,73.010555,CO,47,64,58
India,Gujarat,Gandhinagar,"GIFT City, Gandhinagar - IITM","21-09-2026 11:00:00",23.163798,72.677768,CO,27,38,32
India,Gujarat,Gandhinagar,"IIPHG Lekawada, Gandhinagar - IITM","21-09-2026 11:00:00",23.243639,72.68994,NH3,5,10,6
India,Gujarat,Mehsana,"Sadanand Nagar, Mehsana - Nexteng Enviro","21-09-2026 11:00:00",23.59315,72.372792,PM10,33,103,59
India,Gujarat,Mehsana,"Sadanand Nagar, Mehsana - Nexteng Enviro","21-09-2026 11:00:00",23.59315,72.372792,SO2,15,16,15
India,Gujarat,Nandesari,"GIDC, Nandesari - Nandesari Ind. Association","21-09-2026 11:00:00",22.410802,73.097923,CO,23,26,25
India,Delhi,Delhi,"IGI Airport (T3), Delhi - IITM","21-09-2026 11:00:00",28.5627763,77.1180053,OZONE,22,226,76
India,Delhi,Delhi,"IGNOU_Maidan Garhi, Delhi - DPCC","21-09-2026 11:00:00",28.493624,77.201159,NH3,0,5,2
India,Delhi,Delhi,"IGNOU_Maidan Garhi, Delhi - DPCC","21-09-2026 11:00:00",28.493624,77.201159,CO,78,90,86
India,Delhi,Delhi,"Commonwealth Sports Complex, Delhi - DPCC","21-09-2026 11:00:00",28.615828,77.271992,PM2.5,94,305,176
India,Delhi,Delhi,"Commonwealth Sports Complex, Delhi - DPCC","21-09-2026 11:00:00",28.615828,77.271992,NO2,6,68,31
India,Delhi,Delhi,"Commonwealth Sports Complex, Delhi - DPCC","21-09-2026 11:00:00",28.615828,77.271992,CO,72,90,82
India,Delhi,Delhi,"NSIT Dwarka, Delhi - CPCB","21-09-2026 11:00:00",28.60909,77.0325413,SO2,11,16,14
India,Delhi,Delhi,"Aya Nagar, Delhi - IITM","21-09-2026 11:00:00",28.4706914,77.1099364,PM10,106,167,131
India,Delhi,Delhi,"CRRI Mathura Road, Delhi - IITM","21-09-2026 11:00:00",28.5512005,77.2735737,PM10,61,211,126
India,Haryana,Ballabgarh,"Nathu Colony, Ballabgarh - HSPCB","21-09-2026 11:00:00",28.3419248,77.319699,OZONE,4,28,14
India,Haryana,Bhiwani,"H.B. Colony, Bhiwani - HSPCB","21-09-2026 11:00:00",28.806223,76.141105,PM2.5,86,144,113
India,Haryana,"Charkhi Dadri","Mini Secretariat, Charkhi Dadri - HSPCB","21-09-2026 11:00:00",28.593883,76.270653,PM2.5,15,224,103
India,Haryana,"Charkhi Dadri","Mini Secretariat, Charkhi Dadri - HSPCB","21-09-2026 11:00:00",28.593883,76.270653,CO,8,16,13
India,Haryana,Dharuhera,"Municipal Corporation Office, Dharuhera -  HSPCB","21-09-2026 11:00:00",28.2068,76.7997,PM10,NA,NA,NA
India,Haryana,Dharuhera,"Municipal Corporation Office, Dharuhera -  HSPCB","21-09-2026 11:00:00",28.2068,76.7997,NO2,NA,NA,NA
India,Haryana,Dharuhera,"Municipal Corporation Office, Dharuhera -  HSPCB","21-09-2026 11:00:00",28.2068,76.7997,SO2,NA,NA,NA
India,Haryana,Dharuhera,"Municipal Corporation Office, Dharuhera -  HSPCB","21-09-2026 11:00:00",28.2068,76.7997,OZONE,11,46,29
India,Haryana,Faridabad,"Sector 11, Faridabad - HSPCB","21-09-2026 11:00:00",28.376058,77.315741,SO2,3,10,9
India,Delhi,Delhi,"DTU, Delhi - CPCB","21-09-2026 11:00:00",28.7500499,77.1112615,NH3,2,11,8
India,Delhi,Delhi,"DTU, Delhi - CPCB","21-09-2026 11:00:00",28.7500499,77.1112615,SO2,26,30,27
India,Delhi,Delhi,"Dwarka-Sector 8, Delhi - DPCC ","21-09-2026 11:00:00",28.5710274,77.0719006,NO2,15,54,31
India,Delhi,Delhi,"Dwarka-Sector 8, Delhi - DPCC ","21-09-2026 11:00:00",28.5710274,77.0719006,CO,11,23,16
India,Delhi,Delhi,"Shadipur, Delhi - CPCB","21-09-2026 11:00:00",28.6514781,77.1473105,NH3,4,7,6
India,Delhi,Delhi,"Mandir Marg, Delhi - DPCC","21-09-2026 11:00:00",28.636429,77.201067,PM10,100,170,137
India,Delhi,Delhi,"Mandir Marg, Delhi - DPCC","21-09-2026 11:00:00",28.636429,77.201067,NO2,15,36,27
India,Delhi,Delhi,"Mandir Marg, Delhi - DPCC","21-09-2026 11:00:00",28.636429,77.201067,CO,100,104,102
India,Delhi,Delhi,"Pusa, Delhi - DPCC","21-09-2026 11:00:00",28.639652,77.146275,PM10,114,205,147
India,Delhi,Delhi,"Sirifort, Delhi - CPCB","21-09-2026 11:00:00",28.5504249,77.2159377,PM10,140,394,216
India,Delhi,Delhi,"Mundka, Delhi - DPCC","21-09-2026 11:00:00",28.684678,77.076574,PM2.5,67,302,146
India,Delhi,Delhi,"Mundka, Delhi - DPCC","21-09-2026 11:00:00",28.684678,77.076574,NO2,79,109,92
India,Delhi,Delhi,"Mundka, Delhi - DPCC","21-09-2026 11:00:00",28.684678,77.076574,OZONE,2,10,5
India,Delhi,Delhi,"Ashok Vihar, Delhi - DPCC","21-09-2026 11:00:00",28.695381,77.181665,NH3,4,7,5
India,Delhi,Delhi,"Anand Vihar, Delhi - DPCC","21-09-2026 11:00:00",28.647622,77.315809,NO2,14,43,26
India,Delhi,Delhi,"Anand Vihar, Delhi - DPCC","21-09-2026 11:00:00",28.647622,77.315809,SO2,20,40,30
India,Delhi,Delhi,"Punjabi Bagh, Delhi - DPCC","21-09-2026 11:00:00",28.674045,77.131023,CO,60,81,69
India,Delhi,Delhi,"Punjabi Bagh, Delhi - DPCC","21-09-2026 11:00:00",28.674045,77.131023,OZONE,8,42,18
India,Delhi,Delhi,"Chandni Chowk, Delhi - IITM","21-09-2026 11:00:00",28.656756,77.227234,SO2,11,16,14
India,Delhi,Delhi,"Pusa, Delhi - IITM","21-09-2026 11:00:00",28.63611,77.173332,PM10,108,171,133
India,Delhi,Delhi,"Pusa, Delhi - IITM","21-09-2026 11:00:00",28.63611,77.173332,NO2,35,136,80
India,Delhi,Delhi,"Pusa, Delhi - IITM","21-09-2026 11:00:00",28.63611,77.173332,OZONE,5,122,44
India,Delhi,Delhi,"IIT Delhi, Delhi - IITM","21-09-2026 11:00:00",28.54246,77.191651,PM10,167,268,199
India,Delhi,Delhi,"IIT Delhi, Delhi - IITM","21-09-2026 11:00:00",28.54246,77.191651,NO2,15,77,38
India,Karnataka,Dharwad,"Kalabhavan, Dharwad - KSPCB","21-09-2026 11:00:00",15.459706,75.008381,SO2,3,8,6
India,Karnataka,Hubballi,"Lingaraj Nagar, Hubballi - KSPCB","21-09-2026 11:00:00",15.3714823,75.1160168,PM10,57,63,59
India,Karnataka,Hubballi,"Lingaraj Nagar, Hubballi - KSPCB","21-09-2026 11:00:00",15.3714823,75.1160168,SO2,2,2,2
India,Karnataka,Kalaburagi,"Lal Bahadur Shastri Nagar, Kalaburagi - KSPCB","21-09-2026 11:00:00",17.321993,76.822628,PM2.5,NA,NA,NA
India,Karnataka,Kalaburagi,"Lal Bahadur Shastri Nagar, Kalaburagi - KSPCB","21-09-2026 11:00:00",17.321993,76.822628,CO,NA,NA,NA
India,Karnataka,Madikeri,"Stuart Hill, Madikeri - KSPCB","21-09-2026 11:00:00",12.415911,75.73505,NO2,2,3,2
India,Karnataka,Madikeri,"Stuart Hill, Madikeri - KSPCB","21-09-2026 11:00:00",12.415911,75.73505,NH3,1,1,1
India,Karnataka,Mangalore,"Kadri, Mangalore - KSPCB","21-09-2026 11:00:00",12.88925,74.853,PM10,29,98,75
India,Karnataka,Mangalore,"Kadri, Mangalore - KSPCB","21-09-2026 11:00:00",12.88925,74.853,SO2,NA,NA,NA
India,Karnataka,Mysuru,"Hebbal 1st Stage, Mysuru - KSPCB","21-09-2026 11:00:00",12.21041,76.37376,NO2,NA,NA,NA
India,Karnataka,Mysuru,"Hebbal 1st Stage, Mysuru - KSPCB","21-09-2026 11:00:00",12.21041,76.37376,NH3,NA,NA,NA
India,Karnataka,Mysuru,"Hebbal 1st Stage, Mysuru - KSPCB","21-09-2026 11:00:00",12.21041,76.37376,SO2,NA,NA,NA
India,Karnataka,Ramanagara,"Vijay Nagar, Ramanagara - KSPCB","21-09-2026 11:00:00",12.733409,77.298051,PM10,10,54,27
India,Karnataka,Ramanagara,"Vijay Nagar, Ramanagara - KSPCB","21-09-2026 11:00:00",12.733409,77.298051,OZONE,12,31,22
India,Karnataka,Shivamogga,"Vinoba Nagara, Shivamogga - KSPCB","21-09-2026 11:00:00",13.94,75.555917,NH3,2,2,2
India,Karnataka,Shivamogga,"Vinoba Nagara, Shivamogga - KSPCB","21-09-2026 11:00:00",13.94,75.555917,SO2,4,5,5
India,Karnataka,Shivamogga,"Vinoba Nagara, Shivamogga - KSPCB","21-09-2026 11:00:00",13.94,75.555917,OZONE,40,61,46
India,Karnataka,Udupi,"Brahmagiri, Udupi - KSPCB","21-09-2026 11:00:00",13.34194444,74.74694444,SO2,NA,NA,NA
India,Karnataka,Yadgir,"Collector Office, Yadgir - KSPCB","21-09-2026 11:00:00",16.7602,77.1428,SO2,12,19,15
India,Karnataka,Yadgir,"Collector Office, Yadgir - KSPCB","21-09-2026 11:00:00",16.7602,77.1428,CO,16,18,17
India,Karnataka,Yadgir,"Collector Office, Yadgir - KSPCB","21-09-2026 11:00:00",16.7602,77.1428,OZONE,3,3,3
India,Kerala,Kannur,"Thavakkara, Kannur - Kerala PCB","21-09-2026 11:00:00",11.875,75.3732,PM10,80,95,88
India,Kerala,Kannur,"Thavakkara, Kannur - Kerala PCB","21-09-2026 11:00:00",11.875,75.3732,OZONE,27,28,28
India,Kerala,Thiruvananthapuram,"Plammoodu, Thiruvananthapuram - Kerala PCB","21-09-2026 11:00:00",8.5149093,76.9435879,CO,4,11,8
India,Ladakh,Leh,"Skara Yokma, Leh - LPCC","21-09-2026 11:00:00",34.147096,77.55709,NO2,NA,NA,NA
India,"Madhya Pradesh",Bhopal,"Idgah Hills, Bhopal - MPPCB","21-09-2026 11:00:00",23.264759,77.381568,PM2.5,17,50,31
India,"Madhya Pradesh",Bhopal,"Idgah Hills, Bhopal - MPPCB","21-09-2026 11:00:00",23.264759,77.381568,PM10,29,85,52
India,"Madhya Pradesh",Bhopal,"Idgah Hills, Bhopal - MPPCB","21-09-2026 11:00:00",23.264759,77.381568,SO2,5,7,6
India,"Madhya Pradesh",Bhopal,"T T Nagar, Bhopal - MPPCB","21-09-2026 11:00:00",23.233584,77.400574,PM2.5,18,52,29
India,"Madhya Pradesh",Bhopal,"T T Nagar, Bhopal - MPPCB","21-09-2026 11:00:00",23.233584,77.400574,SO2,21,26,24
India,"Madhya Pradesh",Dewas,"Bhopal Chauraha, Dewas - MPPCB","21-09-2026 11:00:00",22.9682591,76.064118,PM2.5,29,61,40
India,"Madhya Pradesh",Dewas,"Bhopal Chauraha, Dewas - MPPCB","21-09-2026 11:00:00",22.9682591,76.064118,NH3,0,2,1
India,"Madhya Pradesh",Gwalior,"Maharaj Bada, Gwalior - MPPCB","21-09-2026 11:00:00",26.200388,78.147714,PM10,35,110,67
India,"Madhya Pradesh",Gwalior,"City Center, Gwalior - MPPCB","21-09-2026 11:00:00",26.203442,78.193251,CO,38,55,44
India,"Madhya Pradesh",Gwalior,"Deen Dayal Nagar, Gwalior - MPPCB","21-09-2026 11:00:00",26.259242,78.216432,NH3,2,5,4
India,Haryana,Kurukshetra,"Sector-7, Kurukshetra - HSPCB","21-09-2026 11:00:00",29.966942,76.875879,PM2.5,77,115,89
India,Haryana,Kurukshetra,"Sector-7, Kurukshetra - HSPCB","21-09-2026 11:00:00",29.966942,76.875879,NH3,5,5,5
India,Haryana,Kurukshetra,"Sector-7, Kurukshetra - HSPCB","21-09-2026 11:00:00",29.966942,76.875879,CO,18,28,23
India,Haryana,Kurukshetra,"Sector-7, Kurukshetra - HSPCB","21-09-2026 11:00:00",29.966942,76.875879,OZONE,11,27,17
India,Haryana,Manesar,"Sector-2 IMT, Manesar - HSPCB","21-09-2026 11:00:00",28.360699,76.93609,SO2,0,16,7
India,Haryana,Narnaul,"Shastri Nagar, Narnaul - HSPCB","21-09-2026 11:00:00",28.060249,76.113115,NO2,24,25,25
India,Haryana,Palwal,"Shyam Nagar, Palwal - HSPCB","21-09-2026 11:00:00",28.1485564,77.3320667,OZONE,10,10,10
India,Haryana,Panchkula,"Sector-6, Panchkula - HSPCB ","21-09-2026 11:00:00",30.7057778,76.8531805555555,PM10,NA,NA,NA
India,Haryana,Panchkula,"Sector-6, Panchkula - HSPCB ","21-09-2026 11:00:00",30.7057778,76.8531805555555,NH3,NA,NA,NA
India,Haryana,Panipat,"Sector-18, Panipat - HSPCB","21-09-2026 11:00:00",29.432304,76.972765,SO2,35,67,50
India,Haryana,Sirsa,"F-Block, Sirsa - HSPCB","21-09-2026 11:00:00",29.5364,75.0158,PM10,95,122,108
India,Haryana,Sirsa,"F-Block, Sirsa - HSPCB","21-09-2026 11:00:00",29.5364,75.0158,NH3,13,14,14
India,Haryana,Sonipat,"Murthal, Sonipat - HSPCB","21-09-2026 11:00:00",29.0272,77.0621,PM10,54,124,100
India,Haryana,Sonipat,"Murthal, Sonipat - HSPCB","21-09-2026 11:00:00",29.0272,77.0621,CO,10,40,25
India,Haryana,"Yamuna Nagar","Gobind Pura, Yamuna Nagar - HSPCB","21-09-2026 11:00:00",30.1480566,77.2893471,NH3,1,6,4
India,"Madhya Pradesh",Maihar,"Sahilara, Maihar - KJS Cements","21-09-2026 11:00:00",24.2613009,80.7231783,NH3,NA,NA,NA
India,"Madhya Pradesh",Ratlam,"Shasthri Nagar, Ratlam - IPCA Lab","21-09-2026 11:00:00",23.331731,75.045981,NO2,14,67,32
India,Maharashtra,Akola,"Ramdaspeth, Akola - MPCB","21-09-2026 11:00:00",20.719516,77.000253,PM2.5,15,51,22
India,Maharashtra,Ambernath,"Chinchpada, Ambernath - MPCB","21-09-2026 11:00:00",19.215784,73.199781,SO2,21,28,25
India,Maharashtra,Ambernath,"Chinchpada, Ambernath - MPCB","21-09-2026 11:00:00",19.215784,73.199781,CO,5,12,8
India,Maharashtra,Amravati,"Shri Shivaji Science College, Amravati - MPCB","21-09-2026 11:00:00",20.939198,77.765701,NO2,3,15,7
India,Maharashtra,Amravati,"Shri Shivaji Science College, Amravati - MPCB","21-09-2026 11:00:00",20.939198,77.765701,CO,24,35,28
India,Maharashtra,Amravati,"Shivneri Colony, Amravati - MPCB","21-09-2026 11:00:00",20.9402359,77.7895248,PM2.5,10,30,21
India,Maharashtra,Amravati,"Shivneri Colony, Amravati - MPCB","21-09-2026 11:00:00",20.9402359,77.7895248,NO2,3,12,6
India,Maharashtra,Aurangabad,"MIDC Chilkalthana, Aurangabad - MPCB","21-09-2026 11:00:00",19.87562,75.38731,NH3,6,6,6
India,Maharashtra,Aurangabad,"MIDC Chilkalthana, Aurangabad - MPCB","21-09-2026 11:00:00",19.87562,75.38731,SO2,0,1,1
India,Maharashtra,Aurangabad,"MIDC Chilkalthana, Aurangabad - MPCB","21-09-2026 11:00:00",19.87562,75.38731,CO,18,54,38
India,"Madhya Pradesh",Indore,"Chhoti Gwaltoli, Indore - MPPCB","21-09-2026 11:00:00",22.431,75.5213,NH3,6,8,7
India,"Madhya Pradesh",Indore,"Chhoti Gwaltoli, Indore - MPPCB","21-09-2026 11:00:00",22.431,75.5213,SO2,15,23,18
India,"Madhya Pradesh",Indore,"Residency Area, Indore - IMC","21-09-2026 11:00:00",22.7084,75.8815,PM2.5,7,22,15
India,"Madhya Pradesh",Indore,"Residency Area, Indore - IMC","21-09-2026 11:00:00",22.7084,75.8815,NH3,0,0,0
India,"Madhya Pradesh",Indore,"Residency Area, Indore - IMC","21-09-2026 11:00:00",22.7084,75.8815,SO2,3,11,6
India,"Madhya Pradesh",Indore,"Maguda Nagar, Indore - IMC","21-09-2026 11:00:00",22.7524,75.8872,CO,28,37,34
India,"Madhya Pradesh",Jabalpur,"Marhatal, Jabalpur - MPPCB","21-09-2026 11:00:00",23.168606,79.932247,PM10,12,37,25
India,"Madhya Pradesh",Jabalpur,"Marhatal, Jabalpur - MPPCB","21-09-2026 11:00:00",23.168606,79.932247,SO2,9,11,10
India,"Madhya Pradesh",Jabalpur,"Govindh Bhavan Colony, Jabalpur - JMC","21-09-2026 11:00:00",23.163174,79.973061,SO2,1,24,7
India,"Madhya Pradesh",Katni,"Gole Bazar, Katni - MPPCB","21-09-2026 11:00:00",23.50016,80.23284,NO2,11,15,13
India,Haryana,Gurugram,"Sector-51, Gurugram - HSPCB","21-09-2026 11:00:00",28.4227,77.0667,CO,15,43,34
India,Haryana,Gurugram,"Sector-51, Gurugram - HSPCB","21-09-2026 11:00:00",28.4227,77.0667,OZONE,11,46,22
India,Haryana,Gurugram,"Vikas Sadan, Gurugram - HSPCB","21-09-2026 11:00:00",28.4501238,77.0263051,PM2.5,25,315,85
India,Haryana,Gurugram,"Vikas Sadan, Gurugram - HSPCB","21-09-2026 11:00:00",28.4501238,77.0263051,NH3,NA,NA,NA
India,Haryana,Gurugram,"Vikas Sadan, Gurugram - HSPCB","21-09-2026 11:00:00",28.4501238,77.0263051,CO,40,103,56
India,Haryana,Gurugram,"Vikas Sadan, Gurugram - HSPCB","21-09-2026 11:00:00",28.4501238,77.0263051,OZONE,2,10,6
India,Haryana,Hisar,"Urban Estate-II, Hisar - HSPCB","21-09-2026 11:00:00",29.14056,75.744941,PM2.5,76,194,126
India,Haryana,Jind,"Police Lines, Jind - HSPCB","21-09-2026 11:00:00",29.307814,76.337619,SO2,27,30,28
India,Haryana,Karnal,"Sector-12, Karnal - HSPCB","21-09-2026 11:00:00",29.6953,77.0027,PM10,31,78,49
India,Haryana,Karnal,"Sector-12, Karnal - HSPCB","21-09-2026 11:00:00",29.6953,77.0027,SO2,12,13,13
India,Karnataka,Bengaluru,"City Railway Station, Bengaluru - KSPCB","21-09-2026 11:00:00",12.9756843,77.5660749,OZONE,NA,NA,NA
India,Karnataka,Bengaluru,"Jigani, Bengaluru - KSPCB","21-09-2026 11:00:00",12.7816279,77.6299145,NH3,NA,NA,NA
India,Karnataka,Bengaluru,"Jigani, Bengaluru - KSPCB","21-09-2026 11:00:00",12.7816279,77.6299145,OZONE,21,21,21
India,Karnataka,Bengaluru,"Bapuji Nagar, Bengaluru - KSPCB","21-09-2026 11:00:00",12.951913,77.539784,PM10,11,107,48
India,Karnataka,Bengaluru,"BTM Layout, Bengaluru - CPCB","21-09-2026 11:00:00",12.9135218,77.5950804,PM2.5,24,30,26
India,Karnataka,Bengaluru,"BTM Layout, Bengaluru - CPCB","21-09-2026 11:00:00",12.9135218,77.5950804,OZONE,21,22,21
India,Karnataka,Chamarajanagar,"Urban, Chamarajanagar - KSPCB","21-09-2026 11:00:00",11.55358,76.55521,NO2,23,30,29
India,Karnataka,Chamarajanagar,"Urban, Chamarajanagar - KSPCB","21-09-2026 11:00:00",11.55358,76.55521,NH3,2,2,2
India,Karnataka,Dharwad,"Kalabhavan, Dharwad - KSPCB","21-09-2026 11:00:00",15.459706,75.008381,PM2.5,48,63,52
India,Haryana,"Yamuna Nagar","Gobind Pura, Yamuna Nagar - HSPCB","21-09-2026 11:00:00",30.1480566,77.2893471,CO,30,51,43
India,"Himachal Pradesh",Baddi,"HIMUDA Complex Phase-1, Baddi - HPPCB","21-09-2026 11:00:00",30.943887,76.801991,PM10,20,158,93
India,"Jammu and Kashmir",Pampore,"Khrew, Pampore - JKPCC","21-09-2026 11:00:00",34.031606,75.009712,PM2.5,16,175,64
India,"Jammu and Kashmir",Srinagar,"Rajbagh, Srinagar - JKPCC","21-09-2026 11:00:00",34.066206,74.81982,NH3,9,9,9
India,Karnataka,Bengaluru,"Hebbal, Bengaluru - KSPCB","21-09-2026 11:00:00",13.029152,77.585901,PM2.5,2,61,19
India,Karnataka,Bengaluru,"Hebbal, Bengaluru - KSPCB","21-09-2026 11:00:00",13.029152,77.585901,OZONE,1,6,2
India,Karnataka,Bengaluru,"Hombegowda Nagar, Bengaluru - KSPCB","21-09-2026 11:00:00",12.938539,77.5901,SO2,1,9,6
India,Karnataka,Bengaluru,"Hombegowda Nagar, Bengaluru - KSPCB","21-09-2026 11:00:00",12.938539,77.5901,CO,16,25,21
India,Maharashtra,Jalna,"Old MIDC, Jalna - MPCB","21-09-2026 11:00:00",19.854616,75.905894,PM10,20,124,81
India,Maharashtra,Jalna,"Old MIDC, Jalna - MPCB","21-09-2026 11:00:00",19.854616,75.905894,OZONE,16,46,31
India,Maharashtra,Kalyan,"Khadakpada, Kalyan - MPCB","21-09-2026 11:00:00",19.25292,73.142019,NO2,37,37,37
India,Maharashtra,Kalyan,"Khadakpada, Kalyan - MPCB","21-09-2026 11:00:00",19.25292,73.142019,NH3,1,1,1
India,Maharashtra,Kolhapur,"Sinchan Bhavan, Kolhapur - MPCB","21-09-2026 11:00:00",16.7143745,74.2426398,PM2.5,13,33,20
India,Maharashtra,Latur,"Sawe Wadi, Latur - MPCB","21-09-2026 11:00:00",18.39963,76.57452,SO2,0,6,3
India,Maharashtra,Latur,"Sawe Wadi, Latur - MPCB","21-09-2026 11:00:00",18.39963,76.57452,OZONE,9,24,16
India,Maharashtra,Mahad,"Kamble Tarf Birwadi, Mahad - MPCB","21-09-2026 11:00:00",18.1023399,73.4783687,NH3,5,5,5
India,Maharashtra,Mahad,"Kamble Tarf Birwadi, Mahad - MPCB","21-09-2026 11:00:00",18.1023399,73.4783687,CO,9,21,17
India,Maharashtra,Malegaon,"Mahesh Nagar, Malegaon - MPCB","21-09-2026 11:00:00",20.555712,74.529236,NO2,16,19,17
India,Maharashtra,Mumbai,"Sion, Mumbai - MPCB","21-09-2026 11:00:00",19.047,72.8746,OZONE,NA,NA,NA
India,Maharashtra,Mumbai,"Chhatrapati Shivaji Intl. Airport (T2), Mumbai - MPCB","21-09-2026 11:00:00",19.10078,72.87462,PM2.5,22,38,29
India,Maharashtra,Mumbai,"Navy Nagar-Colaba, Mumbai - IITM","21-09-2026 11:00:00",18.897756,72.81332,NO2,31,86,47
India,Maharashtra,Mumbai,"Navy Nagar-Colaba, Mumbai - IITM","21-09-2026 11:00:00",18.897756,72.81332,NH3,1,4,2
India,Maharashtra,Mumbai,"Mulund West, Mumbai - MPCB","21-09-2026 11:00:00",19.175,72.9419,PM10,NA,NA,NA
India,Maharashtra,Mumbai,"Mulund West, Mumbai - MPCB","21-09-2026 11:00:00",19.175,72.9419,NO2,12,13,13
India,Maharashtra,Mumbai,"Mulund West, Mumbai - MPCB","21-09-2026 11:00:00",19.175,72.9419,CO,10,10,10
India,Maharashtra,Mumbai,"Shivaji Nagar, Mumbai - BMC","21-09-2026 11:00:00",19.060498,72.923356,NH3,3,7,4
India,Maharashtra,Aurangabad,"More Chowk Waluj, Aurangabad - MPCB","21-09-2026 11:00:00",19.8389439,75.244448,NH3,7,8,7
India,Maharashtra,Badlapur,"Katrap, Badlapur - MPCB","21-09-2026 11:00:00",19.16485,73.23409,SO2,6,9,7
India,Maharashtra,Badlapur,"Katrap, Badlapur - MPCB","21-09-2026 11:00:00",19.16485,73.23409,OZONE,6,7,7
India,Maharashtra,Beed,"Bir, Beed - MPCB","21-09-2026 11:00:00",18.988474,75.753873,SO2,3,9,6
India,Maharashtra,Bhiwandi,"Gokul Nagar, Bhiwandi - MPCB","21-09-2026 11:00:00",19.309073,73.057223,OZONE,16,37,24
India,Maharashtra,Boisar,"Khaira, Boisar - MPCB","21-09-2026 11:00:00",19.786089,72.757971,PM10,50,99,73
India,Maharashtra,Boisar,"Khaira, Boisar - MPCB","21-09-2026 11:00:00",19.786089,72.757971,NH3,5,5,5
India,Maharashtra,Boisar,"Khaira, Boisar - MPCB","21-09-2026 11:00:00",19.786089,72.757971,CO,7,26,16
India,Maharashtra,Chandrapur,"Chauhan Colony, Chandrapur - MPCB","21-09-2026 11:00:00",19.9629,79.298714,NO2,13,17,15
India,Maharashtra,Chandrapur,"Chauhan Colony, Chandrapur - MPCB","21-09-2026 11:00:00",19.9629,79.298714,CO,28,28,28
India,Maharashtra,Chandrapur,"MIDC Khutala, Chandrapur - MPCB","21-09-2026 11:00:00",19.9775302,79.2337086,SO2,0,8,3
India,Maharashtra,Chandrapur,"MIDC Khutala, Chandrapur - MPCB","21-09-2026 11:00:00",19.9775302,79.2337086,CO,37,41,39
India,Maharashtra,Dombivli,"Kalu Nagar, Dombivli - MPCB","21-09-2026 11:00:00",19.2268427,73.0788456,PM10,10,28,21
India,Maharashtra,Dombivli,"Kalu Nagar, Dombivli - MPCB","21-09-2026 11:00:00",19.2268427,73.0788456,CO,9,51,17
India,Maharashtra,Hingoli,"Ashta Vinayak Nagar, Hingoli - MPCB","21-09-2026 11:00:00",19.710842,77.151824,NO2,3,12,6
India,Maharashtra,Hingoli,"Ashta Vinayak Nagar, Hingoli - MPCB","21-09-2026 11:00:00",19.710842,77.151824,SO2,0,8,4
India,Maharashtra,Hingoli,"Ashta Vinayak Nagar, Hingoli - MPCB","21-09-2026 11:00:00",19.710842,77.151824,CO,14,18,16
India,Maharashtra,Jalgaon,"Prabhat Colony, Jalgaon - MPCB","21-09-2026 11:00:00",21.001264,75.565602,NO2,4,69,18
India,Maharashtra,Jalgaon,"Prabhat Colony, Jalgaon - MPCB","21-09-2026 11:00:00",21.001264,75.565602,SO2,3,4,3
India,Maharashtra,Mumbai,"Borivali East, Mumbai - IITM","21-09-2026 11:00:00",19.23241,72.86895,OZONE,12,39,18
India,Maharashtra,Mumbai,"Siddharth Nagar-Worli, Mumbai - IITM","21-09-2026 11:00:00",19.000083,72.813993,PM2.5,11,45,17
India,Maharashtra,Mumbai,"Siddharth Nagar-Worli, Mumbai - IITM","21-09-2026 11:00:00",19.000083,72.813993,NH3,1,1,1
India,Maharashtra,Mumbai,"Siddharth Nagar-Worli, Mumbai - IITM","21-09-2026 11:00:00",19.000083,72.813993,OZONE,4,21,10
India,Maharashtra,Mumbai,"Worli, Mumbai - MPCB","21-09-2026 11:00:00",18.9936162,72.8128113,NO2,7,33,15
India,Maharashtra,Mumbai,"Worli, Mumbai - MPCB","21-09-2026 11:00:00",18.9936162,72.8128113,NH3,NA,NA,NA
India,Maharashtra,Mumbai,"Worli, Mumbai - MPCB","21-09-2026 11:00:00",18.9936162,72.8128113,SO2,0,21,6
India,Maharashtra,Mumbai,"Worli, Mumbai - MPCB","21-09-2026 11:00:00",18.9936162,72.8128113,OZONE,3,12,6
India,Maharashtra,Mumbai,"Ghatkopar, Mumbai - BMC","21-09-2026 11:00:00",19.083694,72.920967,NO2,1,41,11
India,Maharashtra,Mumbai,"Powai, Mumbai - MPCB","21-09-2026 11:00:00",19.1375,72.915056,NH3,NA,NA,NA
India,Maharashtra,Mumbai,"Powai, Mumbai - MPCB","21-09-2026 11:00:00",19.1375,72.915056,SO2,8,8,8
India,Maharashtra,Mumbai,"Powai, Mumbai - MPCB","21-09-2026 11:00:00",19.1375,72.915056,CO,NA,NA,NA
India,Maharashtra,Mumbai,"Mindspace-Malad West, Mumbai - MPCB","21-09-2026 11:00:00",19.1878657,72.8304069,NH3,7,8,8
India,Maharashtra,Mumbai,"Mindspace-Malad West, Mumbai - MPCB","21-09-2026 11:00:00",19.1878657,72.8304069,CO,15,16,15
India,Maharashtra,Mumbai,"Chembur, Mumbai - MPCB","21-09-2026 11:00:00",19.0364585,72.8954371,NH3,5,8,6
India,Maharashtra,Mumbai,"Malad West, Mumbai - IITM","21-09-2026 11:00:00",19.19709,72.82204,OZONE,4,27,18
India,Maharashtra,Nagpur,"Mahal, Nagpur - MPCB","21-09-2026 11:00:00",21.14472,79.107595,PM2.5,31,78,51
India,Maharashtra,Nagpur,"Mahal, Nagpur - MPCB","21-09-2026 11:00:00",21.14472,79.107595,OZONE,9,37,23
India,Maharashtra,Nagpur,"Opp GPO Civil Lines, Nagpur - MPCB","21-09-2026 11:00:00",21.152875,79.0517531,PM10,24,65,45
India,Maharashtra,Pune,"Savitribai Phule Pune University, Pune - MPCB","21-09-2026 11:00:00",18.547056,73.826908,NO2,8,20,14
India,Maharashtra,Pune,"Savitribai Phule Pune University, Pune - MPCB","21-09-2026 11:00:00",18.547056,73.826908,SO2,3,5,4
India,Maharashtra,Pune,"Hadapsar, Pune - IITM","21-09-2026 11:00:00",18.501793,73.927532,NO2,9,26,16
India,Maharashtra,Pune,"Hadapsar, Pune - IITM","21-09-2026 11:00:00",18.501793,73.927532,NH3,NA,NA,NA
India,Maharashtra,Pune,"Katraj Dairy, Pune - MPCB","21-09-2026 11:00:00",18.45445,73.854155,NO2,11,17,14
India,Maharashtra,Pune,"Katraj Dairy, Pune - MPCB","21-09-2026 11:00:00",18.45445,73.854155,NH3,1,2,1
India,Maharashtra,Pune,"Revenue Colony-Shivajinagar, Pune - IITM","21-09-2026 11:00:00",18.530085,73.849598,PM2.5,38,127,61
India,Maharashtra,Pune,"Revenue Colony-Shivajinagar, Pune - IITM","21-09-2026 11:00:00",18.530085,73.849598,OZONE,11,37,18
India,Maharashtra,Pune,"Mhada Colony, Pune - IITM","21-09-2026 11:00:00",18.57304,73.927715,PM2.5,51,69,60
India,Maharashtra,Pune,"Mhada Colony, Pune - IITM","21-09-2026 11:00:00",18.57304,73.927715,NH3,NA,NA,NA
India,Maharashtra,Sangli,"Vijay Nagar, Sangli - MPCB","21-09-2026 11:00:00",16.5038,74.3623,NO2,3,24,10
India,Maharashtra,Satara,"Koyana Nagar, Satara - MPCB","21-09-2026 11:00:00",17.696651,74.003387,PM2.5,5,152,47
India,Maharashtra,Satara,"Koyana Nagar, Satara - MPCB","21-09-2026 11:00:00",17.696651,74.003387,SO2,3,7,5
India,Maharashtra,Satara,"Koyana Nagar, Satara - MPCB","21-09-2026 11:00:00",17.696651,74.003387,CO,14,23,19
India,Maharashtra,Solapur,"Ratandeep Housing Society, Solapur - MPCB","21-09-2026 11:00:00",17.65439,75.90649,PM2.5,26,65,43
India,Maharashtra,"Navi Mumbai","Mahape, Navi Mumbai - MPCB","21-09-2026 11:00:00",19.1135051,73.008978,NH3,1,1,1
India,Maharashtra,Parbhani,"Masoom Colony, Parbhani - MPCB","21-09-2026 11:00:00",19.265594,76.761463,PM2.5,48,94,62
India,Maharashtra,Parbhani,"Masoom Colony, Parbhani - MPCB","21-09-2026 11:00:00",19.265594,76.761463,NH3,3,3,3
India,Maharashtra,Parbhani,"Masoom Colony, Parbhani - MPCB","21-09-2026 11:00:00",19.265594,76.761463,CO,9,15,12
India,Maharashtra,Pimpri-Chinchwad,"Bhosari, Pune - IITM","21-09-2026 11:00:00",18.640051,73.848956,PM2.5,36,71,54
India,Maharashtra,Pimpri-Chinchwad,"Gavalinagar, Pimpri Chinchwad - MPCB","21-09-2026 11:00:00",18.63673,73.82487,NH3,0,1,0
India,Maharashtra,Pimpri-Chinchwad,"Bhumkar Nagar, Pune - IITM","21-09-2026 11:00:00",18.60577,73.749976,PM2.5,22,58,38
India,Maharashtra,Pimpri-Chinchwad,"Park Street Wakad, Pimpri Chinchwad - MPCB","21-09-2026 11:00:00",18.59051,73.77946,NH3,2,3,3
India,Maharashtra,Pimpri-Chinchwad,"Park Street Wakad, Pimpri Chinchwad - MPCB","21-09-2026 11:00:00",18.59051,73.77946,OZONE,6,51,21
India,Maharashtra,Pimpri-Chinchwad,"Transport Nagar-Nigdi, Pune - IITM","21-09-2026 11:00:00",18.664282,73.763966,CO,14,38,24
India,Maharashtra,Pune,"Panchawati_Pashan, Pune - IITM","21-09-2026 11:00:00",18.536457,73.805454,NO2,4,13,9
India,Maharashtra,Pune,"Savitribai Phule Pune University, Pune - MPCB","21-09-2026 11:00:00",18.547056,73.826908,PM2.5,8,9,8
India,Meghalaya,Byrnihat,"15th Mile-Nongthymmai, Byrnihat -Meghalaya PCB","21-09-2026 11:00:00",26.079047,91.875185,NH3,0,1,0
India,Nagaland,Kohima,"PWD Junction, Kohima - NPCB","21-09-2026 11:00:00",25.6635413,94.0989878,PM2.5,1,57,13
India,Nagaland,Kohima,"PWD Junction, Kohima - NPCB","21-09-2026 11:00:00",25.6635413,94.0989878,NH3,1,1,1
India,Odisha,Angul,"Hakimapada, Angul - OSPCB","21-09-2026 11:00:00",20.832874,85.104082,PM10,34,162,85
India,Odisha,Angul,"Hakimapada, Angul - OSPCB","21-09-2026 11:00:00",20.832874,85.104082,NH3,2,18,6
India,Odisha,Balasore,"Kalidaspur, Balasore - OSPCB","21-09-2026 11:00:00",21.51161,86.89088,PM10,1,43,17
India,Odisha,Balasore,"Kalidaspur, Balasore - OSPCB","21-09-2026 11:00:00",21.51161,86.89088,NO2,0,9,5
India,Odisha,Barbil,"Forest Office, Barbil - OSPCB","21-09-2026 11:00:00",22.1166054,85.3945546,PM10,16,69,41
India,Odisha,Barbil,"Forest Office, Barbil - OSPCB","21-09-2026 11:00:00",22.1166054,85.3945546,SO2,7,16,11
India,Odisha,Baripada,"Meher Colony, Baripada - OSPCB","21-09-2026 11:00:00",21.941841,86.728318,PM2.5,2,35,13
India,Odisha,Baripada,"Meher Colony, Baripada - OSPCB","21-09-2026 11:00:00",21.941841,86.728318,SO2,5,8,6
India,Odisha,Bhubaneswar,"Lingraj Mandir, Bhubaneswar - OSPCB","21-09-2026 11:00:00",20.24079,85.836784,OZONE,13,24,18
India,Maharashtra,Nagpur,"Ambazari, Nagpur - MPCB","21-09-2026 11:00:00",21.121801,79.04952,NO2,6,15,10
India,Maharashtra,Nanded,"Sneh Nagar, Nanded - MPCB","21-09-2026 11:00:00",19.173852,77.296291,CO,20,25,22
India,Maharashtra,Nashik,"Pandav Nagari, Nashik - MPCB","21-09-2026 11:00:00",19.9591346,73.7788008,NO2,3,9,5
India,Maharashtra,Nashik,"Hirawadi, Nashik - MPCB","21-09-2026 11:00:00",20.021503,73.813844,PM10,67,114,89
India,Maharashtra,Nashik,"Hirawadi, Nashik - MPCB","21-09-2026 11:00:00",20.021503,73.813844,NO2,1,8,4
India,Maharashtra,Nashik,"MIDC Ambad, Nashik - MPCB","21-09-2026 11:00:00",19.95022,73.73148,PM2.5,35,64,51
India,Maharashtra,Nashik,"MIDC Ambad, Nashik - MPCB","21-09-2026 11:00:00",19.95022,73.73148,NO2,6,17,10
India,Maharashtra,"Navi Mumbai","Kopripada-Vashi, Navi Mumbai - MPCB","21-09-2026 11:00:00",19.090337,73.014232,PM2.5,29,140,75
India,Maharashtra,"Navi Mumbai","Kopripada-Vashi, Navi Mumbai - MPCB","21-09-2026 11:00:00",19.090337,73.014232,NO2,8,25,16
India,Maharashtra,"Navi Mumbai","Kopripada-Vashi, Navi Mumbai - MPCB","21-09-2026 11:00:00",19.090337,73.014232,NH3,0,2,1
India,Maharashtra,"Navi Mumbai","Nerul, Navi Mumbai - MPCB","21-09-2026 11:00:00",19.008751,73.01662,PM2.5,20,66,36
India,Maharashtra,"Navi Mumbai","Sector-2E Kalamboli, Navi Mumbai - MPCB","21-09-2026 11:00:00",19.02579,73.10297,PM2.5,30,70,50
India,Maharashtra,Mumbai,"Shivaji Nagar, Mumbai - BMC","21-09-2026 11:00:00",19.060498,72.923356,CO,8,20,13
India,Maharashtra,Mumbai,"Sewri, Mumbai - BMC","21-09-2026 11:00:00",19.000084,72.85673,CO,26,47,32
India,Maharashtra,Mumbai,"Sewri, Mumbai - BMC","21-09-2026 11:00:00",19.000084,72.85673,OZONE,4,36,12
India,Maharashtra,Mumbai,"Kandivali West, Mumbai - BMC","21-09-2026 11:00:00",19.215859,72.831718,NH3,1,2,2
India,Maharashtra,Mumbai,"Chakala-Andheri East, Mumbai - IITM","21-09-2026 11:00:00",19.11074,72.86084,OZONE,5,13,8
India,Maharashtra,Mumbai,"Kurla, Mumbai - MPCB","21-09-2026 11:00:00",19.0863,72.8888,SO2,29,29,29
India,Maharashtra,Mumbai,"Byculla, Mumbai - BMC","21-09-2026 11:00:00",18.9767,72.838,NO2,8,47,23
India,Maharashtra,Mumbai,"Byculla, Mumbai - BMC","21-09-2026 11:00:00",18.9767,72.838,NH3,1,6,3
India,Maharashtra,Mumbai,"Kherwadi_Bandra East, Mumbai - MPCB","21-09-2026 11:00:00",19.0632143,72.8456324,PM2.5,34,69,48
India,Maharashtra,Mumbai,"Kherwadi_Bandra East, Mumbai - MPCB","21-09-2026 11:00:00",19.0632143,72.8456324,NO2,4,10,6
India,Maharashtra,Mumbai,"Kherwadi_Bandra East, Mumbai - MPCB","21-09-2026 11:00:00",19.0632143,72.8456324,NH3,5,5,5
India,Maharashtra,Solapur,"Ratandeep Housing Society, Solapur - MPCB","21-09-2026 11:00:00",17.65439,75.90649,CO,14,39,25
India,Maharashtra,Thane,"Kasarvadavali, Thane - MPCB","21-09-2026 11:00:00",19.26777,72.97182,SO2,5,6,6
India,Maharashtra,Ulhasnagar,"Sidhi Vinayak Nagar, Ulhasnagar - MPCB","21-09-2026 11:00:00",19.235581,73.159121,PM2.5,47,121,83
India,Maharashtra,Ulhasnagar,"Sidhi Vinayak Nagar, Ulhasnagar - MPCB","21-09-2026 11:00:00",19.235581,73.159121,NO2,10,12,10
India,Maharashtra,Ulhasnagar,"Sidhi Vinayak Nagar, Ulhasnagar - MPCB","21-09-2026 11:00:00",19.235581,73.159121,SO2,1,42,9
India,Maharashtra,Virar,"Bolinj, Virar - MPCB","21-09-2026 11:00:00",19.445821,72.7988231,CO,15,99,36
India,Rajasthan,Tonk,"Shastri Nagar, Tonk - RSPCB","21-09-2026 11:00:00",26.159933,75.780517,SO2,1,7,3
India,Rajasthan,Tonk,"Shastri Nagar, Tonk - RSPCB","21-09-2026 11:00:00",26.159933,75.780517,CO,2,105,56
India,Rajasthan,Udaipur,"Ashok Nagar, Udaipur - RSPCB","21-09-2026 11:00:00",24.5886166,73.6321397,OZONE,1,22,7
India,Sikkim,Gangtok,"Zero Point GICI, Gangtok - SSPCB","21-09-2026 11:00:00",27.33853,88.614099,NH3,1,28,3
India,"Tamil Nadu",Chennai,"Manali Village, Chennai - TNPCB","21-09-2026 11:00:00",13.1662,80.2584,SO2,11,12,11
India,"Tamil Nadu",Chennai,"Manali, Chennai - CPCB","21-09-2026 11:00:00",13.164544,80.26285,PM2.5,15,30,23
India,"Tamil Nadu",Chennai,"Velachery Res. Area, Chennai - CPCB","21-09-2026 11:00:00",13.0052189,80.2398125,PM2.5,34,34,34
India,"Tamil Nadu",Chennai,"Velachery Res. Area, Chennai - CPCB","21-09-2026 11:00:00",13.0052189,80.2398125,PM10,61,94,77
India,"Tamil Nadu",Chennai,"Velachery Res. Area, Chennai - CPCB","21-09-2026 11:00:00",13.0052189,80.2398125,NO2,11,12,12
India,"Tamil Nadu",Chennai,"Velachery Res. Area, Chennai - CPCB","21-09-2026 11:00:00",13.0052189,80.2398125,OZONE,5,10,8
India,Telangana,Hyderabad,"Kompally Municipal Office, Hyderabad - TSPCB","21-09-2026 11:00:00",17.544899,78.486949,CO,14,19,17
India,Telangana,Hyderabad,"Kompally Municipal Office, Hyderabad - TSPCB","21-09-2026 11:00:00",17.544899,78.486949,OZONE,11,12,11
India,Telangana,Hyderabad,"Ramachandrapuram, Hyderabad - TSPCB","21-09-2026 11:00:00",17.528544,78.286195,PM2.5,40,48,41
India,Telangana,Hyderabad,"Ramachandrapuram, Hyderabad - TSPCB","21-09-2026 11:00:00",17.528544,78.286195,NH3,3,4,4
India,Telangana,Hyderabad,"Zoo Park, Hyderabad - TSPCB","21-09-2026 11:00:00",17.349694,78.451437,PM2.5,25,63,44
India,Telangana,Hyderabad,"Zoo Park, Hyderabad - TSPCB","21-09-2026 11:00:00",17.349694,78.451437,PM10,29,72,51
India,Telangana,Hyderabad,"Zoo Park, Hyderabad - TSPCB","21-09-2026 11:00:00",17.349694,78.451437,NO2,3,3,3
India,Telangana,Hyderabad,"Zoo Park, Hyderabad - TSPCB","21-09-2026 11:00:00",17.349694,78.451437,SO2,1,1,1
India,Telangana,Hyderabad,"Kokapet, Hyderabad - TSPCB","21-09-2026 11:00:00",17.393559,78.339194,NO2,12,14,13
India,Telangana,Hyderabad,"Kokapet, Hyderabad - TSPCB","21-09-2026 11:00:00",17.393559,78.339194,CO,19,25,20
India,Telangana,Hyderabad,"Kokapet, Hyderabad - TSPCB","21-09-2026 11:00:00",17.393559,78.339194,OZONE,15,20,16
India,Telangana,Hyderabad,"New Malakpet, Hyderabad - TSPCB","21-09-2026 11:00:00",17.37206,78.50864,NH3,2,3,3
India,Odisha,Rourkela,"Sector-2, Rourkela - OSPCB","21-09-2026 11:00:00",22.245,84.88111111,SO2,NA,NA,NA
India,Odisha,Rourkela,"Sector-2, Rourkela - OSPCB","21-09-2026 11:00:00",22.245,84.88111111,CO,10,12,11
India,Odisha,Tensa,"Barsua Iron Ore Mines, Tensa - OSPCB","21-09-2026 11:00:00",21.869985,85.167016,PM2.5,9,35,17
India,Odisha,Tensa,"Barsua Iron Ore Mines, Tensa - OSPCB","21-09-2026 11:00:00",21.869985,85.167016,NH3,NA,NA,NA
India,Odisha,Tensa,"Barsua Iron Ore Mines, Tensa - OSPCB","21-09-2026 11:00:00",21.869985,85.167016,SO2,NA,NA,NA
India,Puducherry,Puducherry,"Jawahar Nagar, Puducherry - PPCC","21-09-2026 11:00:00",11.9309,79.8027,NH3,1,3,2
India,Punjab,Amritsar,"Golden Temple, Amritsar - PPCB","21-09-2026 11:00:00",31.62,74.876512,NO2,20,56,28
India,Punjab,Amritsar,"Golden Temple, Amritsar - PPCB","21-09-2026 11:00:00",31.62,74.876512,CO,20,32,25
India,Punjab,Jalandhar,"Civil Line, Jalandhar - PPCB","21-09-2026 11:00:00",31.321907,75.578914,SO2,15,16,15
India,Punjab,Khanna,"Kalal Majra, Khanna - PPCB","21-09-2026 11:00:00",30.736056,76.209694,PM2.5,29,51,41
India,Punjab,Khanna,"Kalal Majra, Khanna - PPCB","21-09-2026 11:00:00",30.736056,76.209694,PM10,49,89,71
India,Punjab,Ludhiana,"Punjab Agricultural University, Ludhiana - PPCB","21-09-2026 11:00:00",30.9028,75.8086,PM10,56,100,81
India,Punjab,Ludhiana,"Punjab Agricultural University, Ludhiana - PPCB","21-09-2026 11:00:00",30.9028,75.8086,CO,10,19,13
India,Punjab,"Mandi Gobindgarh","RIMT University, Mandi Gobindgarh - PPCB","21-09-2026 11:00:00",30.649961,76.331442,NH3,5,5,5
India,Punjab,"Mandi Gobindgarh","RIMT University, Mandi Gobindgarh - PPCB","21-09-2026 11:00:00",30.649961,76.331442,CO,30,69,48
India,Punjab,Patiala,"Model Town, Patiala - PPCB","21-09-2026 11:00:00",30.349388,76.366642,PM2.5,32,76,46
India,Punjab,Patiala,"Model Town, Patiala - PPCB","21-09-2026 11:00:00",30.349388,76.366642,CO,18,43,31
India,Punjab,Patiala,"Model Town, Patiala - PPCB","21-09-2026 11:00:00",30.349388,76.366642,OZONE,11,17,12
India,Punjab,Rupnagar,"Ratanpura, Rupnagar - Ambuja Cements","21-09-2026 11:00:00",31.0325454,76.5623046,PM2.5,7,71,29
India,Rajasthan,Hanumangarh,"Housing Board, Hanumangarh - RSPCB","21-09-2026 11:00:00",29.61075,74.283608,SO2,3,4,3
India,Rajasthan,Hanumangarh,"Housing Board, Hanumangarh - RSPCB","21-09-2026 11:00:00",29.61075,74.283608,OZONE,14,53,22
India,Rajasthan,Jaipur,"Shastri Nagar, Jaipur - RSPCB","21-09-2026 11:00:00",26.9502929,75.730943,OZONE,21,60,36
India,Rajasthan,Jaipur,"Adarsh Nagar, Jaipur - RSPCB","21-09-2026 11:00:00",26.902909,75.836858,NH3,4,10,5
India,Rajasthan,Jaipur,"Adarsh Nagar, Jaipur - RSPCB","21-09-2026 11:00:00",26.902909,75.836858,CO,21,57,37
India,Rajasthan,Jaipur,"Mansarovar Sector-12, Jaipur - RSPCB","21-09-2026 11:00:00",26.843698,75.766894,NO2,NA,NA,NA
India,Rajasthan,Jaipur,"Mansarovar Sector-12, Jaipur - RSPCB","21-09-2026 11:00:00",26.843698,75.766894,CO,13,13,13
India,Rajasthan,Jaipur,"Mansarovar Sector-12, Jaipur - RSPCB","21-09-2026 11:00:00",26.843698,75.766894,OZONE,72,72,72
India,Rajasthan,Jaipur,"Police Commissionerate, Jaipur - RSPCB","21-09-2026 11:00:00",26.9164092,75.7994901,PM2.5,81,126,102
India,Rajasthan,Jaipur,"Police Commissionerate, Jaipur - RSPCB","21-09-2026 11:00:00",26.9164092,75.7994901,CO,17,81,44
India,Rajasthan,Jaipur,"Sector-2 Murlipura, Jaipur - RSPCB","21-09-2026 11:00:00",26.960669,75.771817,NO2,8,61,19
India,Rajasthan,Jaipur,"RIICO Sitapura, Jaipur - RSPCB","21-09-2026 11:00:00",26.786682,75.827928,NH3,1,3,2
India,Rajasthan,Jaisalmer,"Sadar Bazar, Jaisalmer - RSPCB","21-09-2026 11:00:00",26.912329,70.909168,PM2.5,17,62,36
India,Rajasthan,Jalore,"Mudtra Sili, Jalore - RSPCB","21-09-2026 11:00:00",25.344694,72.626208,NO2,5,18,9
India,Rajasthan,Jhalawar,"Rajlaxmi Nagar, Jhalawar - RSPCB","21-09-2026 11:00:00",24.588397,76.172782,NO2,21,39,29
India,Rajasthan,Jhunjhunu,"Indra Nagar, Jhunjhunu - RSPCB","21-09-2026 11:00:00",28.108988,75.386577,PM2.5,41,160,85
India,Rajasthan,Jhunjhunu,"Indra Nagar, Jhunjhunu - RSPCB","21-09-2026 11:00:00",28.108988,75.386577,PM10,98,178,127
India,Rajasthan,Jhunjhunu,"Indra Nagar, Jhunjhunu - RSPCB","21-09-2026 11:00:00",28.108988,75.386577,SO2,0,1,0
India,Rajasthan,Jodhpur,"Collectorate, Jodhpur - RSPCB","21-09-2026 11:00:00",26.268249,73.0193853,PM10,64,157,109
India,Rajasthan,Jodhpur,"Collectorate, Jodhpur - RSPCB","21-09-2026 11:00:00",26.268249,73.0193853,SO2,8,17,12
India,Rajasthan,Jodhpur,"Collectorate, Jodhpur - RSPCB","21-09-2026 11:00:00",26.268249,73.0193853,OZONE,22,44,32
India,Rajasthan,Jodhpur,"Jhalamand, Jodhpur - RSPCB","21-09-2026 11:00:00",26.215415,73.070156,NH3,7,37,18
India,Rajasthan,Jodhpur,"Samrat Ashok Udhyan, Jodhpur - RSPCB","21-09-2026 11:00:00",26.253384,72.976571,OZONE,1,54,18
India,Rajasthan,Jodhpur,"Mandor, Jodhpur - RSPCB","21-09-2026 11:00:00",26.358805,73.047444,NO2,NA,NA,NA
India,Rajasthan,Jodhpur,"Mandor, Jodhpur - RSPCB","21-09-2026 11:00:00",26.358805,73.047444,NH3,3,19,13
India,Rajasthan,Jodhpur,"Digari Kalan, Jodhpur - RSPCB","21-09-2026 11:00:00",26.29581,73.082283,NO2,10,67,31
India,Rajasthan,Jodhpur,"Digari Kalan, Jodhpur - RSPCB","21-09-2026 11:00:00",26.29581,73.082283,NH3,18,36,23
India,Rajasthan,Jodhpur,"Digari Kalan, Jodhpur - RSPCB","21-09-2026 11:00:00",26.29581,73.082283,CO,20,35,26
India,Rajasthan,Karauli,"Satyawati Vihar, Karauli - RSPCB","21-09-2026 11:00:00",26.506177,77.025989,NH3,2,3,3
India,Rajasthan,Karauli,"Satyawati Vihar, Karauli - RSPCB","21-09-2026 11:00:00",26.506177,77.025989,SO2,1,7,3
India,Rajasthan,Khairthal,"New Anaj Mandi, Khairthal - RSPCB","21-09-2026 11:00:00",27.8015617,76.6365217,PM10,145,188,166
India,Rajasthan,Kota,"Nayapura, Kota - RSPCB","21-09-2026 11:00:00",25.196024,75.855668,CO,13,27,20
India,Rajasthan,Kota,"Shrinath Puram, Kota - RSPCB","21-09-2026 11:00:00",25.14389,75.821256,PM2.5,42,83,63
India,Rajasthan,Kota,"Shrinath Puram, Kota - RSPCB","21-09-2026 11:00:00",25.14389,75.821256,NO2,3,19,8
India,Rajasthan,Kota,"Shrinath Puram, Kota - RSPCB","21-09-2026 11:00:00",25.14389,75.821256,OZONE,4,8,5
India,Telangana,Hyderabad,"Central University, Hyderabad - TSPCB","21-09-2026 11:00:00",17.460103,78.334361,SO2,2,11,7
India,Telangana,Hyderabad,"IITH Kandi, Hyderabad - TSPCB","21-09-2026 11:00:00",17.585705,78.126199,NH3,3,3,3
India,Telangana,Hyderabad,"Nacharam_TSIIC IALA, Hyderabad - TSPCB","21-09-2026 11:00:00",17.429398,78.569354,PM2.5,NA,NA,NA
India,Telangana,Hyderabad,"ICRISAT Patancheru, Hyderabad - TSPCB","21-09-2026 11:00:00",17.5184,78.278777,NH3,0,2,1
India,Telangana,Hyderabad,"ICRISAT Patancheru, Hyderabad - TSPCB","21-09-2026 11:00:00",17.5184,78.278777,SO2,5,12,8
India,Telangana,Hyderabad,"ICRISAT Patancheru, Hyderabad - TSPCB","21-09-2026 11:00:00",17.5184,78.278777,OZONE,12,32,22
India,Telangana,Hyderabad,"IDA Pashamylaram, Hyderabad - TSPCB","21-09-2026 11:00:00",17.5316895,78.218939,PM10,36,86,54
India,Telangana,Hyderabad,"Sanathnagar, Hyderabad - TSPCB","21-09-2026 11:00:00",17.4559458,78.4332152,SO2,2,19,10
India,Telangana,Hyderabad,"Somajiguda, Hyderabad - TSPCB","21-09-2026 11:00:00",17.417094,78.457437,PM2.5,70,132,92
India,Telangana,Hyderabad,"Somajiguda, Hyderabad - TSPCB","21-09-2026 11:00:00",17.417094,78.457437,PM10,71,112,90
India,Telangana,Hyderabad,"Somajiguda, Hyderabad - TSPCB","21-09-2026 11:00:00",17.417094,78.457437,CO,10,57,24
India,Telangana,Hyderabad,"Somajiguda, Hyderabad - TSPCB","21-09-2026 11:00:00",17.417094,78.457437,OZONE,17,25,18
India,Tripura,Agartala,"Bardowali, Agartala - Tripura SPCB","21-09-2026 11:00:00",23.8175497,91.2726974,PM2.5,14,59,35
India,Tripura,Agartala,"Bardowali, Agartala - Tripura SPCB","21-09-2026 11:00:00",23.8175497,91.2726974,NH3,NA,NA,NA
India,"Uttar Pradesh",Agra,"Manoharpur, Agra - UPPCB","21-09-2026 11:00:00",27.23711,78.01936,PM2.5,NA,NA,NA
India,"Uttar Pradesh",Agra,"Manoharpur, Agra - UPPCB","21-09-2026 11:00:00",27.23711,78.01936,OZONE,5,6,5
India,Rajasthan,Kota,"Dhanmandi, Kota - RSPCB","21-09-2026 11:00:00",25.16409,75.858137,OZONE,41,41,41
India,Rajasthan,Nagaur,"Karni Colony, Nagaur - RSPCB","21-09-2026 11:00:00",27.213494,73.734444,SO2,2,8,3
India,Rajasthan,Pratapgarh,"Pragati Nagar, Pratapgarh - RSPCB","21-09-2026 11:00:00",24.041198,74.780702,NH3,3,4,3
India,Rajasthan,Pratapgarh,"Pragati Nagar, Pratapgarh - RSPCB","21-09-2026 11:00:00",24.041198,74.780702,SO2,3,8,3
India,Rajasthan,Rajsamand,"Dhoinda, Rajsamand - RSPCB","21-09-2026 11:00:00",25.03636,73.883502,PM10,36,98,57
India,Rajasthan,"Sawai Madhopur","Sahu Nagar, Sawai Madhopur - RSPCB","21-09-2026 11:00:00",26.031443,76.359327,PM2.5,8,151,39
India,Rajasthan,"Sawai Madhopur","Sahu Nagar, Sawai Madhopur - RSPCB","21-09-2026 11:00:00",26.031443,76.359327,SO2,1,8,5
India,Rajasthan,Sikar,"Radhakishan Pura, Sikar - RSPCB","21-09-2026 11:00:00",27.608912,75.153302,PM10,NA,NA,NA
India,Rajasthan,Sikar,"Radhakishan Pura, Sikar - RSPCB","21-09-2026 11:00:00",27.608912,75.153302,NO2,5,51,15
India,Rajasthan,Sikar,"Radhakishan Pura, Sikar - RSPCB","21-09-2026 11:00:00",27.608912,75.153302,SO2,3,5,4
India,Rajasthan,Sirohi,"Vedhaynath Colony, Sirohi - RSPCB","21-09-2026 11:00:00",24.885261,72.857549,PM2.5,13,95,30
India,Rajasthan,Sirohi,"Vedhaynath Colony, Sirohi - RSPCB","21-09-2026 11:00:00",24.885261,72.857549,OZONE,13,79,41
India,Rajasthan,Tonk,"Shastri Nagar, Tonk - RSPCB","21-09-2026 11:00:00",26.159933,75.780517,PM2.5,37,113,65
India,Rajasthan,Tonk,"Shastri Nagar, Tonk - RSPCB","21-09-2026 11:00:00",26.159933,75.780517,PM10,64,117,96
India,Odisha,Bhubaneswar,"Patia, Bhubaneswar - OSPCB","21-09-2026 11:00:00",20.34652,85.8163,NO2,7,18,10
India,Odisha,Brajrajnagar,"GM Office, Brajrajnagar - OSPCB","21-09-2026 11:00:00",21.8004996,83.8396977,OZONE,42,42,42
India,Odisha,Byasanagar,"Ferro Chrome Colony, Byasanagar - OSPCB","21-09-2026 11:00:00",20.94185,86.1151,PM2.5,13,65,38
India,Odisha,Cuttack,"CDA Area, Cuttack - OSPCB","21-09-2026 11:00:00",20.48891,85.84768,SO2,3,23,7
India,Odisha,Cuttack,"CDA Area, Cuttack - OSPCB","21-09-2026 11:00:00",20.48891,85.84768,CO,31,61,42
India,Odisha,Keonjhar,"Jagamohanpur, Keonjhar - OSPCB","21-09-2026 11:00:00",21.6439,85.599355,CO,42,45,44
India,Odisha,Nayagarh,"Dabuna, Nayagarh - OSPCB","21-09-2026 11:00:00",21.847279,85.416905,OZONE,13,13,13
India,Odisha,Paradeep,"Nua Sandhakuda, Paradeep - OSPCB","21-09-2026 11:00:00",20.258828,86.665185,NO2,22,33,24
India,Odisha,Rourkela,"Fertilizer Township, Rourkela - OSPCB","21-09-2026 11:00:00",22.18972222,84.86277778,NO2,11,11,11
India,Odisha,Rourkela,"Raghunathpali, Rourkela - OSPCB","21-09-2026 11:00:00",22.220833,84.809444,NH3,6,10,8
India,Odisha,Rourkela,"Sector-2, Rourkela - OSPCB","21-09-2026 11:00:00",22.245,84.88111111,PM10,NA,NA,NA
India,Rajasthan,Ajmer,"Civil Lines,  Ajmer - RSPCB","21-09-2026 11:00:00",26.470859,74.646594,PM10,52,129,86
India,Rajasthan,Alwar,"Vigyan Nagar, Alwar - RSPCB","21-09-2026 11:00:00",27.598796,76.63861,SO2,7,8,7
India,Rajasthan,Alwar,"Moti Doongri, Alwar - RSPCB","21-09-2026 11:00:00",27.554793,76.611536,NO2,35,78,44
India,Rajasthan,Banswara,"Rati Talai, Banswara - RSPCB","21-09-2026 11:00:00",23.55519,74.44001,PM2.5,17,58,28
India,Rajasthan,Banswara,"Rati Talai, Banswara - RSPCB","21-09-2026 11:00:00",23.55519,74.44001,PM10,30,95,61
India,Rajasthan,Banswara,"Rati Talai, Banswara - RSPCB","21-09-2026 11:00:00",23.55519,74.44001,SO2,8,20,9
India,Rajasthan,Baran,"Bamboliya, Baran - RSPCB","21-09-2026 11:00:00",25.106006,76.469948,PM10,25,55,40
India,Rajasthan,Baran,"Bamboliya, Baran - RSPCB","21-09-2026 11:00:00",25.106006,76.469948,CO,32,39,34
India,Rajasthan,Baran,"Bamboliya, Baran - RSPCB","21-09-2026 11:00:00",25.106006,76.469948,OZONE,5,34,13
India,Rajasthan,Barmer,"Railway Colony, Barmer - RSPCB","21-09-2026 11:00:00",25.747299,71.393989,PM10,47,143,76
India,Rajasthan,Bharatpur,"Krishna Nagar, Bharatpur - RSPCB","21-09-2026 11:00:00",27.215415,77.50873,PM2.5,23,53,34
India,Rajasthan,Bharatpur,"Krishna Nagar, Bharatpur - RSPCB","21-09-2026 11:00:00",27.215415,77.50873,OZONE,34,86,56
India,Rajasthan,Bhilwara,"Pratap Nagar, Bhilwara - RSPCB","21-09-2026 11:00:00",25.339605,74.618883,NO2,9,20,14
India,Rajasthan,Bhilwara,"Pratap Nagar, Bhilwara - RSPCB","21-09-2026 11:00:00",25.339605,74.618883,NH3,3,8,5
India,Rajasthan,Bhiwadi,"Vasundhara Nagar_UIT, Bhiwadi - RSPCB","21-09-2026 11:00:00",28.207266,76.829265,NO2,16,111,32
India,Rajasthan,Bhiwadi,"Vasundhara Nagar_UIT, Bhiwadi - RSPCB","21-09-2026 11:00:00",28.207266,76.829265,SO2,1,5,4
India,Rajasthan,Bhiwadi,"RIICO Ind. Area III, Bhiwadi - RSPCB","21-09-2026 11:00:00",28.194909,76.862296,SO2,4,38,9
India,Rajasthan,Bundi,"New Colony, Bundi - RSPCB","21-09-2026 11:00:00",25.435774,75.644272,NO2,14,34,23
India,Rajasthan,Churu,"Subash Chowk, Churu - RSPCB","21-09-2026 11:00:00",28.296139,74.961696,NO2,2,17,9
India,"West Bengal",Durgapur,"Womens College_City Center, Durgapur - WBPCB","21-09-2026 11:00:00",23.549395,87.300496,CO,37,38,38
India,"West Bengal",Durgapur,"Womens College_City Center, Durgapur - WBPCB","21-09-2026 11:00:00",23.549395,87.300496,OZONE,15,20,17
India,"West Bengal",Haldia,"Priyambada Housing Estate, Haldia - WBPCB","21-09-2026 11:00:00",22.06047,88.109737,PM2.5,13,111,30
India,"West Bengal",Haldia,"Priyambada Housing Estate, Haldia - WBPCB","21-09-2026 11:00:00",22.06047,88.109737,NO2,10,33,15
India,"West Bengal",Haldia,"Priyambada Housing Estate, Haldia - WBPCB","21-09-2026 11:00:00",22.06047,88.109737,SO2,12,13,12
India,"West Bengal",Howrah,"Ghusuri, Howrah - WBPCB","21-09-2026 11:00:00",22.611968,88.347422,PM2.5,21,55,33
India,"West Bengal",Howrah,"Ghusuri, Howrah - WBPCB","21-09-2026 11:00:00",22.611968,88.347422,PM10,28,69,42
India,"West Bengal",Howrah,"Ghusuri, Howrah - WBPCB","21-09-2026 11:00:00",22.611968,88.347422,NH3,7,15,11
India,"West Bengal",Howrah,"Ghusuri, Howrah - WBPCB","21-09-2026 11:00:00",22.611968,88.347422,CO,23,29,26
India,"West Bengal",Howrah,"Padmapukur, Howrah - WBPCB","21-09-2026 11:00:00",22.5687319,88.2797276,NO2,15,53,30
India,"West Bengal",Howrah,"Padmapukur, Howrah - WBPCB","21-09-2026 11:00:00",22.5687319,88.2797276,NH3,3,11,7
India,"West Bengal",Howrah,"Padmapukur, Howrah - WBPCB","21-09-2026 11:00:00",22.5687319,88.2797276,CO,50,56,53
India,"West Bengal",Howrah,"Padmapukur, Howrah - WBPCB","21-09-2026 11:00:00",22.5687319,88.2797276,OZONE,8,16,11
India,"West Bengal",Howrah,"Botanical Garden, Howrah - WBPCB","21-09-2026 11:00:00",22.554954,88.292568,PM2.5,21,77,50
India,"West Bengal",Kolkata,"Rabindra Bharati University, Kolkata - WBPCB","21-09-2026 11:00:00",22.627847,88.380669,NO2,16,25,20
India,"West Bengal",Kolkata,"Rabindra Bharati University, Kolkata - WBPCB","21-09-2026 11:00:00",22.627847,88.380669,SO2,8,10,9
India,"West Bengal",Kolkata,"Rabindra Bharati University, Kolkata - WBPCB","21-09-2026 11:00:00",22.627847,88.380669,CO,30,36,34
India,"West Bengal",Kolkata,"Fort William, Kolkata - WBPCB","21-09-2026 11:00:00",22.55664,88.342674,OZONE,32,46,39
India,"West Bengal",Kolkata,"Jadavpur, Kolkata - WBPCB","21-09-2026 11:00:00",22.49929,88.36917,SO2,5,7,6
India,"West Bengal",Kolkata,"Ballygunge, Kolkata - WBPCB","21-09-2026 11:00:00",22.5367507,88.3638022,NH3,7,11,7
India,"West Bengal",Kolkata,"Ballygunge, Kolkata - WBPCB","21-09-2026 11:00:00",22.5367507,88.3638022,SO2,4,7,5
India,"West Bengal",Kolkata,"Ballygunge, Kolkata - WBPCB","21-09-2026 11:00:00",22.5367507,88.3638022,OZONE,22,39,28
India,"West Bengal",Kolkata,"Victoria, Kolkata - WBPCB","21-09-2026 11:00:00",22.5448082,88.3403691,PM2.5,18,30,24
India,"Uttar Pradesh",Noida,"Sector-1, Noida - UPPCB","21-09-2026 11:00:00",28.5898,77.3101,OZONE,18,127,51
India,"Uttar Pradesh",Noida,"Sector-116, Noida - UPPCB","21-09-2026 11:00:00",28.56923,77.393848,PM2.5,144,308,234
India,"Uttar Pradesh",Noida,"Sector-116, Noida - UPPCB","21-09-2026 11:00:00",28.56923,77.393848,PM10,155,308,206
India,"Uttar Pradesh",Noida,"Sector-116, Noida - UPPCB","21-09-2026 11:00:00",28.56923,77.393848,NO2,25,130,65
India,"Uttar Pradesh",Prayagraj,"Nagar Nigam, Prayagraj - UPPCB","21-09-2026 11:00:00",25.44919916,81.82735986,NH3,4,6,5
India,"Uttar Pradesh",Prayagraj,"Motilal Nehru NIT, Prayagraj - UPPCB","21-09-2026 11:00:00",25.494,81.863,SO2,22,23,22
India,"Uttar Pradesh",Prayagraj,"Motilal Nehru NIT, Prayagraj - UPPCB","21-09-2026 11:00:00",25.494,81.863,OZONE,11,24,15
India,"Uttar Pradesh",Prayagraj,"Jhunsi, Prayagraj - UPPCB","21-09-2026 11:00:00",25.425602,81.917152,NH3,6,6,6
India,"Uttar Pradesh",Prayagraj,"Jhunsi, Prayagraj - UPPCB","21-09-2026 11:00:00",25.425602,81.917152,OZONE,63,73,69
India,"Uttar Pradesh",Raebareli," Indira Nagar, Raebareli - NTPC Unchahar","21-09-2026 11:00:00",26.207781,81.245571,PM2.5,NA,NA,NA
India,"Uttar Pradesh",Raebareli," Indira Nagar, Raebareli - NTPC Unchahar","21-09-2026 11:00:00",26.207781,81.245571,OZONE,18,25,21
India,"Uttar Pradesh",Raebareli,"Anand Nagar, Raebareli - UPPCB","21-09-2026 11:00:00",26.219512,81.237648,SO2,13,13,13
India,"Uttar Pradesh",Varanasi,"Ardhali Bazar, Varanasi - UPPCB","21-09-2026 11:00:00",25.3505986,82.9083074,PM10,20,105,66
India,"Uttar Pradesh",Varanasi,"Ardhali Bazar, Varanasi - UPPCB","21-09-2026 11:00:00",25.3505986,82.9083074,CO,14,14,14
India,"Uttar Pradesh",Varanasi,"Bhelupur, Varanasi - UPPCB","21-09-2026 11:00:00",25.301778,82.996789,PM10,46,481,121
India,"Uttar Pradesh",Varanasi,"Bhelupur, Varanasi - UPPCB","21-09-2026 11:00:00",25.301778,82.996789,SO2,33,34,33
India,"Uttar Pradesh",Varanasi,"IESD Banaras Hindu University, Varanasi - UPPCB","21-09-2026 11:00:00",25.262326,82.995408,NH3,0,0,0
India,"Uttar Pradesh",Varanasi,"IESD Banaras Hindu University, Varanasi - UPPCB","21-09-2026 11:00:00",25.262326,82.995408,OZONE,2,12,4
India,"Uttar Pradesh",Vrindavan,"Omex Eternity, Vrindavan - UPPCB","21-09-2026 11:00:00",27.571409,77.655757,PM10,39,89,54
India,"Uttar Pradesh",Ghaziabad,"Sanjay Nagar, Ghaziabad - UPPCB","21-09-2026 11:00:00",28.685382,77.453839,SO2,9,20,14
India,"Uttar Pradesh",Gorakhpur,"Madan Mohan Malaviya University of Technology, Gorakhpur - UPPCB","21-09-2026 11:00:00",26.730136,83.433859,SO2,51,53,52
India,"Uttar Pradesh",Gorakhpur,"Madan Mohan Malaviya University of Technology, Gorakhpur - UPPCB","21-09-2026 11:00:00",26.730136,83.433859,CO,6,6,6
India,"Uttar Pradesh","Greater Noida","Knowledge Park - V, Greater Noida - UPPCB","21-09-2026 11:00:00",28.557054,77.453663,SO2,3,8,6
India,"Uttar Pradesh","Greater Noida","Knowledge Park - III, Greater Noida - UPPCB","21-09-2026 11:00:00",28.47272,77.482,NH3,2,8,4
India,"Uttar Pradesh","Greater Noida","Knowledge Park - III, Greater Noida - UPPCB","21-09-2026 11:00:00",28.47272,77.482,CO,12,47,33
India,"Uttar Pradesh",Hapur,"Anand Vihar, Hapur - UPPCB","21-09-2026 11:00:00",28.725645,77.749675,NH3,1,1,1
India,"Uttar Pradesh",Jhansi,"Shivaji Nagar, Jhansi - UPPCB","21-09-2026 11:00:00",25.4547,78.6039,CO,11,21,16
India,"Uttar Pradesh",Kanpur,"FTI Kidwai Nagar, Kanpur - UPPCB","21-09-2026 11:00:00",26.428282,80.327067,OZONE,15,15,15
India,"Uttar Pradesh",Kanpur,"NSI Kalyanpur, Kanpur - UPPCB","21-09-2026 11:00:00",26.509954,80.249612,NH3,2,2,2
India,"Uttar Pradesh",Kanpur,"Nehru Nagar, Kanpur - UPPCB","21-09-2026 11:00:00",26.4703136,80.3229863,NO2,45,48,47
India,"Uttar Pradesh",Kanpur,"Nehru Nagar, Kanpur - UPPCB","21-09-2026 11:00:00",26.4703136,80.3229863,SO2,7,12,10
India,"Uttar Pradesh",Khora,"Prashant Garden, Khora - UPPCB","21-09-2026 11:00:00",28.61119,77.34206,SO2,1,2,2
India,"Uttar Pradesh",Khurja,"Kalindi Kunj, Khurja - UPPCB","21-09-2026 11:00:00",28.2348927,77.8683002,OZONE,12,13,12
India,"Uttar Pradesh",Lucknow,"B R Ambedkar University, Lucknow - UPPCB","21-09-2026 11:00:00",26.766433,80.927299,PM2.5,19,94,40
India,"Uttar Pradesh",Lucknow,"B R Ambedkar University, Lucknow - UPPCB","21-09-2026 11:00:00",26.766433,80.927299,NO2,13,14,14
India,"Uttar Pradesh",Lucknow,"B R Ambedkar University, Lucknow - UPPCB","21-09-2026 11:00:00",26.766433,80.927299,CO,31,33,32
India,"Uttar Pradesh","Fatehpur Sikri","Dadupura, Fatehpur Sikri - UPPCB","21-09-2026 11:00:00",27.097694,77.671335,PM2.5,20,97,55
India,"Uttar Pradesh","Fatehpur Sikri","Dadupura, Fatehpur Sikri - UPPCB","21-09-2026 11:00:00",27.097694,77.671335,SO2,10,11,11
India,"Uttar Pradesh","Fatehpur Sikri","Dadupura, Fatehpur Sikri - UPPCB","21-09-2026 11:00:00",27.097694,77.671335,OZONE,12,60,26
India,"Uttar Pradesh",Firozabad,"Nagla Bhau, Firozabad - UPPCB","21-09-2026 11:00:00",27.168897,78.37696,NH3,2,2,2
India,"Uttar Pradesh",Firozabad,"Vibhab Nagar, Firozabad - UPPCB","21-09-2026 11:00:00",27.1594,78.3953,PM10,31,72,51
India,"Uttar Pradesh",Firozabad,"Vibhab Nagar, Firozabad - UPPCB","21-09-2026 11:00:00",27.1594,78.3953,SO2,6,9,8
India,"Uttar Pradesh",Firozabad,"Vibhab Nagar, Firozabad - UPPCB","21-09-2026 11:00:00",27.1594,78.3953,CO,38,41,40
India,"Uttar Pradesh",Gajraula,"Rajanpur, Gajraula - UPPCB","21-09-2026 11:00:00",28.829109,78.248796,PM10,114,160,138
India,"Uttar Pradesh",Gajraula,"Rajanpur, Gajraula - UPPCB","21-09-2026 11:00:00",28.829109,78.248796,NO2,8,115,51
India,"Uttar Pradesh",Gajraula,"Rajanpur, Gajraula - UPPCB","21-09-2026 11:00:00",28.829109,78.248796,CO,97,101,100
India,"Uttar Pradesh",Ghaziabad,"Indirapuram, Ghaziabad - UPPCB","21-09-2026 11:00:00",28.646233,77.358075,NO2,9,31,18
India,"Uttar Pradesh",Ghaziabad,"Indirapuram, Ghaziabad - UPPCB","21-09-2026 11:00:00",28.646233,77.358075,NH3,9,11,10
India,"Uttar Pradesh",Ghaziabad,"Indirapuram, Ghaziabad - UPPCB","21-09-2026 11:00:00",28.646233,77.358075,CO,10,13,11
India,"Uttar Pradesh",Ghaziabad,"Ved Vihar-Loni, Ghaziabad - UPPCB","21-09-2026 11:00:00",28.739153,77.273668,CO,91,98,95
India,"Uttar Pradesh",Ghaziabad,"Wave City, Ghaziabad - UPPCB","21-09-2026 11:00:00",28.646675,77.489049,NO2,17,29,23
India,"Uttar Pradesh",Ghaziabad,"Wave City, Ghaziabad - UPPCB","21-09-2026 11:00:00",28.646675,77.489049,CO,101,107,104
India,"Uttar Pradesh",Ghaziabad,"Wave City, Ghaziabad - UPPCB","21-09-2026 11:00:00",28.646675,77.489049,OZONE,5,47,15
India,"Uttar Pradesh",Ghaziabad,"Loni, Ghaziabad - UPPCB","21-09-2026 11:00:00",28.757294,77.278792,NH3,2,5,4
India,"Uttar Pradesh",Ghaziabad,"Vasundhara, Ghaziabad - UPPCB","21-09-2026 11:00:00",28.6603346,77.3572563,CO,41,75,57
India,"Uttar Pradesh",Ghaziabad,"Sanjay Nagar, Ghaziabad - UPPCB","21-09-2026 11:00:00",28.685382,77.453839,PM10,124,243,169
India,"Uttar Pradesh",Vrindavan," Chhatikara, Vrindavan - UPPCB","21-09-2026 11:00:00",27.57194,77.62346,NH3,2,5,4
India,"Uttar Pradesh",Vrindavan," Chhatikara, Vrindavan - UPPCB","21-09-2026 11:00:00",27.57194,77.62346,OZONE,20,74,37
India,Uttarakhand,Dehradun,"Doon University, Dehradun - UKPCB","21-09-2026 11:00:00",30.269444,78.044167,NO2,1,5,2
India,Uttarakhand,Dehradun,"Doon University, Dehradun - UKPCB","21-09-2026 11:00:00",30.269444,78.044167,NH3,NA,NA,NA
India,Uttarakhand,Dehradun,"Doon University, Dehradun - UKPCB","21-09-2026 11:00:00",30.269444,78.044167,CO,20,77,32
India,Uttarakhand,Kashipur,"Govt. Girls Inter College, Kashipur - UKPCB","21-09-2026 11:00:00",29.2124114,78.9611753,PM2.5,NA,NA,NA
India,Uttarakhand,Kashipur,"Govt. Girls Inter College, Kashipur - UKPCB","21-09-2026 11:00:00",29.2124114,78.9611753,SO2,NA,NA,NA
India,Uttarakhand,Kashipur,"Govt. Girls Inter College, Kashipur - UKPCB","21-09-2026 11:00:00",29.2124114,78.9611753,OZONE,NA,NA,NA
India,"West Bengal",Asansol,"Asansol Court Area, Asansol - WBPCB","21-09-2026 11:00:00",23.685297,86.945968,NH3,3,3,3
India,"West Bengal",Asansol,"Asansol Court Area, Asansol - WBPCB","21-09-2026 11:00:00",23.685297,86.945968,SO2,10,17,13
India,"West Bengal",Asansol,"Mahabir Colliery, Asansol - WBPCB","21-09-2026 11:00:00",23.618183,87.105718,PM2.5,15,46,26
India,"West Bengal",Asansol,"Mahabir Colliery, Asansol - WBPCB","21-09-2026 11:00:00",23.618183,87.105718,NH3,2,2,2
India,"West Bengal",Asansol,"Mahabir Colliery, Asansol - WBPCB","21-09-2026 11:00:00",23.618183,87.105718,SO2,10,13,10
India,"West Bengal",Barrackpore,"SVSPA Campus, Barrackpore - WBPCB","21-09-2026 11:00:00",22.7605581,88.3617589,NO2,5,16,10
India,"West Bengal",Durgapur,"PCBL Residential Complex, Durgapur - WBPCB","21-09-2026 11:00:00",23.508764,87.35444,PM10,13,200,86
India,"West Bengal",Durgapur,"Mahishkapur Road_B-Zone, Durgapur - WBPCB","21-09-2026 11:00:00",23.567923,87.306843,NH3,0,1,1
India,"West Bengal",Durgapur,"Mahishkapur Road_B-Zone, Durgapur - WBPCB","21-09-2026 11:00:00",23.567923,87.306843,CO,48,116,98
India,"Uttar Pradesh",Lucknow,"Kendriya Vidyalaya, Lucknow - CPCB","21-09-2026 11:00:00",26.906111,80.948222,CO,39,49,44
India,"Uttar Pradesh",Lucknow,"Gomti Nagar, Lucknow - UPPCB","21-09-2026 11:00:00",26.86812,81.005119,PM2.5,26,82,45
India,"Uttar Pradesh",Lucknow,"Talkatora District Industries Center, Lucknow - CPCB","21-09-2026 11:00:00",26.83399722,80.8917361,PM2.5,35,94,61
India,"Uttar Pradesh",Lucknow,"Kukrail Picnic Spot-1, Lucknow - UPPCB","21-09-2026 11:00:00",26.90723,80.98579,PM2.5,37,73,56
India,"Uttar Pradesh",Mathura,"Pali Dungra, Mathura - UPPCB","21-09-2026 11:00:00",27.410954,77.550619,PM2.5,56,97,78
India,"Uttar Pradesh",Mathura,"Pali Dungra, Mathura - UPPCB","21-09-2026 11:00:00",27.410954,77.550619,CO,26,41,37
India,"Uttar Pradesh",Meerut,"MIET College, Meerut - UPPCB","21-09-2026 11:00:00",28.972677,77.641018,PM2.5,132,313,224
India,"Uttar Pradesh",Meerut,"MIET College, Meerut - UPPCB","21-09-2026 11:00:00",28.972677,77.641018,NH3,3,7,5
India,"Uttar Pradesh",Meerut,"MIET College, Meerut - UPPCB","21-09-2026 11:00:00",28.972677,77.641018,CO,32,69,55
India,"Uttar Pradesh",Meerut,"Jai Bhim Nagar, Meerut - UPPCB","21-09-2026 11:00:00",28.9535882,77.7622941,SO2,NA,NA,NA
India,"Uttar Pradesh",Modinagar,"SRM University, Modinagar - UPPCB","21-09-2026 11:00:00",28.798171,77.540243,NO2,16,68,36
India,"Uttar Pradesh",Moradabad,"Eco Herbal Park, Moradabad - UPPCB","21-09-2026 11:00:00",28.840739,78.697531,PM10,66,154,99
India,"Uttar Pradesh",Moradabad,"Transport Nagar, Moradabad - UPPCB","21-09-2026 11:00:00",28.802625,78.753728,SO2,21,21,21
India,"Uttar Pradesh",Moradabad,"Transport Nagar, Moradabad - UPPCB","21-09-2026 11:00:00",28.802625,78.753728,CO,17,57,35
India,"Uttar Pradesh",Moradabad,"Employment Office, Moradabad - UPPCB","21-09-2026 11:00:00",28.88528,78.7388,NH3,3,3,3
India,"Uttar Pradesh",Moradabad,"Employment Office, Moradabad - UPPCB","21-09-2026 11:00:00",28.88528,78.7388,OZONE,1,17,6
India,"Uttar Pradesh",Moradabad,"Buddhi Vihar, Moradabad - UPPCB","21-09-2026 11:00:00",28.83526,78.7446,PM10,78,146,117
India,"Uttar Pradesh",Moradabad,"Buddhi Vihar, Moradabad - UPPCB","21-09-2026 11:00:00",28.83526,78.7446,NH3,5,5,5
India,"Uttar Pradesh",Moradabad,"Buddhi Vihar, Moradabad - UPPCB","21-09-2026 11:00:00",28.83526,78.7446,OZONE,34,40,36
India,"Uttar Pradesh",Noida,"Sector - 125, Noida - UPPCB","21-09-2026 11:00:00",28.5447608,77.3231257,PM10,135,302,187
India,"Uttar Pradesh",Agra,"Rohta, Agra - UPPCB","21-09-2026 11:00:00",27.106972,78.000111,NH3,6,6,6
India,"Uttar Pradesh",Agra,"Rohta, Agra - UPPCB","21-09-2026 11:00:00",27.106972,78.000111,CO,26,42,32
India,"Uttar Pradesh",Agra,"Rohta, Agra - UPPCB","21-09-2026 11:00:00",27.106972,78.000111,OZONE,12,16,14
India,"Uttar Pradesh",Agra,"Shahjahan Garden, Agra - UPPCB","21-09-2026 11:00:00",27.169338,78.03582,PM10,36,54,44
India,"Uttar Pradesh",Agra,"Shahjahan Garden, Agra - UPPCB","21-09-2026 11:00:00",27.169338,78.03582,NH3,1,1,1
India,"Uttar Pradesh",Baraut,"Nagar Palika Parishad, Baraut - UPPCB","21-09-2026 11:00:00",29.09956,77.26235,SO2,6,7,6
India,"Uttar Pradesh",Bareilly,"Civil Lines, Bareilly - UPPCB","21-09-2026 11:00:00",28.359581,79.414455,PM2.5,34,49,41
India,"West Bengal",Kolkata,"Rabindra Sarobar, Kolkata - WBPCB","21-09-2026 11:00:00",22.51106,88.35142,SO2,6,7,6
India,"West Bengal",Kolkata,"Bidhannagar, Kolkata - WBPCB","21-09-2026 11:00:00",22.58157048,88.41002457,PM2.5,5,42,18
India,"West Bengal",Kolkata,"Bidhannagar, Kolkata - WBPCB","21-09-2026 11:00:00",22.58157048,88.41002457,PM10,28,41,36
India,"West Bengal",Kolkata,"Bidhannagar, Kolkata - WBPCB","21-09-2026 11:00:00",22.58157048,88.41002457,SO2,8,9,9
India,"West Bengal",Kolkata,"Bidhannagar, Kolkata - WBPCB","21-09-2026 11:00:00",22.58157048,88.41002457,OZONE,16,34,22
India,"West Bengal",Siliguri,"Ward-32 Bapupara, Siliguri - WBPCB","21-09-2026 11:00:00",26.6879226,88.4152495,NH3,8,8,8
India,Chhattisgarh,Bilaspur,"Mangala, Bilaspur - NTPC","21-09-2026 11:00:00",22.08815,82.13737,NO2,14,23,20
India,Chhattisgarh,Chhal,"Nawapara SECL Colony, Chhal - CECB","21-09-2026 11:00:00",22.118125,83.140608,PM2.5,NA,NA,NA
India,Chhattisgarh,Chhal,"Nawapara SECL Colony, Chhal - CECB","21-09-2026 11:00:00",22.118125,83.140608,NO2,NA,NA,NA
India,Chhattisgarh,Korba,"Rampur, Korba - CECB","21-09-2026 11:00:00",22.368195,82.746431,NO2,7,30,12
India,Chhattisgarh,Korba,"Rampur, Korba - CECB","21-09-2026 11:00:00",22.368195,82.746431,NH3,1,1,1
India,Chhattisgarh,Korba,"Rampur, Korba - CECB","21-09-2026 11:00:00",22.368195,82.746431,OZONE,8,46,23
India,Chhattisgarh,Kunjemura,"OP Jindal School, Kunjemura - CECB","21-09-2026 11:00:00",22.12665,83.483212,PM2.5,6,23,17
India,Chhattisgarh,Kunjemura,"OP Jindal School, Kunjemura - CECB","21-09-2026 11:00:00",22.12665,83.483212,OZONE,12,12,12
India,Chhattisgarh,Milupara,"Govt. Higher Secondary School, Milupara - CECB","21-09-2026 11:00:00",22.1910172,83.5197009,PM10,11,44,24
India,Chhattisgarh,Milupara,"Govt. Higher Secondary School, Milupara - CECB","21-09-2026 11:00:00",22.1910172,83.5197009,SO2,13,15,13
India,Chhattisgarh,Raipur,"Krishak Nagar, Raipur - CECB","21-09-2026 11:00:00",21.237755,81.705301,CO,29,31,30
India,Chhattisgarh,Raipur,"AIIMS, Raipur - CECB","21-09-2026 11:00:00",21.258815,81.578979,PM10,29,107,73
India,Chhattisgarh,Raipur,"AIIMS, Raipur - CECB","21-09-2026 11:00:00",21.258815,81.578979,NH3,2,2,2
India,Chhattisgarh,Raipur,"AIIMS, Raipur - CECB","21-09-2026 11:00:00",21.258815,81.578979,CO,28,39,35
India,Chhattisgarh,Raipur,"Siltara Phase-II, Raipur - CECB","21-09-2026 11:00:00",21.371751,81.664929,PM10,18,107,59
India,Assam,Silchar,"Tarapur, Silchar - PCBA","21-09-2026 11:00:00",24.82827,92.79525,NH3,1,1,1
India,Assam,Sivasagar,"Girls College, Sivasagar - PCBA","21-09-2026 11:00:00",26.987634,94.636574,PM2.5,16,30,20
India,Assam,Sivasagar,"Girls College, Sivasagar - PCBA","21-09-2026 11:00:00",26.987634,94.636574,NH3,0,3,1
India,Assam,Sivasagar,"Girls College, Sivasagar - PCBA","21-09-2026 11:00:00",26.987634,94.636574,CO,4,14,10
India,Bihar,Araria,"Kharahiya Basti, Araria - BSPCB","21-09-2026 11:00:00",26.146529,87.454184,SO2,19,22,21
India,Bihar,Begusarai,"Lohiyanagar, Begusarai - BSPCB","21-09-2026 11:00:00",25.42742023,86.13886079,PM2.5,12,63,36
India,Bihar,Begusarai,"Lohiyanagar, Begusarai - BSPCB","21-09-2026 11:00:00",25.42742023,86.13886079,PM10,11,60,34
India,Bihar,Begusarai,"Lohiyanagar, Begusarai - BSPCB","21-09-2026 11:00:00",25.42742023,86.13886079,SO2,13,17,15
India,Bihar,Begusarai,"Lohiyanagar, Begusarai - BSPCB","21-09-2026 11:00:00",25.42742023,86.13886079,CO,52,79,60
India,Bihar,Bettiah,"Kamalnath Nagar, Bettiah - BSPCB","21-09-2026 11:00:00",26.80365,84.51954,SO2,8,14,11
India,Bihar,Bhagalpur,"Mayaganj, Bhagalpur - BSPCB","21-09-2026 11:00:00",25.265194,87.012947,PM2.5,13,107,36
India,Bihar,Bhagalpur,"Mayaganj, Bhagalpur - BSPCB","21-09-2026 11:00:00",25.265194,87.012947,NH3,4,4,4
India,Bihar,Gaya,"SFTI Kusdihra, Gaya - BSPCB","21-09-2026 11:00:00",24.762518,84.982348,PM10,42,70,56
India,Bihar,Gaya,"SFTI Kusdihra, Gaya - BSPCB","21-09-2026 11:00:00",24.762518,84.982348,NO2,21,28,25
India,Bihar,Gaya,"SFTI Kusdihra, Gaya - BSPCB","21-09-2026 11:00:00",24.762518,84.982348,SO2,7,9,8
India,Bihar,Muzaffarpur,"Buddha Colony, Muzaffarpur - BSPCB","21-09-2026 11:00:00",26.11442,85.39813,PM10,31,76,51
India,Bihar,Muzaffarpur,"Buddha Colony, Muzaffarpur - BSPCB","21-09-2026 11:00:00",26.11442,85.39813,NH3,9,14,11
India,Bihar,Muzaffarpur,"Buddha Colony, Muzaffarpur - BSPCB","21-09-2026 11:00:00",26.11442,85.39813,CO,15,20,19
India,Bihar,Patna,"DRM Office Danapur, Patna - BSPCB","21-09-2026 11:00:00",25.586562,85.043586,PM2.5,30,52,35
India,Bihar,Patna,"DRM Office Danapur, Patna - BSPCB","21-09-2026 11:00:00",25.586562,85.043586,SO2,5,7,6
India,Bihar,Patna,"Govt. High School Shikarpur, Patna - BSPCB","21-09-2026 11:00:00",25.592539,85.227158,PM10,51,118,87
India,Bihar,Patna,"Govt. High School Shikarpur, Patna - BSPCB","21-09-2026 11:00:00",25.592539,85.227158,NO2,5,7,6
India,Bihar,Patna,"Rajbansi Nagar, Patna - BSPCB","21-09-2026 11:00:00",25.599486,85.113666,NH3,2,3,3
India,Bihar,Purnia,"Mariam Nagar, Purnia - BSPCB","21-09-2026 11:00:00",25.366336,87.117468,PM2.5,NA,NA,NA
India,Bihar,Purnia,"Mariam Nagar, Purnia - BSPCB","21-09-2026 11:00:00",25.366336,87.117468,NO2,17,20,18
India,Bihar,Rajgir,"Dangi Tola, Rajgir - BSPCB","21-09-2026 11:00:00",25.0328,85.41948,PM2.5,22,48,25
India,Bihar,Saharsa,"Police Line, Saharsa - BSPCB","21-09-2026 11:00:00",25.892357,86.590325,NO2,NA,NA,NA
India,Bihar,Saharsa,"Police Line, Saharsa - BSPCB","21-09-2026 11:00:00",25.892357,86.590325,SO2,9,17,13
India,Bihar,Saharsa,"Police Line, Saharsa - BSPCB","21-09-2026 11:00:00",25.892357,86.590325,CO,20,30,23
India,Bihar,Saharsa,"Police Line, Saharsa - BSPCB","21-09-2026 11:00:00",25.892357,86.590325,OZONE,6,11,9
India,"Andhra Pradesh",Amaravati,"Secretariat, Amaravati - APPCB","21-09-2026 11:00:00",16.5150833,80.5181667,SO2,1,16,6
India,"Andhra Pradesh",Chittoor,"Gangineni Cheruvu, Chittoor - APPCB","21-09-2026 11:00:00",13.20488,79.097889,PM10,61,89,71
India,"Andhra Pradesh",Chittoor,"Gangineni Cheruvu, Chittoor - APPCB","21-09-2026 11:00:00",13.20488,79.097889,SO2,17,19,18
India,"Andhra Pradesh",Eluru,"District Court, Eluru - APPCB","21-09-2026 11:00:00",16.711754,81.092095,SO2,11,15,11
India,"Andhra Pradesh",Eluru,"District Court, Eluru - APPCB","21-09-2026 11:00:00",16.711754,81.092095,OZONE,9,12,9
India,"Andhra Pradesh",Guntur,"Rajendra Nagar North, Guntur - APPCB","21-09-2026 11:00:00",16.316553,80.413302,OZONE,16,22,17
India,"Andhra Pradesh",Kadapa,"Yerramukkapalli, Kadapa - APPCB","21-09-2026 11:00:00",14.465052,78.824187,PM2.5,NA,NA,NA
India,"Andhra Pradesh",Kadapa,"Yerramukkapalli, Kadapa - APPCB","21-09-2026 11:00:00",14.465052,78.824187,NO2,NA,NA,NA
India,"Andhra Pradesh",Kadapa,"Yerramukkapalli, Kadapa - APPCB","21-09-2026 11:00:00",14.465052,78.824187,SO2,NA,NA,NA
India,"Andhra Pradesh",Kakinada,"Rama Rao Peta, Kakinada - APPCB","21-09-2026 11:00:00",16.962488,82.229513,PM2.5,12,79,32
India,"Andhra Pradesh",Kakinada,"Rama Rao Peta, Kakinada - APPCB","21-09-2026 11:00:00",16.962488,82.229513,PM10,15,103,43
India,"Andhra Pradesh",Kurnool,"Sita Rama Nagar, Kurnool - APPCB","21-09-2026 11:00:00",15.83411,78.028546,NH3,5,5,5
India,"Andhra Pradesh",Visakhapatnam,"GVM Corporation, Visakhapatnam - APPCB","21-09-2026 11:00:00",17.72,83.3,SO2,1,12,6
India,"Andhra Pradesh",Visakhapatnam,"GVM Corporation, Visakhapatnam - APPCB","21-09-2026 11:00:00",17.72,83.3,OZONE,1,8,4
India,"Arunachal Pradesh",Naharlagun,"Naharlagun, Naharlagun - APSPCB","21-09-2026 11:00:00",27.103358,93.679645,PM10,18,59,37
India,"Arunachal Pradesh",Naharlagun,"Naharlagun, Naharlagun - APSPCB","21-09-2026 11:00:00",27.103358,93.679645,CO,8,11,9
India,"Arunachal Pradesh",Naharlagun,"Naharlagun, Naharlagun - APSPCB","21-09-2026 11:00:00",27.103358,93.679645,OZONE,6,7,7
India,Assam,Guwahati,"LGBI Airport, Guwahati - PCBA","21-09-2026 11:00:00",26.10887,91.589544,PM2.5,38,74,62
India,Assam,Guwahati,"LGBI Airport, Guwahati - PCBA","21-09-2026 11:00:00",26.10887,91.589544,PM10,30,60,50
India,Assam,Guwahati,"LGBI Airport, Guwahati - PCBA","21-09-2026 11:00:00",26.10887,91.589544,SO2,4,16,10
India,Assam,Guwahati,"Railway Colony, Guwahati - PCBA","21-09-2026 11:00:00",26.181742,91.78063,PM2.5,16,48,31
India,Assam,Guwahati,"Railway Colony, Guwahati - PCBA","21-09-2026 11:00:00",26.181742,91.78063,PM10,14,40,29
India,Assam,Guwahati,"Railway Colony, Guwahati - PCBA","21-09-2026 11:00:00",26.181742,91.78063,SO2,5,10,7
India,Assam,Guwahati,"IITG, Guwahati - PCBA","21-09-2026 11:00:00",26.2028636,91.70046436,NO2,1,3,1
India,Bihar,Hajipur,"Industrial Area, Hajipur - BSPCB","21-09-2026 11:00:00",25.697189,85.2459,SO2,2,6,4
India,Bihar,Katihar,"Mirchaibari, Katihar - BSPCB","21-09-2026 11:00:00",25.560083,87.553265,NO2,6,11,9
India,Bihar,Katihar,"Mirchaibari, Katihar - BSPCB","21-09-2026 11:00:00",25.560083,87.553265,SO2,15,26,18
India,Bihar,Katihar,"Mirchaibari, Katihar - BSPCB","21-09-2026 11:00:00",25.560083,87.553265,CO,73,102,81
India,Bihar,Kishanganj,"SDM Office_Khagra, Kishanganj - BSPCB","21-09-2026 11:00:00",26.0881305,87.93840336,PM10,31,49,38
India,Bihar,Kishanganj,"SDM Office_Khagra, Kishanganj - BSPCB","21-09-2026 11:00:00",26.0881305,87.93840336,NH3,3,3,3
India,Bihar,Kishanganj,"SDM Office_Khagra, Kishanganj - BSPCB","21-09-2026 11:00:00",26.0881305,87.93840336,OZONE,32,33,33
India,Bihar,Manguraha,"Forest Rest House, Manguraha - BSPCB","21-09-2026 11:00:00",27.308328,84.531742,OZONE,19,40,30
India,Bihar,Munger,"Town Hall, Munger - BSPCB","21-09-2026 11:00:00",25.376776,86.471523,PM2.5,NA,NA,NA
India,Bihar,Muzaffarpur,"MIT-Daudpur Kothi, Muzaffarpur - BSPCB","21-09-2026 11:00:00",26.1403345,85.3650192,CO,3,11,5
India,"Andhra Pradesh",Machilipatnam,"Srinivas Nagar Colony, Machilipatnam - APPCB","21-09-2026 11:00:00",16.186555,81.13219,PM2.5,40,47,41
India,"Andhra Pradesh",Nellore,"Ambedkar Nagar, Nellore - APPCB ","21-09-2026 11:00:00",14.438164,79.966814,PM2.5,57,59,58
India,"Andhra Pradesh",Rajamahendravaram,"Anand Kala Kshetram, Rajamahendravaram - APPCB","21-09-2026 11:00:00",16.9872867,81.7363176,CO,21,31,25
India,"Andhra Pradesh",Tirumala,"Toll Gate, Tirumala - APPCB","21-09-2026 11:00:00",13.67,79.35,NH3,3,4,3
India,"Andhra Pradesh",Tirupati,"Vaikuntapuram, Tirupati - APPCB","21-09-2026 11:00:00",13.615387,79.40923,CO,21,28,23
India,"Andhra Pradesh",Vijayawada,"HB Colony, Vijayawada - APPCB","21-09-2026 11:00:00",16.536107,80.594233,PM2.5,NA,NA,NA
India,"Andhra Pradesh",Vijayawada,"HB Colony, Vijayawada - APPCB","21-09-2026 11:00:00",16.536107,80.594233,OZONE,23,26,25
India,"Andhra Pradesh",Vijayawada,"Rajiv Nagar, Vijayawada - APPCB","21-09-2026 11:00:00",16.554731,80.64911,NO2,14,21,18
India,"Andhra Pradesh",Vijayawada,"Rajiv Nagar, Vijayawada - APPCB","21-09-2026 11:00:00",16.554731,80.64911,NH3,3,5,5
India,Bihar,Samastipur,"DM Office_Kasipur, Samastipur - BSPCB","21-09-2026 11:00:00",25.859655,85.77944,PM2.5,NA,NA,NA
India,Bihar,Samastipur,"DM Office_Kasipur, Samastipur - BSPCB","21-09-2026 11:00:00",25.859655,85.77944,NO2,NA,NA,NA
India,Bihar,Samastipur,"DM Office_Kasipur, Samastipur - BSPCB","21-09-2026 11:00:00",25.859655,85.77944,NH3,NA,NA,NA
India,Bihar,Samastipur,"DM Office_Kasipur, Samastipur - BSPCB","21-09-2026 11:00:00",25.859655,85.77944,OZONE,6,6,6
India,Bihar,Siwan,"Chitragupta Nagar, Siwan - BSPCB","21-09-2026 11:00:00",26.2271665,84.3570427,SO2,3,12,9
India,Chandigarh,Chandigarh,"Sector-25, Chandigarh - CPCC","21-09-2026 11:00:00",30.751462,76.762879,PM10,NA,NA,NA
India,Chandigarh,Chandigarh,"Sector 22, Chandigarh - CPCC","21-09-2026 11:00:00",30.735567,76.775714,NH3,13,29,24
India,Chhattisgarh,Bhilai,"Civic Center, Bhilai - Bhilai Steel Plant","21-09-2026 11:00:00",21.185571,81.343175,PM2.5,6,39,22
India,Delhi,Delhi,"Wazirpur, Delhi - DPCC","21-09-2026 11:00:00",28.699793,77.165453,PM2.5,78,273,137
India,Delhi,Delhi,"Wazirpur, Delhi - DPCC","21-09-2026 11:00:00",28.699793,77.165453,NH3,6,14,10
India,Delhi,Delhi,"Major Dhyan Chand National Stadium, Delhi - DPCC","21-09-2026 11:00:00",28.611281,77.237738,PM10,115,167,139
India,Delhi,Delhi,"Major Dhyan Chand National Stadium, Delhi - DPCC","21-09-2026 11:00:00",28.611281,77.237738,NH3,5,7,6
India,Chhattisgarh,Tumidih,"OP Jindal Industrial Park, Tumidih - CECB","21-09-2026 11:00:00",22.06631475,83.33820077,NO2,14,77,30
India,Chhattisgarh,Tumidih,"OP Jindal Industrial Park, Tumidih - CECB","21-09-2026 11:00:00",22.06631475,83.33820077,NH3,1,2,2
India,Chhattisgarh,Tumidih,"OP Jindal Industrial Park, Tumidih - CECB","21-09-2026 11:00:00",22.06631475,83.33820077,SO2,5,12,6
India,Chhattisgarh,Tumidih,"OP Jindal Industrial Park, Tumidih - CECB","21-09-2026 11:00:00",22.06631475,83.33820077,CO,19,33,22
India,Gujarat,Ahmedabad,"Chandkheda, Ahmedabad - IITM","21-09-2026 11:00:00",23.107969,72.574648,NH3,5,9,7
India,Gujarat,Ahmedabad,"Chandkheda, Ahmedabad - IITM","21-09-2026 11:00:00",23.107969,72.574648,SO2,10,15,12
India,Gujarat,Ahmedabad,"SVPI Airport Hansol, Ahmedabad - IITM","21-09-2026 11:00:00",23.076793,72.627874,PM2.5,38,143,66
India,Gujarat,Ahmedabad,"SVPI Airport Hansol, Ahmedabad - IITM","21-09-2026 11:00:00",23.076793,72.627874,PM10,51,125,82
India,Gujarat,Ahmedabad,"Maninagar, Ahmedabad - GPCB","21-09-2026 11:00:00",23.002657,72.591912,PM2.5,39,360,120
India,Gujarat,Ahmedabad,"Maninagar, Ahmedabad - GPCB","21-09-2026 11:00:00",23.002657,72.591912,NH3,NA,NA,NA
India,Gujarat,Ahmedabad,"SAC ISRO Bopal, Ahmedabad - IITM","21-09-2026 11:00:00",23.041137,72.456691,PM2.5,21,290,78
India,Gujarat,Ankleshwar,"GIDC, Ankleshwar - GPCB","21-09-2026 11:00:00",21.613267,73.010555,PM2.5,84,186,119
India,Gujarat,Ankleshwar,"GIDC, Ankleshwar - GPCB","21-09-2026 11:00:00",21.613267,73.010555,OZONE,51,59,53
India,Gujarat,Bhavnagar,"Vidhyanagar, Bhavnagar - Nexteng Enviro","21-09-2026 11:00:00",21.755417,72.139056,NO2,30,44,37
India,Gujarat,Bhavnagar,"Vidhyanagar, Bhavnagar - Nexteng Enviro","21-09-2026 11:00:00",21.755417,72.139056,NH3,4,6,5
India,Gujarat,Gandhinagar,"Sector-10, Gandhinagar - GPCB","21-09-2026 11:00:00",23.221714,72.654328,OZONE,3,13,6
India,Gujarat,Gandhinagar,"GIFT City, Gandhinagar - IITM","21-09-2026 11:00:00",23.163798,72.677768,PM2.5,44,171,82
India,Gujarat,Gandhinagar,"GIFT City, Gandhinagar - IITM","21-09-2026 11:00:00",23.163798,72.677768,NO2,14,34,22
India,Gujarat,Gandhinagar,"GIFT City, Gandhinagar - IITM","21-09-2026 11:00:00",23.163798,72.677768,SO2,2,21,10
India,Delhi,Delhi,"CRRI Mathura Road, Delhi - IITM","21-09-2026 11:00:00",28.5512005,77.2735737,NH3,NA,NA,NA
India,Delhi,Delhi,"Burari Crossing, Delhi - IITM","21-09-2026 11:00:00",28.7256504,77.2011573,NO2,16,82,51
India,Delhi,Delhi,"Burari Crossing, Delhi - IITM","21-09-2026 11:00:00",28.7256504,77.2011573,CO,39,53,47
India,Delhi,Delhi,"IMD Lodhi Road, Delhi - IITM","21-09-2026 11:00:00",28.5918245,77.2273074,OZONE,11,11,11
India,Delhi,Delhi,"JNU, Delhi - DPCC","21-09-2026 11:00:00",28.540721,77.168544,SO2,4,7,6
India,Delhi,Delhi,"ITO, Delhi - CPCB","21-09-2026 11:00:00",28.628624,77.24106,NO2,13,121,62
India,Delhi,Delhi,"R K Puram, Delhi - DPCC","21-09-2026 11:00:00",28.563262,77.186937,PM10,109,255,163
India,Delhi,Delhi,"R K Puram, Delhi - DPCC","21-09-2026 11:00:00",28.563262,77.186937,NO2,19,106,56
India,Delhi,Delhi,"R K Puram, Delhi - DPCC","21-09-2026 11:00:00",28.563262,77.186937,NH3,5,7,6
India,Delhi,Delhi,"R K Puram, Delhi - DPCC","21-09-2026 11:00:00",28.563262,77.186937,SO2,28,30,29
India,Delhi,Delhi,"Alipur, Delhi - DPCC","21-09-2026 11:00:00",28.815329,77.15301,SO2,6,9,8
India,Gujarat,Ahmedabad,"Rakhial, Ahmedabad - IITM","21-09-2026 11:00:00",23.016834,72.625775,SO2,14,103,52
India,Gujarat,Ahmedabad,"Rakhial, Ahmedabad - IITM","21-09-2026 11:00:00",23.016834,72.625775,OZONE,4,27,14
India,Gujarat,Ahmedabad,"Chandkheda, Ahmedabad - IITM","21-09-2026 11:00:00",23.107969,72.574648,PM2.5,44,175,99
India,Gujarat,Gandhinagar,"IIPHG Lekawada, Gandhinagar - IITM","21-09-2026 11:00:00",23.243639,72.68994,NO2,8,27,15
India,Gujarat,Gandhinagar,"IIPHG Lekawada, Gandhinagar - IITM","21-09-2026 11:00:00",23.243639,72.68994,CO,15,18,16
India,Gujarat,Mehsana,"Sadanand Nagar, Mehsana - Nexteng Enviro","21-09-2026 11:00:00",23.59315,72.372792,NH3,0,1,0
India,Gujarat,Nandesari,"GIDC, Nandesari - Nandesari Ind. Association","21-09-2026 11:00:00",22.410802,73.097923,PM10,NA,NA,NA
India,Gujarat,Rajkot,"Mavdi, Rajkot - Nexteng Enviro ","21-09-2026 11:00:00",22.248853,70.776774,PM10,NA,NA,NA
India,Gujarat,Rajkot,"Mavdi, Rajkot - Nexteng Enviro ","21-09-2026 11:00:00",22.248853,70.776774,SO2,NA,NA,NA
India,Gujarat,Surat,"Science Center, Surat - SMC","21-09-2026 11:00:00",21.170046,72.795405,PM2.5,52,223,115
India,Gujarat,Surat,"Katargam, Surat - Nexteng Enviro","21-09-2026 11:00:00",21.217779,72.834787,NH3,0,0,0
India,Gujarat,Vadodara,"Bapunagar, Vadodara - Nexteng Enviro","21-09-2026 11:00:00",22.320153,73.216285,NH3,1,2,2
India,Gujarat,Vadodara,"Bapunagar, Vadodara - Nexteng Enviro","21-09-2026 11:00:00",22.320153,73.216285,OZONE,2,3,3
India,Gujarat,Vapi,"Phase-1 GIDC, Vapi - GPCB","21-09-2026 11:00:00",20.362421,72.918013,SO2,15,24,23
India,Gujarat,Vatva,"Phase-4 GIDC, Vatva - GPCB","21-09-2026 11:00:00",22.969611,72.6435,PM10,33,385,124
India,Delhi,Delhi,"Dr. Karni Singh Shooting Range, Delhi - DPCC","21-09-2026 11:00:00",28.498571,77.26484,OZONE,8,51,18
India,Delhi,Delhi,"Shadipur, Delhi - CPCB","21-09-2026 11:00:00",28.6514781,77.1473105,NO2,53,78,67
India,Delhi,Delhi,"Shadipur, Delhi - CPCB","21-09-2026 11:00:00",28.6514781,77.1473105,CO,39,63,51
India,Delhi,Delhi,"Shadipur, Delhi - CPCB","21-09-2026 11:00:00",28.6514781,77.1473105,OZONE,9,12,10
India,Delhi,Delhi,"Mandir Marg, Delhi - DPCC","21-09-2026 11:00:00",28.636429,77.201067,NH3,9,11,10
India,Delhi,Delhi,"Mandir Marg, Delhi - DPCC","21-09-2026 11:00:00",28.636429,77.201067,SO2,23,52,29
India,Delhi,Delhi,"Pusa, Delhi - DPCC","21-09-2026 11:00:00",28.639652,77.146275,PM2.5,92,220,140
India,Delhi,Delhi,"Pusa, Delhi - DPCC","21-09-2026 11:00:00",28.639652,77.146275,NH3,2,6,4
India,Delhi,Delhi,"Pusa, Delhi - DPCC","21-09-2026 11:00:00",28.639652,77.146275,OZONE,8,20,12
India,Delhi,Delhi,"Sirifort, Delhi - CPCB","21-09-2026 11:00:00",28.5504249,77.2159377,SO2,31,36,33
India,Delhi,Delhi,"Sirifort, Delhi - CPCB","21-09-2026 11:00:00",28.5504249,77.2159377,CO,55,82,72
India,Delhi,Delhi,"Pusa, Delhi - IITM","21-09-2026 11:00:00",28.63611,77.173332,SO2,NA,NA,NA
India,Delhi,Delhi,"IIT Delhi, Delhi - IITM","21-09-2026 11:00:00",28.54246,77.191651,PM2.5,82,191,147
India,Delhi,Delhi,"Patparganj, Delhi - DPCC","21-09-2026 11:00:00",28.623763,77.287209,PM2.5,55,348,144
India,Delhi,Delhi,"Jawaharlal Nehru Stadium, Delhi - DPCC","21-09-2026 11:00:00",28.58028,77.233829,PM2.5,75,311,181
India,Delhi,Delhi,"Jawaharlal Nehru Stadium, Delhi - DPCC","21-09-2026 11:00:00",28.58028,77.233829,CO,28,89,58
India,Delhi,Delhi,"Najafgarh, Delhi - DPCC","21-09-2026 11:00:00",28.570173,76.933762,PM2.5,65,213,124
India,Delhi,Delhi,"Najafgarh, Delhi - DPCC","21-09-2026 11:00:00",28.570173,76.933762,NO2,11,34,22
India,Delhi,Delhi,"Najafgarh, Delhi - DPCC","21-09-2026 11:00:00",28.570173,76.933762,SO2,24,33,27
India,Delhi,Delhi,"Najafgarh, Delhi - DPCC","21-09-2026 11:00:00",28.570173,76.933762,CO,10,36,29
India,Delhi,Delhi,"Mundka, Delhi - DPCC","21-09-2026 11:00:00",28.684678,77.076574,CO,42,81,57
India,Delhi,Delhi,"NSUT Jaffarpur, Delhi - DPCC","21-09-2026 11:00:00",28.594004,76.909423,PM10,122,210,155
India,Delhi,Delhi,"NSUT Jaffarpur, Delhi - DPCC","21-09-2026 11:00:00",28.594004,76.909423,SO2,0,2,1
India,Delhi,Delhi,"NSUT Jaffarpur, Delhi - DPCC","21-09-2026 11:00:00",28.594004,76.909423,OZONE,10,16,11
India,Delhi,Delhi,"Anand Vihar, Delhi - DPCC","21-09-2026 11:00:00",28.647622,77.315809,PM10,NA,NA,NA
India,Delhi,Delhi,"IGI Airport (T3), Delhi - IITM","21-09-2026 11:00:00",28.5627763,77.1180053,NO2,29,147,85
India,Delhi,Delhi,"IGNOU_Maidan Garhi, Delhi - DPCC","21-09-2026 11:00:00",28.493624,77.201159,PM2.5,29,53,40
India,Delhi,Delhi,"Commonwealth Sports Complex, Delhi - DPCC","21-09-2026 11:00:00",28.615828,77.271992,SO2,11,19,13
India,Delhi,Delhi,"Commonwealth Sports Complex, Delhi - DPCC","21-09-2026 11:00:00",28.615828,77.271992,OZONE,9,145,43
India,Delhi,Delhi,"Talkatora Garden, Delhi - DPCC","21-09-2026 11:00:00",28.62181,77.1944633,NO2,13,31,20
India,Delhi,Delhi,"Talkatora Garden, Delhi - DPCC","21-09-2026 11:00:00",28.62181,77.1944633,NH3,1,5,2
India,Delhi,Delhi,"Talkatora Garden, Delhi - DPCC","21-09-2026 11:00:00",28.62181,77.1944633,SO2,0,3,2
India,Delhi,Delhi,"Talkatora Garden, Delhi - DPCC","21-09-2026 11:00:00",28.62181,77.1944633,OZONE,6,63,19
India,Delhi,Delhi,"Aya Nagar, Delhi - IITM","21-09-2026 11:00:00",28.4706914,77.1099364,SO2,NA,NA,NA
India,Delhi,Delhi,"Aya Nagar, Delhi - IITM","21-09-2026 11:00:00",28.4706914,77.1099364,CO,48,78,66
India,Delhi,Delhi,"CRRI Mathura Road, Delhi - IITM","21-09-2026 11:00:00",28.5512005,77.2735737,NO2,7,50,25
India,Delhi,Delhi,"Sonia Vihar, Delhi - DPCC","21-09-2026 11:00:00",28.710508,77.249485,PM10,127,196,152
India,Delhi,Delhi,"Sonia Vihar, Delhi - DPCC","21-09-2026 11:00:00",28.710508,77.249485,CO,42,69,53
India,Delhi,Delhi,"Bawana, Delhi - DPCC","21-09-2026 11:00:00",28.7762,77.051074,PM2.5,58,311,183
India,Delhi,Delhi,"Bawana, Delhi - DPCC","21-09-2026 11:00:00",28.7762,77.051074,OZONE,17,19,17
India,Delhi,Delhi,"Okhla Phase-2, Delhi - DPCC","21-09-2026 11:00:00",28.530785,77.271255,NH3,3,7,5
India,Delhi,Delhi,"IHBAS, Dilshad Garden, Delhi - CPCB","21-09-2026 11:00:00",28.6811736,77.3025234,CO,31,38,37
India,Delhi,Delhi,"Sri Aurobindo Marg, Delhi - DPCC","21-09-2026 11:00:00",28.531346,77.190156,NO2,NA,NA,NA
India,Haryana,Bahadurgarh,"Arya Nagar, Bahadurgarh - HSPCB","21-09-2026 11:00:00",28.6701,76.9254,NO2,21,26,23
India,Haryana,Bahadurgarh,"Arya Nagar, Bahadurgarh - HSPCB","21-09-2026 11:00:00",28.6701,76.9254,SO2,5,7,6
India,Haryana,Bahadurgarh,"Arya Nagar, Bahadurgarh - HSPCB","21-09-2026 11:00:00",28.6701,76.9254,OZONE,9,26,16
India,Haryana,Ballabgarh,"Nathu Colony, Ballabgarh - HSPCB","21-09-2026 11:00:00",28.3419248,77.319699,PM2.5,32,130,66
India,Haryana,Bhiwani,"H.B. Colony, Bhiwani - HSPCB","21-09-2026 11:00:00",28.806223,76.141105,NO2,17,19,18
India,Haryana,Bhiwani,"H.B. Colony, Bhiwani - HSPCB","21-09-2026 11:00:00",28.806223,76.141105,NH3,11,12,11
India,Haryana,Bhiwani,"H.B. Colony, Bhiwani - HSPCB","21-09-2026 11:00:00",28.806223,76.141105,SO2,12,13,12
India,Haryana,Bhiwani,"H.B. Colony, Bhiwani - HSPCB","21-09-2026 11:00:00",28.806223,76.141105,CO,24,48,45
India,Delhi,Delhi,"DTU, Delhi - CPCB","21-09-2026 11:00:00",28.7500499,77.1112615,NO2,24,50,28
India,Delhi,Delhi,"Dwarka-Sector 8, Delhi - DPCC ","21-09-2026 11:00:00",28.5710274,77.0719006,SO2,13,19,16
India,Delhi,Delhi,"Dr. Karni Singh Shooting Range, Delhi - DPCC","21-09-2026 11:00:00",28.498571,77.26484,PM2.5,52,290,158
India,Delhi,Delhi,"Dr. Karni Singh Shooting Range, Delhi - DPCC","21-09-2026 11:00:00",28.498571,77.26484,NH3,4,5,5
India,Kerala,Kannur,"Thavakkara, Kannur - Kerala PCB","21-09-2026 11:00:00",11.875,75.3732,CO,16,18,18
India,Kerala,Thiruvananthapuram,"Kariavattom, Thiruvananthapuram - Kerala PCB","21-09-2026 11:00:00",8.5637,76.8865,NO2,6,7,6
India,Kerala,Thiruvananthapuram,"Kariavattom, Thiruvananthapuram - Kerala PCB","21-09-2026 11:00:00",8.5637,76.8865,NH3,0,0,0
India,Kerala,Thiruvananthapuram,"Kariavattom, Thiruvananthapuram - Kerala PCB","21-09-2026 11:00:00",8.5637,76.8865,OZONE,30,31,30
India,Kerala,Thrissur,"Corporation Ground, Thrissur - Kerala PCB","21-09-2026 11:00:00",10.5324,76.2159,SO2,1,1,1
India,Ladakh,Leh,"Skara Yokma, Leh - LPCC","21-09-2026 11:00:00",34.147096,77.55709,CO,195,197,196
India,"Madhya Pradesh",Bhopal,"Idgah Hills, Bhopal - MPPCB","21-09-2026 11:00:00",23.264759,77.381568,NO2,5,19,11
India,"Madhya Pradesh",Bhopal,"Idgah Hills, Bhopal - MPPCB","21-09-2026 11:00:00",23.264759,77.381568,NH3,3,3,3
India,"Madhya Pradesh",Bhopal,"Idgah Hills, Bhopal - MPPCB","21-09-2026 11:00:00",23.264759,77.381568,CO,13,21,18
India,"Madhya Pradesh",Bhopal,"T T Nagar, Bhopal - MPPCB","21-09-2026 11:00:00",23.233584,77.400574,OZONE,26,39,33
India,"Madhya Pradesh",Bhopal,"Paryavaran Parisar, Bhopal - MPPCB","21-09-2026 11:00:00",23.210494,77.425409,PM10,31,138,57
India,"Madhya Pradesh",Bhopal,"Paryavaran Parisar, Bhopal - MPPCB","21-09-2026 11:00:00",23.210494,77.425409,NO2,15,49,23
India,"Madhya Pradesh",Bhopal,"Paryavaran Parisar, Bhopal - MPPCB","21-09-2026 11:00:00",23.210494,77.425409,NH3,1,3,2
India,"Madhya Pradesh",Dewas,"Bhopal Chauraha, Dewas - MPPCB","21-09-2026 11:00:00",22.9682591,76.064118,NO2,55,89,68
India,"Madhya Pradesh",Dewas,"Bhopal Chauraha, Dewas - MPPCB","21-09-2026 11:00:00",22.9682591,76.064118,SO2,21,40,30
India,"Madhya Pradesh",Dewas,"Bhopal Chauraha, Dewas - MPPCB","21-09-2026 11:00:00",22.9682591,76.064118,CO,17,24,20
India,"Madhya Pradesh",Gwalior,"Maharaj Bada, Gwalior - MPPCB","21-09-2026 11:00:00",26.200388,78.147714,NH3,4,8,7
India,"Madhya Pradesh",Gwalior,"City Center, Gwalior - MPPCB","21-09-2026 11:00:00",26.203442,78.193251,OZONE,37,55,45
India,"Madhya Pradesh",Gwalior,"Deen Dayal Nagar, Gwalior - MPPCB","21-09-2026 11:00:00",26.259242,78.216432,PM2.5,17,70,44
India,Haryana,"Charkhi Dadri","Mini Secretariat, Charkhi Dadri - HSPCB","21-09-2026 11:00:00",28.593883,76.270653,NO2,9,25,15
India,Haryana,"Charkhi Dadri","Mini Secretariat, Charkhi Dadri - HSPCB","21-09-2026 11:00:00",28.593883,76.270653,NH3,5,8,6
India,Haryana,Faridabad,"Sector 30, Faridabad - HSPCB","21-09-2026 11:00:00",28.4417,77.3217,PM2.5,53,62,57
India,Haryana,Faridabad,"Sector 30, Faridabad - HSPCB","21-09-2026 11:00:00",28.4417,77.3217,NH3,6,7,7
India,Haryana,Faridabad,"Sector 30, Faridabad - HSPCB","21-09-2026 11:00:00",28.4417,77.3217,CO,25,32,27
India,Haryana,Faridabad,"Sector 30, Faridabad - HSPCB","21-09-2026 11:00:00",28.4417,77.3217,OZONE,16,17,17
India,Haryana,Faridabad,"Sector 11, Faridabad - HSPCB","21-09-2026 11:00:00",28.376058,77.315741,NO2,30,32,31
India,Haryana,Faridabad,"Sector 11, Faridabad - HSPCB","21-09-2026 11:00:00",28.376058,77.315741,OZONE,6,6,6
India,Haryana,Faridabad,"New Industrial Town, Faridabad - HSPCB","21-09-2026 11:00:00",28.39072,77.30059,NO2,24,27,25
India,Haryana,Faridabad,"New Industrial Town, Faridabad - HSPCB","21-09-2026 11:00:00",28.39072,77.30059,NH3,11,12,11
India,Haryana,Faridabad,"New Industrial Town, Faridabad - HSPCB","21-09-2026 11:00:00",28.39072,77.30059,SO2,5,102,13
India,Haryana,Fatehabad,"Huda Sector, Fatehabad - HSPCB","21-09-2026 11:00:00",29.503664,75.467934,PM2.5,NA,NA,NA
India,Haryana,Fatehabad,"Huda Sector, Fatehabad - HSPCB","21-09-2026 11:00:00",29.503664,75.467934,NH3,NA,NA,NA
India,Haryana,Gurugram,"NISE Gwal Pahari, Gurugram - IITM","21-09-2026 11:00:00",28.422681,77.148944,PM10,113,191,154
India,Haryana,Gurugram,"NISE Gwal Pahari, Gurugram - IITM","21-09-2026 11:00:00",28.422681,77.148944,NO2,16,43,26
India,Haryana,Gurugram,"NISE Gwal Pahari, Gurugram - IITM","21-09-2026 11:00:00",28.422681,77.148944,NH3,NA,NA,NA
India,Haryana,Gurugram,"Sector-51, Gurugram - HSPCB","21-09-2026 11:00:00",28.4227,77.0667,NO2,16,44,26
India,Karnataka,Hubballi,"Lingaraj Nagar, Hubballi - KSPCB","21-09-2026 11:00:00",15.3714823,75.1160168,NO2,9,11,10
India,Karnataka,Hubballi,"Lingaraj Nagar, Hubballi - KSPCB","21-09-2026 11:00:00",15.3714823,75.1160168,OZONE,24,26,24
India,Karnataka,Kalaburagi,"Mahatma Basaveswar Colony, Kalaburgi - KSPCB","21-09-2026 11:00:00",17.336318,76.847397,PM10,16,49,35
India,Karnataka,Kalaburagi,"Mahatma Basaveswar Colony, Kalaburgi - KSPCB","21-09-2026 11:00:00",17.336318,76.847397,NH3,2,3,2
India,Karnataka,Kalaburagi,"Lal Bahadur Shastri Nagar, Kalaburagi - KSPCB","21-09-2026 11:00:00",17.321993,76.822628,PM10,NA,NA,NA
India,Karnataka,Kalaburagi,"Lal Bahadur Shastri Nagar, Kalaburagi - KSPCB","21-09-2026 11:00:00",17.321993,76.822628,NO2,NA,NA,NA
India,Karnataka,Mangalore,"Kadri, Mangalore - KSPCB","21-09-2026 11:00:00",12.88925,74.853,PM2.5,28,80,63
India,Karnataka,Ramanagara,"Vijay Nagar, Ramanagara - KSPCB","21-09-2026 11:00:00",12.733409,77.298051,SO2,16,20,18
India,Karnataka,Shivamogga,"Vinoba Nagara, Shivamogga - KSPCB","21-09-2026 11:00:00",13.94,75.555917,PM10,57,60,58
India,Karnataka,Udupi,"Brahmagiri, Udupi - KSPCB","21-09-2026 11:00:00",13.34194444,74.74694444,PM2.5,NA,NA,NA
India,Karnataka,Yadgir,"Collector Office, Yadgir - KSPCB","21-09-2026 11:00:00",16.7602,77.1428,PM2.5,2,41,25
India,Karnataka,Yadgir,"Collector Office, Yadgir - KSPCB","21-09-2026 11:00:00",16.7602,77.1428,PM10,8,53,35
India,Karnataka,Yadgir,"Collector Office, Yadgir - KSPCB","21-09-2026 11:00:00",16.7602,77.1428,NH3,1,1,1
India,Haryana,Panipat,"Sector-18, Panipat - HSPCB","21-09-2026 11:00:00",29.432304,76.972765,NH3,7,12,10
India,Haryana,Rohtak,"MD University, Rohtak - HSPCB","21-09-2026 11:00:00",28.52123,76.37138,PM10,81,106,99
India,Haryana,Rohtak,"MD University, Rohtak - HSPCB","21-09-2026 11:00:00",28.52123,76.37138,CO,36,42,39
India,Haryana,Rohtak,"MD University, Rohtak - HSPCB","21-09-2026 11:00:00",28.52123,76.37138,OZONE,9,25,15
India,Haryana,Sirsa,"F-Block, Sirsa - HSPCB","21-09-2026 11:00:00",29.5364,75.0158,PM2.5,11,48,34
India,Haryana,Sirsa,"F-Block, Sirsa - HSPCB","21-09-2026 11:00:00",29.5364,75.0158,SO2,30,48,36
India,Haryana,Sonipat,"Murthal, Sonipat - HSPCB","21-09-2026 11:00:00",29.0272,77.0621,PM2.5,50,151,105
India,Haryana,Sonipat,"Murthal, Sonipat - HSPCB","21-09-2026 11:00:00",29.0272,77.0621,NO2,6,8,7
India,Haryana,Sonipat,"Murthal, Sonipat - HSPCB","21-09-2026 11:00:00",29.0272,77.0621,NH3,8,9,9
India,Haryana,"Yamuna Nagar","Gobind Pura, Yamuna Nagar - HSPCB","21-09-2026 11:00:00",30.1480566,77.2893471,PM10,115,143,126
India,Haryana,"Yamuna Nagar","Gobind Pura, Yamuna Nagar - HSPCB","21-09-2026 11:00:00",30.1480566,77.2893471,SO2,9,15,12
India,"Himachal Pradesh",Baddi,"HIMUDA Complex Phase-1, Baddi - HPPCB","21-09-2026 11:00:00",30.943887,76.801991,PM2.5,15,167,71
India,"Himachal Pradesh",Baddi,"HIMUDA Complex Phase-1, Baddi - HPPCB","21-09-2026 11:00:00",30.943887,76.801991,NH3,1,2,2
India,"Himachal Pradesh",Baddi,"HIMUDA Complex Phase-1, Baddi - HPPCB","21-09-2026 11:00:00",30.943887,76.801991,CO,37,54,47
India,Karnataka,Bengaluru,"City Railway Station, Bengaluru - KSPCB","21-09-2026 11:00:00",12.9756843,77.5660749,CO,54,63,58
India,Karnataka,Bengaluru,"Jigani, Bengaluru - KSPCB","21-09-2026 11:00:00",12.7816279,77.6299145,PM10,NA,NA,NA
India,Karnataka,Bengaluru,"Bapuji Nagar, Bengaluru - KSPCB","21-09-2026 11:00:00",12.951913,77.539784,OZONE,20,24,22
India,Karnataka,Bengaluru,"BTM Layout, Bengaluru - CPCB","21-09-2026 11:00:00",12.9135218,77.5950804,NH3,5,5,5
India,Karnataka,Bengaluru,"Silk Board, Bengaluru - KSPCB","21-09-2026 11:00:00",12.917348,77.622813,NO2,7,10,8
India,Karnataka,Bengaluru,"Silk Board, Bengaluru - KSPCB","21-09-2026 11:00:00",12.917348,77.622813,CO,24,87,48
India,Karnataka,Bengaluru,"Silk Board, Bengaluru - KSPCB","21-09-2026 11:00:00",12.917348,77.622813,OZONE,10,16,12
India,Karnataka,Chikkamagaluru,"Kalyana Nagara, Chikkamagaluru - KSPCB","21-09-2026 11:00:00",13.328028,75.797056,NO2,18,22,19
India,Karnataka,Chikkamagaluru,"Kalyana Nagara, Chikkamagaluru - KSPCB","21-09-2026 11:00:00",13.328028,75.797056,NH3,2,2,2
India,Karnataka,Chikkamagaluru,"Kalyana Nagara, Chikkamagaluru - KSPCB","21-09-2026 11:00:00",13.328028,75.797056,OZONE,45,46,45
India,Karnataka,Dharwad,"Kalabhavan, Dharwad - KSPCB","21-09-2026 11:00:00",15.459706,75.008381,PM10,70,98,78
India,Haryana,Gurugram,"Teri Gram, Gurugram - HSPCB","21-09-2026 11:00:00",28.4275,77.1465,PM10,50,245,191
India,Haryana,Gurugram,"Teri Gram, Gurugram - HSPCB","21-09-2026 11:00:00",28.4275,77.1465,CO,22,39,30
India,Haryana,Gurugram,"Teri Gram, Gurugram - HSPCB","21-09-2026 11:00:00",28.4275,77.1465,OZONE,8,25,13
India,Haryana,Hisar,"Urban Estate-II, Hisar - HSPCB","21-09-2026 11:00:00",29.14056,75.744941,PM10,94,123,107
India,Haryana,Karnal,"Sector-12, Karnal - HSPCB","21-09-2026 11:00:00",29.6953,77.0027,CO,45,54,50
India,Haryana,Karnal,"Sector-12, Karnal - HSPCB","21-09-2026 11:00:00",29.6953,77.0027,OZONE,11,13,12
India,Haryana,Manesar,"Sector-2 IMT, Manesar - HSPCB","21-09-2026 11:00:00",28.360699,76.93609,PM10,102,338,176
India,Haryana,Manesar,"Sector-2 IMT, Manesar - HSPCB","21-09-2026 11:00:00",28.360699,76.93609,NO2,16,74,31
India,Haryana,Manesar,"Sector-2 IMT, Manesar - HSPCB","21-09-2026 11:00:00",28.360699,76.93609,OZONE,8,40,20
India,Haryana,Narnaul,"Shastri Nagar, Narnaul - HSPCB","21-09-2026 11:00:00",28.060249,76.113115,PM10,119,145,133
India,Haryana,Panchgaon,"Amity University, Panchgaon - IITM","21-09-2026 11:00:00",28.3153,76.9143,NH3,4,11,6
India,"Madhya Pradesh",Indore,"Regional Park, Indore - IMC","21-09-2026 11:00:00",22.678,75.8559,PM10,3,38,18
India,"Madhya Pradesh",Indore,"Regional Park, Indore - IMC","21-09-2026 11:00:00",22.678,75.8559,SO2,46,71,52
India,"Madhya Pradesh",Indore,"Chhoti Gwaltoli, Indore - MPPCB","21-09-2026 11:00:00",22.431,75.5213,PM2.5,17,37,25
India,"Madhya Pradesh",Indore,"Chhoti Gwaltoli, Indore - MPPCB","21-09-2026 11:00:00",22.431,75.5213,CO,8,18,11
India,"Madhya Pradesh",Indore,"Airport Area, Indore - IMC","21-09-2026 11:00:00",22.7289,75.8076,PM10,2,64,37
India,"Madhya Pradesh",Indore,"Airport Area, Indore - IMC","21-09-2026 11:00:00",22.7289,75.8076,NH3,0,8,0
India,"Madhya Pradesh",Indore,"Airport Area, Indore - IMC","21-09-2026 11:00:00",22.7289,75.8076,SO2,NA,NA,NA
India,"Madhya Pradesh",Indore,"Residency Area, Indore - IMC","21-09-2026 11:00:00",22.7084,75.8815,CO,1,3,2
India,"Madhya Pradesh",Jabalpur,"Marhatal, Jabalpur - MPPCB","21-09-2026 11:00:00",23.168606,79.932247,CO,104,115,107
India,"Madhya Pradesh",Jabalpur,"Govindh Bhavan Colony, Jabalpur - JMC","21-09-2026 11:00:00",23.163174,79.973061,PM10,NA,NA,NA
India,"Madhya Pradesh",Jabalpur,"Suhagi, Jabalpur - JMC","21-09-2026 11:00:00",23.218135,79.95777,PM2.5,18,59,35
India,"Jammu and Kashmir",Pampore,"Khrew, Pampore - JKPCC","21-09-2026 11:00:00",34.031606,75.009712,NO2,0,1,0
India,"Jammu and Kashmir",Srinagar,"Rajbagh, Srinagar - JKPCC","21-09-2026 11:00:00",34.066206,74.81982,CO,11,17,14
India,"Jammu and Kashmir",Srinagar,"Khunmoh, Srinagar - JKPCC","21-09-2026 11:00:00",34.06313,74.96017,SO2,3,5,4
India,"Jammu and Kashmir",Srinagar,"Khunmoh, Srinagar - JKPCC","21-09-2026 11:00:00",34.06313,74.96017,CO,NA,NA,NA
India,Jharkhand,Dhanbad,"Sardar Patel Nagar, Dhanbad - JSPCB","21-09-2026 11:00:00",23.80569,86.44268,PM2.5,NA,NA,NA
India,Jharkhand,Dhanbad,"Sardar Patel Nagar, Dhanbad - JSPCB","21-09-2026 11:00:00",23.80569,86.44268,NH3,NA,NA,NA
India,Jharkhand,Dhanbad,"Sardar Patel Nagar, Dhanbad - JSPCB","21-09-2026 11:00:00",23.80569,86.44268,SO2,NA,NA,NA
India,Jharkhand,Dhanbad,"Sardar Patel Nagar, Dhanbad - JSPCB","21-09-2026 11:00:00",23.80569,86.44268,OZONE,12,54,24
India,Karnataka,Bengaluru,"Hebbal, Bengaluru - KSPCB","21-09-2026 11:00:00",13.029152,77.585901,NO2,10,24,20
India,Karnataka,Bengaluru,"Hombegowda Nagar, Bengaluru - KSPCB","21-09-2026 11:00:00",12.938539,77.5901,NH3,1,1,1
India,Karnataka,Bengaluru,"Jayanagar 5th Block, Bengaluru - KSPCB","21-09-2026 11:00:00",12.920984,77.584908,NH3,0,1,1
India,Karnataka,Bengaluru,"Jayanagar 5th Block, Bengaluru - KSPCB","21-09-2026 11:00:00",12.920984,77.584908,OZONE,13,129,53
India,Maharashtra,Mira-Bhayandar,"Bhayandar West, Mira-Bhayandar - MPCB","21-09-2026 11:00:00",19.296481,72.840923,PM2.5,21,70,44
India,Maharashtra,Mira-Bhayandar,"Bhayandar West, Mira-Bhayandar - MPCB","21-09-2026 11:00:00",19.296481,72.840923,PM10,28,119,51
India,Maharashtra,Mira-Bhayandar,"Bhayandar West, Mira-Bhayandar - MPCB","21-09-2026 11:00:00",19.296481,72.840923,NO2,5,33,17
India,Maharashtra,Mira-Bhayandar,"Bhayandar West, Mira-Bhayandar - MPCB","21-09-2026 11:00:00",19.296481,72.840923,NH3,1,16,8
India,Maharashtra,Mira-Bhayandar,"Bhayandar West, Mira-Bhayandar - MPCB","21-09-2026 11:00:00",19.296481,72.840923,CO,15,22,18
India,Maharashtra,Mira-Bhayandar,"Bhayandar West, Mira-Bhayandar - MPCB","21-09-2026 11:00:00",19.296481,72.840923,OZONE,4,26,9
India,Maharashtra,Mumbai,"Sion, Mumbai - MPCB","21-09-2026 11:00:00",19.047,72.8746,PM2.5,NA,NA,NA
India,Maharashtra,Mumbai,"Sion, Mumbai - MPCB","21-09-2026 11:00:00",19.047,72.8746,NO2,NA,NA,NA
India,Maharashtra,Mumbai,"Sion, Mumbai - MPCB","21-09-2026 11:00:00",19.047,72.8746,NH3,NA,NA,NA
India,Maharashtra,Mumbai,"Sion, Mumbai - MPCB","21-09-2026 11:00:00",19.047,72.8746,CO,17,20,19
India,Maharashtra,Mumbai,"Chhatrapati Shivaji Intl. Airport (T2), Mumbai - MPCB","21-09-2026 11:00:00",19.10078,72.87462,NH3,1,1,1
India,Maharashtra,Mumbai,"Navy Nagar-Colaba, Mumbai - IITM","21-09-2026 11:00:00",18.897756,72.81332,PM2.5,35,84,51
India,Maharashtra,Mumbai,"Navy Nagar-Colaba, Mumbai - IITM","21-09-2026 11:00:00",18.897756,72.81332,PM10,51,106,73
India,Maharashtra,Mumbai,"Navy Nagar-Colaba, Mumbai - IITM","21-09-2026 11:00:00",18.897756,72.81332,SO2,0,9,4
India,Maharashtra,Mumbai,"Bandra Kurla Complex, Mumbai - MPCB","21-09-2026 11:00:00",19.065931,72.862131,SO2,2,4,3
India,Maharashtra,Mumbai,"Bandra Kurla Complex, Mumbai - MPCB","21-09-2026 11:00:00",19.065931,72.862131,CO,14,21,18
India,Maharashtra,Mumbai,"Khindipada-Bhandup West, Mumbai - IITM","21-09-2026 11:00:00",19.1653323,72.922099,PM2.5,10,48,26
India,Maharashtra,Mumbai,"Khindipada-Bhandup West, Mumbai - IITM","21-09-2026 11:00:00",19.1653323,72.922099,PM10,45,101,63
India,Maharashtra,Mumbai,"Khindipada-Bhandup West, Mumbai - IITM","21-09-2026 11:00:00",19.1653323,72.922099,NH3,2,2,2
India,Maharashtra,Mumbai,"Khindipada-Bhandup West, Mumbai - IITM","21-09-2026 11:00:00",19.1653323,72.922099,CO,29,42,34
India,Maharashtra,Mumbai,"Khindipada-Bhandup West, Mumbai - IITM","21-09-2026 11:00:00",19.1653323,72.922099,OZONE,5,25,11
India,Maharashtra,Mumbai,"Kandivali West, Mumbai - BMC","21-09-2026 11:00:00",19.215859,72.831718,PM10,27,59,41
India,Maharashtra,Nanded,"Sneh Nagar, Nanded - MPCB","21-09-2026 11:00:00",19.173852,77.296291,NO2,NA,NA,NA
India,Maharashtra,Nanded,"Sneh Nagar, Nanded - MPCB","21-09-2026 11:00:00",19.173852,77.296291,SO2,NA,NA,NA
India,Maharashtra,Nashik,"Gangapur Road, Nashik - MPCB","21-09-2026 11:00:00",20.0073285,73.7762427,PM2.5,39,62,51
India,Maharashtra,Nashik,"Gangapur Road, Nashik - MPCB","21-09-2026 11:00:00",20.0073285,73.7762427,OZONE,10,52,24
India,Maharashtra,Nashik,"Pandav Nagari, Nashik - MPCB","21-09-2026 11:00:00",19.9591346,73.7788008,PM2.5,48,76,60
India,Maharashtra,Nashik,"Pandav Nagari, Nashik - MPCB","21-09-2026 11:00:00",19.9591346,73.7788008,NH3,3,4,3
India,Maharashtra,Nashik,"Pandav Nagari, Nashik - MPCB","21-09-2026 11:00:00",19.9591346,73.7788008,OZONE,10,34,20
India,Maharashtra,Nashik,"Hirawadi, Nashik - MPCB","21-09-2026 11:00:00",20.021503,73.813844,NH3,2,4,2
India,Maharashtra,Nashik,"Hirawadi, Nashik - MPCB","21-09-2026 11:00:00",20.021503,73.813844,SO2,1,4,3
India,Maharashtra,Nashik,"MIDC Ambad, Nashik - MPCB","21-09-2026 11:00:00",19.95022,73.73148,SO2,1,2,2
India,Maharashtra,"Navi Mumbai","Kopripada-Vashi, Navi Mumbai - MPCB","21-09-2026 11:00:00",19.090337,73.014232,PM10,44,114,76
India,Maharashtra,"Navi Mumbai","Nerul, Navi Mumbai - MPCB","21-09-2026 11:00:00",19.008751,73.01662,PM10,30,86,51
India,Maharashtra,"Navi Mumbai","Nerul, Navi Mumbai - MPCB","21-09-2026 11:00:00",19.008751,73.01662,NO2,3,3,3
India,Maharashtra,"Navi Mumbai","Nerul, Navi Mumbai - MPCB","21-09-2026 11:00:00",19.008751,73.01662,NH3,0,0,0
India,Maharashtra,"Navi Mumbai","Nerul, Navi Mumbai - MPCB","21-09-2026 11:00:00",19.008751,73.01662,SO2,NA,NA,NA
India,Maharashtra,"Navi Mumbai","Nerul, Navi Mumbai - MPCB","21-09-2026 11:00:00",19.008751,73.01662,OZONE,NA,NA,NA
India,Maharashtra,"Navi Mumbai","Tondare-Taloja, Navi Mumbai - MPCB","21-09-2026 11:00:00",19.063,73.1209,PM10,NA,NA,NA
India,Maharashtra,"Navi Mumbai","Tondare-Taloja, Navi Mumbai - MPCB","21-09-2026 11:00:00",19.063,73.1209,NO2,7,13,10
India,Maharashtra,"Navi Mumbai","Tondare-Taloja, Navi Mumbai - MPCB","21-09-2026 11:00:00",19.063,73.1209,CO,28,40,33
India,Maharashtra,"Navi Mumbai","Tondare-Taloja, Navi Mumbai - MPCB","21-09-2026 11:00:00",19.063,73.1209,OZONE,20,20,20
India,Maharashtra,"Navi Mumbai","Sector-2E Kalamboli, Navi Mumbai - MPCB","21-09-2026 11:00:00",19.02579,73.10297,NO2,7,27,11
India,Maharashtra,"Navi Mumbai","Sector-2E Kalamboli, Navi Mumbai - MPCB","21-09-2026 11:00:00",19.02579,73.10297,NH3,6,11,8
India,Maharashtra,Amravati,"Shri Shivaji Science College, Amravati - MPCB","21-09-2026 11:00:00",20.939198,77.765701,NH3,1,2,1
India,Maharashtra,Amravati,"Shri Shivaji Science College, Amravati - MPCB","21-09-2026 11:00:00",20.939198,77.765701,OZONE,9,33,23
India,Maharashtra,Amravati,"Shivneri Colony, Amravati - MPCB","21-09-2026 11:00:00",20.9402359,77.7895248,SO2,1,3,2
India,Maharashtra,Aurangabad,"MIDC Chilkalthana, Aurangabad - MPCB","21-09-2026 11:00:00",19.87562,75.38731,NO2,19,19,19
India,Maharashtra,Aurangabad,"Rachnakar Colony, Aurangabad - MPCB","21-09-2026 11:00:00",19.863756,75.321188,PM2.5,40,68,55
India,Maharashtra,Aurangabad,"Rachnakar Colony, Aurangabad - MPCB","21-09-2026 11:00:00",19.863756,75.321188,NH3,1,2,1
India,Maharashtra,Aurangabad,"Rachnakar Colony, Aurangabad - MPCB","21-09-2026 11:00:00",19.863756,75.321188,OZONE,9,10,10
India,Maharashtra,Badlapur,"Katrap, Badlapur - MPCB","21-09-2026 11:00:00",19.16485,73.23409,NO2,8,12,10
India,Maharashtra,Beed,"Bir, Beed - MPCB","21-09-2026 11:00:00",18.988474,75.753873,PM10,NA,NA,NA
India,Maharashtra,Beed,"Bir, Beed - MPCB","21-09-2026 11:00:00",18.988474,75.753873,OZONE,8,33,19
India,Maharashtra,Belapur,"CBD Belapur, Belapur - MPCB","21-09-2026 11:00:00",19.0243902,73.0406721,PM2.5,33,53,43
India,Maharashtra,Belapur,"CBD Belapur, Belapur - MPCB","21-09-2026 11:00:00",19.0243902,73.0406721,PM10,48,77,63
India,Maharashtra,Belapur,"CBD Belapur, Belapur - MPCB","21-09-2026 11:00:00",19.0243902,73.0406721,OZONE,11,25,15
India,Maharashtra,Bhiwandi,"Gokul Nagar, Bhiwandi - MPCB","21-09-2026 11:00:00",19.309073,73.057223,PM2.5,17,52,22
India,Maharashtra,Boisar,"Khaira, Boisar - MPCB","21-09-2026 11:00:00",19.786089,72.757971,NO2,NA,NA,NA
India,Maharashtra,Chandrapur,"Chauhan Colony, Chandrapur - MPCB","21-09-2026 11:00:00",19.9629,79.298714,PM10,17,76,49
India,Maharashtra,Chandrapur,"Chauhan Colony, Chandrapur - MPCB","21-09-2026 11:00:00",19.9629,79.298714,OZONE,5,19,15
India,Maharashtra,Chandrapur,"MIDC Khutala, Chandrapur - MPCB","21-09-2026 11:00:00",19.9775302,79.2337086,PM2.5,32,39,38
India,Maharashtra,Chandrapur,"MIDC Khutala, Chandrapur - MPCB","21-09-2026 11:00:00",19.9775302,79.2337086,PM10,44,194,98
India,Maharashtra,Chandrapur,"MIDC Khutala, Chandrapur - MPCB","21-09-2026 11:00:00",19.9775302,79.2337086,OZONE,2,19,9
India,Maharashtra,Hingoli,"Ashta Vinayak Nagar, Hingoli - MPCB","21-09-2026 11:00:00",19.710842,77.151824,NH3,1,3,2
India,Maharashtra,Jalgaon,"Prabhat Colony, Jalgaon - MPCB","21-09-2026 11:00:00",21.001264,75.565602,CO,2,14,9
India,Maharashtra,Jalgaon,"Prabhat Colony, Jalgaon - MPCB","21-09-2026 11:00:00",21.001264,75.565602,OZONE,10,39,20
India,Maharashtra,Jalna,"Old MIDC, Jalna - MPCB","21-09-2026 11:00:00",19.854616,75.905894,NH3,3,5,4
India,Maharashtra,Jalna,"Old MIDC, Jalna - MPCB","21-09-2026 11:00:00",19.854616,75.905894,CO,12,29,18
India,Maharashtra,Kalyan,"Khadakpada, Kalyan - MPCB","21-09-2026 11:00:00",19.25292,73.142019,PM10,16,108,57
India,Maharashtra,Kalyan,"Khadakpada, Kalyan - MPCB","21-09-2026 11:00:00",19.25292,73.142019,CO,NA,NA,NA
India,Maharashtra,Kalyan,"Khadakpada, Kalyan - MPCB","21-09-2026 11:00:00",19.25292,73.142019,OZONE,8,8,8
India,Maharashtra,Kolhapur,"Shivaji University, Kolhapur - MPCB","21-09-2026 11:00:00",16.6870449,74.2505872,NO2,5,25,14
India,Maharashtra,Kolhapur,"Shivaji University, Kolhapur - MPCB","21-09-2026 11:00:00",16.6870449,74.2505872,NH3,3,3,3
India,Maharashtra,Kolhapur,"Shivaji University, Kolhapur - MPCB","21-09-2026 11:00:00",16.6870449,74.2505872,CO,6,14,10
India,Maharashtra,Kolhapur,"Shivaji University, Kolhapur - MPCB","21-09-2026 11:00:00",16.6870449,74.2505872,OZONE,10,27,17
India,Maharashtra,Kolhapur,"Sinchan Bhavan, Kolhapur - MPCB","21-09-2026 11:00:00",16.7143745,74.2426398,OZONE,14,44,23
India,Maharashtra,Latur,"Sawe Wadi, Latur - MPCB","21-09-2026 11:00:00",18.39963,76.57452,NO2,4,39,13
India,Maharashtra,Mahad,"Kamble Tarf Birwadi, Mahad - MPCB","21-09-2026 11:00:00",18.1023399,73.4783687,OZONE,16,16,16
India,Maharashtra,Mumbai,"Mazgaon, Mumbai - IITM","21-09-2026 11:00:00",18.96702,72.84214,PM2.5,19,104,46
India,Maharashtra,Mumbai,"Ghatkopar, Mumbai - BMC","21-09-2026 11:00:00",19.083694,72.920967,CO,22,36,26
India,Maharashtra,Mumbai,"Powai, Mumbai - MPCB","21-09-2026 11:00:00",19.1375,72.915056,PM2.5,NA,NA,NA
India,Maharashtra,Mumbai,"Mindspace-Malad West, Mumbai - MPCB","21-09-2026 11:00:00",19.1878657,72.8304069,PM2.5,11,42,23
India,Maharashtra,Mumbai,"Mindspace-Malad West, Mumbai - MPCB","21-09-2026 11:00:00",19.1878657,72.8304069,NO2,18,19,18
India,Maharashtra,Mumbai,"Mindspace-Malad West, Mumbai - MPCB","21-09-2026 11:00:00",19.1878657,72.8304069,OZONE,18,18,18
India,Maharashtra,Mumbai,"Chembur, Mumbai - MPCB","21-09-2026 11:00:00",19.0364585,72.8954371,PM2.5,22,46,34
India,Maharashtra,Mumbai,"Deonar, Mumbai - IITM","21-09-2026 11:00:00",19.04946,72.923,PM2.5,31,75,54
India,Maharashtra,Mumbai,"Deonar, Mumbai - IITM","21-09-2026 11:00:00",19.04946,72.923,SO2,1,4,2
India,Maharashtra,Mumbai,"Malad West, Mumbai - IITM","21-09-2026 11:00:00",19.19709,72.82204,PM2.5,8,62,31
India,Maharashtra,Nagpur,"Ram Nagar, Nagpur - MPCB","21-09-2026 11:00:00",21.143383,79.048912,PM10,37,76,55
India,Maharashtra,Nagpur,"Ram Nagar, Nagpur - MPCB","21-09-2026 11:00:00",21.143383,79.048912,NO2,10,24,15
India,Maharashtra,Nagpur,"Ram Nagar, Nagpur - MPCB","21-09-2026 11:00:00",21.143383,79.048912,CO,17,23,19
India,Maharashtra,Nagpur,"Mahal, Nagpur - MPCB","21-09-2026 11:00:00",21.14472,79.107595,NH3,2,6,3
India,Maharashtra,"Navi Mumbai","Mahape, Navi Mumbai - MPCB","21-09-2026 11:00:00",19.1135051,73.008978,NO2,43,44,43
India,Maharashtra,Parbhani,"Masoom Colony, Parbhani - MPCB","21-09-2026 11:00:00",19.265594,76.761463,NO2,4,11,6
India,Maharashtra,Pimpri-Chinchwad,"Gavalinagar, Pimpri Chinchwad - MPCB","21-09-2026 11:00:00",18.63673,73.82487,NO2,12,39,20
India,Maharashtra,Pimpri-Chinchwad,"Gavalinagar, Pimpri Chinchwad - MPCB","21-09-2026 11:00:00",18.63673,73.82487,OZONE,13,49,26
India,Maharashtra,Pimpri-Chinchwad,"Bhumkar Nagar, Pune - IITM","21-09-2026 11:00:00",18.60577,73.749976,NH3,NA,NA,NA
India,Maharashtra,Pimpri-Chinchwad,"Bhumkar Nagar, Pune - IITM","21-09-2026 11:00:00",18.60577,73.749976,SO2,NA,NA,NA
India,Maharashtra,Pimpri-Chinchwad,"Bhumkar Nagar, Pune - IITM","21-09-2026 11:00:00",18.60577,73.749976,CO,32,43,37
India,Maharashtra,Pimpri-Chinchwad,"Park Street Wakad, Pimpri Chinchwad - MPCB","21-09-2026 11:00:00",18.59051,73.77946,NO2,21,49,35
India,Maharashtra,Pimpri-Chinchwad,"Park Street Wakad, Pimpri Chinchwad - MPCB","21-09-2026 11:00:00",18.59051,73.77946,CO,12,38,24
India,Maharashtra,Pimpri-Chinchwad,"Thergaon, Pimpri Chinchwad - MPCB","21-09-2026 11:00:00",18.616318,73.765797,PM2.5,21,59,35
India,Maharashtra,Pimpri-Chinchwad,"Thergaon, Pimpri Chinchwad - MPCB","21-09-2026 11:00:00",18.616318,73.765797,PM10,46,106,69
India,Maharashtra,Pimpri-Chinchwad,"Transport Nagar-Nigdi, Pune - IITM","21-09-2026 11:00:00",18.664282,73.763966,PM10,56,107,73
India,Maharashtra,Pimpri-Chinchwad,"Transport Nagar-Nigdi, Pune - IITM","21-09-2026 11:00:00",18.664282,73.763966,OZONE,16,69,28
India,"Madhya Pradesh",Jabalpur,"Suhagi, Jabalpur - JMC","21-09-2026 11:00:00",23.218135,79.95777,CO,33,53,45
India,"Madhya Pradesh",Jabalpur,"Suhagi, Jabalpur - JMC","21-09-2026 11:00:00",23.218135,79.95777,OZONE,6,39,18
India,"Madhya Pradesh",Katni,"Gole Bazar, Katni - MPPCB","21-09-2026 11:00:00",23.50016,80.23284,PM10,28,83,53
India,"Madhya Pradesh",Maihar,"Sahilara, Maihar - KJS Cements","21-09-2026 11:00:00",24.2613009,80.7231783,PM10,59,60,60
India,"Madhya Pradesh",Maihar,"Sahilara, Maihar - KJS Cements","21-09-2026 11:00:00",24.2613009,80.7231783,NO2,26,58,42
India,"Madhya Pradesh",Ratlam,"Shasthri Nagar, Ratlam - IPCA Lab","21-09-2026 11:00:00",23.331731,75.045981,CO,NA,NA,NA
India,"Madhya Pradesh",Ratlam,"Shasthri Nagar, Ratlam - IPCA Lab","21-09-2026 11:00:00",23.331731,75.045981,OZONE,NA,NA,NA
India,"Madhya Pradesh",Sagar,"Civil Lines, Sagar - MPPCB","21-09-2026 11:00:00",23.838586,78.759431,CO,31,36,34
India,"Madhya Pradesh",Sagar,"Civil Lines, Sagar - MPPCB","21-09-2026 11:00:00",23.838586,78.759431,OZONE,31,51,39
India,Maharashtra,Akola,"Ramdaspeth, Akola - MPCB","21-09-2026 11:00:00",20.719516,77.000253,NO2,11,26,17
India,Maharashtra,Ambernath,"Chinchpada, Ambernath - MPCB","21-09-2026 11:00:00",19.215784,73.199781,OZONE,7,25,15
India,Maharashtra,Mumbai,"Chakala-Andheri East, Mumbai - IITM","21-09-2026 11:00:00",19.11074,72.86084,PM10,41,94,64
India,Maharashtra,Mumbai,"Chakala-Andheri East, Mumbai - IITM","21-09-2026 11:00:00",19.11074,72.86084,CO,22,39,32
India,Maharashtra,Mumbai,"Bandra Kurla Complex, Mumbai - IITM","21-09-2026 11:00:00",19.053536,72.84643,PM2.5,NA,NA,NA
India,Maharashtra,Mumbai,"Bandra Kurla Complex, Mumbai - IITM","21-09-2026 11:00:00",19.053536,72.84643,NO2,NA,NA,NA
India,Maharashtra,Mumbai,"Byculla, Mumbai - BMC","21-09-2026 11:00:00",18.9767,72.838,SO2,1,6,3
India,Maharashtra,Mumbai,"Byculla, Mumbai - BMC","21-09-2026 11:00:00",18.9767,72.838,OZONE,1,25,7
India,Maharashtra,Mumbai,"Kherwadi_Bandra East, Mumbai - MPCB","21-09-2026 11:00:00",19.0632143,72.8456324,SO2,2,7,5
India,Maharashtra,Mumbai,"Borivali East, Mumbai - IITM","21-09-2026 11:00:00",19.23241,72.86895,PM2.5,39,57,47
India,Maharashtra,Mumbai,"Siddharth Nagar-Worli, Mumbai - IITM","21-09-2026 11:00:00",19.000083,72.813993,NO2,16,59,25
India,Maharashtra,Pune,"Panchawati_Pashan, Pune - IITM","21-09-2026 11:00:00",18.536457,73.805454,SO2,NA,NA,NA
India,Maharashtra,Pune,"Panchawati_Pashan, Pune - IITM","21-09-2026 11:00:00",18.536457,73.805454,CO,14,41,33
India,Maharashtra,Pune,"Revenue Colony-Shivajinagar, Pune - IITM","21-09-2026 11:00:00",18.530085,73.849598,NH3,NA,NA,NA
India,Maharashtra,Pune,"Mhada Colony, Pune - IITM","21-09-2026 11:00:00",18.57304,73.927715,SO2,NA,NA,NA
India,Maharashtra,Pune,"Mhada Colony, Pune - IITM","21-09-2026 11:00:00",18.57304,73.927715,CO,70,88,76
India,Maharashtra,Pune,"Dhankawadi, Pune - IITM","21-09-2026 11:00:00",18.459883,73.852193,SO2,NA,NA,NA
India,Maharashtra,Sangli,"Vijay Nagar, Sangli - MPCB","21-09-2026 11:00:00",16.5038,74.3623,NH3,1,8,3
India,Rajasthan,Barmer,"Railway Colony, Barmer - RSPCB","21-09-2026 11:00:00",25.747299,71.393989,OZONE,66,81,75
India,Rajasthan,Bharatpur,"Krishna Nagar, Bharatpur - RSPCB","21-09-2026 11:00:00",27.215415,77.50873,NO2,8,40,18
India,Rajasthan,Bharatpur,"Krishna Nagar, Bharatpur - RSPCB","21-09-2026 11:00:00",27.215415,77.50873,NH3,4,12,6
India,Rajasthan,Bharatpur,"Krishna Nagar, Bharatpur - RSPCB","21-09-2026 11:00:00",27.215415,77.50873,SO2,2,5,3
India,Rajasthan,Bhiwadi,"Vasundhara Nagar_UIT, Bhiwadi - RSPCB","21-09-2026 11:00:00",28.207266,76.829265,PM2.5,40,311,153
India,Rajasthan,Bhiwadi,"Vasundhara Nagar_UIT, Bhiwadi - RSPCB","21-09-2026 11:00:00",28.207266,76.829265,NH3,9,45,16
India,Rajasthan,Bhiwadi,"RIICO Ind. Area III, Bhiwadi - RSPCB","21-09-2026 11:00:00",28.194909,76.862296,NO2,19,57,33
India,Rajasthan,Bhiwadi,"RIICO Ind. Area III, Bhiwadi - RSPCB","21-09-2026 11:00:00",28.194909,76.862296,OZONE,10,22,15
India,Rajasthan,Bikaner,"MM Ground, Bikaner - RSPCB","21-09-2026 11:00:00",28.018792,73.292658,NO2,25,100,45
India,Rajasthan,Bikaner,"MM Ground, Bikaner - RSPCB","21-09-2026 11:00:00",28.018792,73.292658,SO2,3,10,6
India,Rajasthan,Bundi,"New Colony, Bundi - RSPCB","21-09-2026 11:00:00",25.435774,75.644272,PM2.5,38,92,59
India,Rajasthan,Bundi,"New Colony, Bundi - RSPCB","21-09-2026 11:00:00",25.435774,75.644272,SO2,3,8,5
India,Rajasthan,Chittorgarh,"Shastri Nagar, Chittorgarh - RSPCB","21-09-2026 11:00:00",24.892047,74.623527,PM2.5,22,137,57
India,Rajasthan,Churu,"Subash Chowk, Churu - RSPCB","21-09-2026 11:00:00",28.296139,74.961696,NH3,6,10,8
India,Rajasthan,Churu,"Subash Chowk, Churu - RSPCB","21-09-2026 11:00:00",28.296139,74.961696,OZONE,50,102,67
India,Rajasthan,Dausa,"Khatikan Mohalla, Dausa - RSPCB","21-09-2026 11:00:00",26.895552,76.334753,SO2,2,8,3
India,Rajasthan,Dholpur,"Raja Ganj, Dholpur - RSPCB","21-09-2026 11:00:00",26.699557,77.898881,PM2.5,20,63,38
India,Odisha,Nayagarh,"Dabuna, Nayagarh - OSPCB","21-09-2026 11:00:00",21.847279,85.416905,PM10,17,43,27
India,Odisha,Nayagarh,"Dabuna, Nayagarh - OSPCB","21-09-2026 11:00:00",21.847279,85.416905,NO2,6,7,7
India,Odisha,Paradeep,"Nua Sandhakuda, Paradeep - OSPCB","21-09-2026 11:00:00",20.258828,86.665185,NH3,9,9,9
India,Odisha,Paradeep,"Nua Sandhakuda, Paradeep - OSPCB","21-09-2026 11:00:00",20.258828,86.665185,CO,79,80,80
India,Odisha,Paradeep,"Nua Sandhakuda, Paradeep - OSPCB","21-09-2026 11:00:00",20.258828,86.665185,OZONE,33,35,34
India,Odisha,Rairangpur,"Divisional Forest Office, Rairangpur - OSPCB","21-09-2026 11:00:00",22.265816,86.174829,PM2.5,21,50,27
India,Odisha,Rairangpur,"Divisional Forest Office, Rairangpur - OSPCB","21-09-2026 11:00:00",22.265816,86.174829,NH3,NA,NA,NA
India,Odisha,Rairangpur,"Divisional Forest Office, Rairangpur - OSPCB","21-09-2026 11:00:00",22.265816,86.174829,CO,8,16,13
India,Odisha,Rairangpur,"Divisional Forest Office, Rairangpur - OSPCB","21-09-2026 11:00:00",22.265816,86.174829,OZONE,1,4,3
India,Odisha,Rourkela,"Sector-2, Rourkela - OSPCB","21-09-2026 11:00:00",22.245,84.88111111,NH3,NA,NA,NA
India,Odisha,Rourkela,"Sector-2, Rourkela - OSPCB","21-09-2026 11:00:00",22.245,84.88111111,OZONE,NA,NA,NA
India,Odisha,Talcher,"Talcher Coalfields,Talcher - OSPCB","21-09-2026 11:00:00",20.9360711,85.1707021,PM2.5,1,118,54
India,Odisha,Talcher,"Talcher Coalfields,Talcher - OSPCB","21-09-2026 11:00:00",20.9360711,85.1707021,OZONE,15,17,17
India,Puducherry,Puducherry,"Jawahar Nagar, Puducherry - PPCC","21-09-2026 11:00:00",11.9309,79.8027,PM10,2,34,12
India,Puducherry,Puducherry,"Jawahar Nagar, Puducherry - PPCC","21-09-2026 11:00:00",11.9309,79.8027,OZONE,22,43,31
India,Punjab,Amritsar,"Golden Temple, Amritsar - PPCB","21-09-2026 11:00:00",31.62,74.876512,PM2.5,63,79,68
India,Maharashtra,Sangli,"Vijay Nagar, Sangli - MPCB","21-09-2026 11:00:00",16.5038,74.3623,CO,11,25,18
India,Maharashtra,Sangli,"Vijay Nagar, Sangli - MPCB","21-09-2026 11:00:00",16.5038,74.3623,OZONE,12,27,18
India,Maharashtra,Satara,"Koyana Nagar, Satara - MPCB","21-09-2026 11:00:00",17.696651,74.003387,NO2,6,22,12
India,Maharashtra,Satara,"Koyana Nagar, Satara - MPCB","21-09-2026 11:00:00",17.696651,74.003387,NH3,1,2,1
India,Maharashtra,Satara,"Koyana Nagar, Satara - MPCB","21-09-2026 11:00:00",17.696651,74.003387,OZONE,25,51,33
India,Maharashtra,Solapur,"Ratandeep Housing Society, Solapur - MPCB","21-09-2026 11:00:00",17.65439,75.90649,NO2,9,60,26
India,Maharashtra,Solapur,"Dnyaneshwar Nagar, Solapur - MPCB","21-09-2026 11:00:00",17.6336264,75.9132495,NO2,6,32,14
India,Maharashtra,Thane,"Kasarvadavali, Thane - MPCB","21-09-2026 11:00:00",19.26777,72.97182,PM2.5,24,59,37
India,Maharashtra,Thane,"Kasarvadavali, Thane - MPCB","21-09-2026 11:00:00",19.26777,72.97182,NO2,13,68,25
India,Maharashtra,Thane,"Kasarvadavali, Thane - MPCB","21-09-2026 11:00:00",19.26777,72.97182,CO,45,56,50
India,Maharashtra,Thane,"Upvan Fort, Thane - MPCB","21-09-2026 11:00:00",19.222279,72.957979,NO2,4,17,9
India,Maharashtra,Thane,"Upvan Fort, Thane - MPCB","21-09-2026 11:00:00",19.222279,72.957979,SO2,0,4,2
India,Maharashtra,Thane,"Upvan Fort, Thane - MPCB","21-09-2026 11:00:00",19.222279,72.957979,OZONE,7,26,16
India,Maharashtra,Ulhasnagar,"Sidhi Vinayak Nagar, Ulhasnagar - MPCB","21-09-2026 11:00:00",19.235581,73.159121,CO,5,13,7
India,Rajasthan,Dungarpur,"Bhoiwada, Dungarpur - RSPCB","21-09-2026 11:00:00",23.837789,73.714926,SO2,5,7,6
India,Rajasthan,Dungarpur,"Bhoiwada, Dungarpur - RSPCB","21-09-2026 11:00:00",23.837789,73.714926,CO,17,24,20
India,Rajasthan,Dungarpur,"Bhoiwada, Dungarpur - RSPCB","21-09-2026 11:00:00",23.837789,73.714926,OZONE,6,36,16
India,Rajasthan,Hanumangarh,"Housing Board, Hanumangarh - RSPCB","21-09-2026 11:00:00",29.61075,74.283608,PM2.5,53,93,71
India,Rajasthan,Hanumangarh,"Housing Board, Hanumangarh - RSPCB","21-09-2026 11:00:00",29.61075,74.283608,PM10,72,473,123
India,Rajasthan,Jaipur,"Adarsh Nagar, Jaipur - RSPCB","21-09-2026 11:00:00",26.902909,75.836858,SO2,6,37,24
India,Rajasthan,Jaipur,"Adarsh Nagar, Jaipur - RSPCB","21-09-2026 11:00:00",26.902909,75.836858,OZONE,8,35,20
India,Rajasthan,Jaipur,"Police Commissionerate, Jaipur - RSPCB","21-09-2026 11:00:00",26.9164092,75.7994901,SO2,13,27,20
India,Rajasthan,Jaipur,"RIICO Sitapura, Jaipur - RSPCB","21-09-2026 11:00:00",26.786682,75.827928,OZONE,24,132,60
India,Rajasthan,Jaisalmer,"Sadar Bazar, Jaisalmer - RSPCB","21-09-2026 11:00:00",26.912329,70.909168,PM10,67,157,96
India,Rajasthan,Jaisalmer,"Sadar Bazar, Jaisalmer - RSPCB","21-09-2026 11:00:00",26.912329,70.909168,NO2,51,166,135
India,Rajasthan,Jaisalmer,"Sadar Bazar, Jaisalmer - RSPCB","21-09-2026 11:00:00",26.912329,70.909168,SO2,0,4,2
India,Rajasthan,Jalore,"Mudtra Sili, Jalore - RSPCB","21-09-2026 11:00:00",25.344694,72.626208,NH3,4,10,6
India,Maharashtra,Ulhasnagar,"Vithalwadi, Ulhasnagar - MPCB","21-09-2026 11:00:00",19.2307571,73.155192,CO,7,12,10
India,Maharashtra,Ulhasnagar,"Vithalwadi, Ulhasnagar - MPCB","21-09-2026 11:00:00",19.2307571,73.155192,OZONE,8,15,11
India,Meghalaya,Byrnihat,"15th Mile-Nongthymmai, Byrnihat -Meghalaya PCB","21-09-2026 11:00:00",26.079047,91.875185,NO2,2,2,2
India,Meghalaya,Shillong,"Lumpyngngad, Shillong - Meghalaya PCB","21-09-2026 11:00:00",25.5586,91.8985,PM10,NA,NA,NA
India,Meghalaya,Shillong,"Lumpyngngad, Shillong - Meghalaya PCB","21-09-2026 11:00:00",25.5586,91.8985,NH3,0,0,0
India,Mizoram,Aizawl,"Sikulpuikawn, Aizawl - Mizoram PCB","21-09-2026 11:00:00",23.7176342,92.7192841,NO2,1,1,1
India,Nagaland,Kohima,"PWD Junction, Kohima - NPCB","21-09-2026 11:00:00",25.6635413,94.0989878,SO2,53,74,65
India,Nagaland,Kohima,"PWD Junction, Kohima - NPCB","21-09-2026 11:00:00",25.6635413,94.0989878,CO,1,3,3
India,Odisha,Baripada,"Meher Colony, Baripada - OSPCB","21-09-2026 11:00:00",21.941841,86.728318,NO2,1,28,12
India,Odisha,Baripada,"Meher Colony, Baripada - OSPCB","21-09-2026 11:00:00",21.941841,86.728318,CO,8,21,14
India,Odisha,Bhubaneswar,"Patia, Bhubaneswar - OSPCB","21-09-2026 11:00:00",20.34652,85.8163,NH3,2,12,5
India,Odisha,Bhubaneswar,"Patia, Bhubaneswar - OSPCB","21-09-2026 11:00:00",20.34652,85.8163,CO,14,32,19
India,Odisha,Brajrajnagar,"GM Office, Brajrajnagar - OSPCB","21-09-2026 11:00:00",21.8004996,83.8396977,NO2,24,30,27
India,Odisha,Brajrajnagar,"GM Office, Brajrajnagar - OSPCB","21-09-2026 11:00:00",21.8004996,83.8396977,CO,52,54,53
India,Odisha,Keonjhar,"Jagamohanpur, Keonjhar - OSPCB","21-09-2026 11:00:00",21.6439,85.599355,NO2,14,18,16
India,Odisha,Keonjhar,"Jagamohanpur, Keonjhar - OSPCB","21-09-2026 11:00:00",21.6439,85.599355,OZONE,6,9,7
India,Odisha,Nayagarh,"Dabuna, Nayagarh - OSPCB","21-09-2026 11:00:00",21.847279,85.416905,PM2.5,13,54,29
India,Rajasthan,Ajmer,"Civil Lines,  Ajmer - RSPCB","21-09-2026 11:00:00",26.470859,74.646594,OZONE,14,18,16
India,Rajasthan,Alwar,"Moti Doongri, Alwar - RSPCB","21-09-2026 11:00:00",27.554793,76.611536,PM2.5,57,181,111
India,Rajasthan,Alwar,"Moti Doongri, Alwar - RSPCB","21-09-2026 11:00:00",27.554793,76.611536,NH3,7,12,9
India,Rajasthan,Banswara,"Rati Talai, Banswara - RSPCB","21-09-2026 11:00:00",23.55519,74.44001,CO,10,19,14
India,Rajasthan,Banswara,"Rati Talai, Banswara - RSPCB","21-09-2026 11:00:00",23.55519,74.44001,OZONE,6,60,21
India,Rajasthan,Baran,"Bamboliya, Baran - RSPCB","21-09-2026 11:00:00",25.106006,76.469948,NH3,5,5,5
India,Rajasthan,Baran,"Bamboliya, Baran - RSPCB","21-09-2026 11:00:00",25.106006,76.469948,SO2,4,7,6
India,Rajasthan,Barmer,"Railway Colony, Barmer - RSPCB","21-09-2026 11:00:00",25.747299,71.393989,NH3,3,8,5
India,Rajasthan,Barmer,"Railway Colony, Barmer - RSPCB","21-09-2026 11:00:00",25.747299,71.393989,CO,36,52,44
India,Punjab,Bathinda,"Hardev Nagar, Bathinda - PPCB","21-09-2026 11:00:00",30.233011,74.907758,NO2,24,32,27
India,Punjab,Khanna,"Kalal Majra, Khanna - PPCB","21-09-2026 11:00:00",30.736056,76.209694,NH3,4,10,6
India,Punjab,Ludhiana,"Punjab Agricultural University, Ludhiana - PPCB","21-09-2026 11:00:00",30.9028,75.8086,NH3,3,10,8
India,Punjab,Patiala,"Model Town, Patiala - PPCB","21-09-2026 11:00:00",30.349388,76.366642,PM10,55,73,62
India,Punjab,Patiala,"Model Town, Patiala - PPCB","21-09-2026 11:00:00",30.349388,76.366642,NH3,3,10,6
India,Punjab,Rupnagar,"Ratanpura, Rupnagar - Ambuja Cements","21-09-2026 11:00:00",31.0325454,76.5623046,NH3,NA,NA,NA
India,Rajasthan,Ajmer,"Civil Lines,  Ajmer - RSPCB","21-09-2026 11:00:00",26.470859,74.646594,NO2,32,38,35
India,Rajasthan,Jodhpur,"Samrat Ashok Udhyan, Jodhpur - RSPCB","21-09-2026 11:00:00",26.253384,72.976571,PM2.5,23,93,55
India,Rajasthan,Jodhpur,"Mandor, Jodhpur - RSPCB","21-09-2026 11:00:00",26.358805,73.047444,SO2,NA,NA,NA
India,Rajasthan,Jodhpur,"Digari Kalan, Jodhpur - RSPCB","21-09-2026 11:00:00",26.29581,73.082283,PM2.5,30,83,45
India,Rajasthan,Jodhpur,"Digari Kalan, Jodhpur - RSPCB","21-09-2026 11:00:00",26.29581,73.082283,SO2,5,6,5
India,Rajasthan,Karauli,"Satyawati Vihar, Karauli - RSPCB","21-09-2026 11:00:00",26.506177,77.025989,PM10,NA,NA,NA
India,Rajasthan,Khairthal,"New Anaj Mandi, Khairthal - RSPCB","21-09-2026 11:00:00",27.8015617,76.6365217,PM2.5,98,305,181
India,"Uttar Pradesh",Ghaziabad,"Loni, Ghaziabad - UPPCB","21-09-2026 11:00:00",28.757294,77.278792,PM10,120,267,186
India,"Uttar Pradesh",Ghaziabad,"Loni, Ghaziabad - UPPCB","21-09-2026 11:00:00",28.757294,77.278792,SO2,11,22,17
India,"Uttar Pradesh",Ghaziabad,"Loni, Ghaziabad - UPPCB","21-09-2026 11:00:00",28.757294,77.278792,CO,42,63,53
India,"Uttar Pradesh",Ghaziabad,"Vasundhara, Ghaziabad - UPPCB","21-09-2026 11:00:00",28.6603346,77.3572563,NH3,6,8,7
India,"Uttar Pradesh",Ghaziabad,"Sanjay Nagar, Ghaziabad - UPPCB","21-09-2026 11:00:00",28.685382,77.453839,NH3,6,16,8
India,"Uttar Pradesh",Gorakhpur,"Madan Mohan Malaviya University of Technology, Gorakhpur - UPPCB","21-09-2026 11:00:00",26.730136,83.433859,PM10,54,134,80
India,"Uttar Pradesh","Greater Noida","Knowledge Park - V, Greater Noida - UPPCB","21-09-2026 11:00:00",28.557054,77.453663,NO2,28,109,69
India,"Uttar Pradesh","Greater Noida","Knowledge Park - III, Greater Noida - UPPCB","21-09-2026 11:00:00",28.47272,77.482,OZONE,2,7,4
India,"Uttar Pradesh",Hapur,"Anand Vihar, Hapur - UPPCB","21-09-2026 11:00:00",28.725645,77.749675,PM2.5,89,275,152
India,"Uttar Pradesh",Hapur,"Anand Vihar, Hapur - UPPCB","21-09-2026 11:00:00",28.725645,77.749675,PM10,95,166,130
India,"Uttar Pradesh",Hapur,"Anand Vihar, Hapur - UPPCB","21-09-2026 11:00:00",28.725645,77.749675,SO2,9,13,12
India,"Uttar Pradesh",Jhansi,"Shivaji Nagar, Jhansi - UPPCB","21-09-2026 11:00:00",25.4547,78.6039,NO2,6,7,6
India,"Uttar Pradesh",Kanpur,"FTI Kidwai Nagar, Kanpur - UPPCB","21-09-2026 11:00:00",26.428282,80.327067,NH3,3,3,3
India,"Uttar Pradesh",Kanpur,"FTI Kidwai Nagar, Kanpur - UPPCB","21-09-2026 11:00:00",26.428282,80.327067,SO2,28,32,30
India,"Uttar Pradesh",Kanpur,"NSI Kalyanpur, Kanpur - UPPCB","21-09-2026 11:00:00",26.509954,80.249612,PM10,52,104,80
India,"Uttar Pradesh",Kanpur,"NSI Kalyanpur, Kanpur - UPPCB","21-09-2026 11:00:00",26.509954,80.249612,NO2,31,32,32
India,Rajasthan,Sikar,"Radhakishan Pura, Sikar - RSPCB","21-09-2026 11:00:00",27.608912,75.153302,CO,28,33,30
India,Rajasthan,Sirohi,"Vedhaynath Colony, Sirohi - RSPCB","21-09-2026 11:00:00",24.885261,72.857549,PM10,23,117,57
India,Rajasthan,Sirohi,"Vedhaynath Colony, Sirohi - RSPCB","21-09-2026 11:00:00",24.885261,72.857549,NO2,4,56,20
India,Rajasthan,Sirohi,"Vedhaynath Colony, Sirohi - RSPCB","21-09-2026 11:00:00",24.885261,72.857549,CO,5,28,16
India,Rajasthan,"Sri Ganganagar","Old City, Sri Ganganagar - RSPCB","21-09-2026 11:00:00",29.931624,73.864511,OZONE,8,31,17
India,Rajasthan,Udaipur,"Ashok Nagar, Udaipur - RSPCB","21-09-2026 11:00:00",24.5886166,73.6321397,PM2.5,47,101,70
India,Rajasthan,Udaipur,"Ashok Nagar, Udaipur - RSPCB","21-09-2026 11:00:00",24.5886166,73.6321397,SO2,3,10,6
India,Sikkim,Gangtok,"Zero Point GICI, Gangtok - SSPCB","21-09-2026 11:00:00",27.33853,88.614099,SO2,1,1,1
India,Sikkim,Gangtok,"Zero Point GICI, Gangtok - SSPCB","21-09-2026 11:00:00",27.33853,88.614099,CO,1,8,3
India,"Tamil Nadu",Chennai,"Manali Village, Chennai - TNPCB","21-09-2026 11:00:00",13.1662,80.2584,NO2,0,22,18
India,"Tamil Nadu",Chennai,"Manali, Chennai - CPCB","21-09-2026 11:00:00",13.164544,80.26285,NO2,10,12,10
India,"Tamil Nadu",Chennai,"Manali, Chennai - CPCB","21-09-2026 11:00:00",13.164544,80.26285,NH3,6,7,6
India,Telangana,Hyderabad,"Kompally Municipal Office, Hyderabad - TSPCB","21-09-2026 11:00:00",17.544899,78.486949,PM10,62,80,70
India,Telangana,Hyderabad,"Kompally Municipal Office, Hyderabad - TSPCB","21-09-2026 11:00:00",17.544899,78.486949,NH3,2,3,2
India,"Uttar Pradesh",Khora,"Prashant Garden, Khora - UPPCB","21-09-2026 11:00:00",28.61119,77.34206,PM2.5,200,312,257
India,"Uttar Pradesh",Khora,"Prashant Garden, Khora - UPPCB","21-09-2026 11:00:00",28.61119,77.34206,OZONE,24,130,58
India,"Uttar Pradesh",Khurja,"Kalindi Kunj, Khurja - UPPCB","21-09-2026 11:00:00",28.2348927,77.8683002,PM10,NA,NA,NA
India,"Uttar Pradesh",Khurja,"Kalindi Kunj, Khurja - UPPCB","21-09-2026 11:00:00",28.2348927,77.8683002,NO2,12,13,13
India,"Uttar Pradesh",Lucknow,"B R Ambedkar University, Lucknow - UPPCB","21-09-2026 11:00:00",26.766433,80.927299,PM10,39,109,59
India,"Uttar Pradesh",Lucknow,"B R Ambedkar University, Lucknow - UPPCB","21-09-2026 11:00:00",26.766433,80.927299,OZONE,12,37,23
India,"Uttar Pradesh",Lucknow,"Kendriya Vidyalaya, Lucknow - CPCB","21-09-2026 11:00:00",26.906111,80.948222,PM10,64,99,77
India,"Uttar Pradesh",Lucknow,"Kendriya Vidyalaya, Lucknow - CPCB","21-09-2026 11:00:00",26.906111,80.948222,NO2,24,36,30
India,"Uttar Pradesh",Lucknow,"Kendriya Vidyalaya, Lucknow - CPCB","21-09-2026 11:00:00",26.906111,80.948222,SO2,2,10,6
India,"Uttar Pradesh",Lucknow,"Lalbagh, Lucknow - CPCB","21-09-2026 11:00:00",26.8458805,80.9365541,SO2,2,7,4
India,"Uttar Pradesh",Lucknow,"Gomti Nagar, Lucknow - UPPCB","21-09-2026 11:00:00",26.86812,81.005119,CO,38,41,39
India,"Uttar Pradesh",Lucknow,"Gomti Nagar, Lucknow - UPPCB","21-09-2026 11:00:00",26.86812,81.005119,OZONE,39,45,41
India,"Uttar Pradesh",Lucknow,"Kukrail Picnic Spot-1, Lucknow - UPPCB","21-09-2026 11:00:00",26.90723,80.98579,SO2,29,32,31
India,"Uttar Pradesh",Mathura,"Pali Dungra, Mathura - UPPCB","21-09-2026 11:00:00",27.410954,77.550619,NO2,4,8,6
India,"Uttar Pradesh",Bareilly,"Civil Lines, Bareilly - UPPCB","21-09-2026 11:00:00",28.359581,79.414455,OZONE,2,2,2
India,"Uttar Pradesh",Bulandshahr,"Yamunapuram, Bulandshahr - UPPCB","21-09-2026 11:00:00",28.406963,77.849831,PM10,108,241,153
India,"Uttar Pradesh",Bulandshahr,"Yamunapuram, Bulandshahr - UPPCB","21-09-2026 11:00:00",28.406963,77.849831,SO2,3,16,10
India,"Uttar Pradesh",Firozabad,"Nagla Bhau, Firozabad - UPPCB","21-09-2026 11:00:00",27.168897,78.37696,PM10,NA,NA,NA
India,"Uttar Pradesh",Firozabad,"Nagla Bhau, Firozabad - UPPCB","21-09-2026 11:00:00",27.168897,78.37696,NO2,8,17,17
India,"Uttar Pradesh",Firozabad,"Vibhab Nagar, Firozabad - UPPCB","21-09-2026 11:00:00",27.1594,78.3953,PM2.5,22,50,35
India,"Uttar Pradesh",Firozabad,"Vibhab Nagar, Firozabad - UPPCB","21-09-2026 11:00:00",27.1594,78.3953,NO2,15,15,15
India,"Uttar Pradesh",Ghaziabad,"Indirapuram, Ghaziabad - UPPCB","21-09-2026 11:00:00",28.646233,77.358075,PM10,95,161,122
India,"Uttar Pradesh",Ghaziabad,"Indirapuram, Ghaziabad - UPPCB","21-09-2026 11:00:00",28.646233,77.358075,SO2,5,9,7
India,"Uttar Pradesh",Ghaziabad,"Indirapuram, Ghaziabad - UPPCB","21-09-2026 11:00:00",28.646233,77.358075,OZONE,16,39,25
India,"Uttar Pradesh",Ghaziabad,"Ved Vihar-Loni, Ghaziabad - UPPCB","21-09-2026 11:00:00",28.739153,77.273668,PM10,115,156,134
India,"Uttar Pradesh",Ghaziabad,"Ved Vihar-Loni, Ghaziabad - UPPCB","21-09-2026 11:00:00",28.739153,77.273668,NO2,22,68,32
India,"Uttar Pradesh",Ghaziabad,"Wave City, Ghaziabad - UPPCB","21-09-2026 11:00:00",28.646675,77.489049,NH3,NA,NA,NA
India,"Uttar Pradesh",Ghaziabad,"Wave City, Ghaziabad - UPPCB","21-09-2026 11:00:00",28.646675,77.489049,SO2,2,4,3
India,Telangana,Hyderabad,"Nacharam_TSIIC IALA, Hyderabad - TSPCB","21-09-2026 11:00:00",17.429398,78.569354,PM10,NA,NA,NA
India,Telangana,Hyderabad,"Nacharam_TSIIC IALA, Hyderabad - TSPCB","21-09-2026 11:00:00",17.429398,78.569354,NH3,NA,NA,NA
India,Telangana,Hyderabad,"Nacharam_TSIIC IALA, Hyderabad - TSPCB","21-09-2026 11:00:00",17.429398,78.569354,SO2,NA,NA,NA
India,Telangana,Hyderabad,"Nacharam_TSIIC IALA, Hyderabad - TSPCB","21-09-2026 11:00:00",17.429398,78.569354,OZONE,22,24,23
India,Telangana,Hyderabad,"Sanathnagar, Hyderabad - TSPCB","21-09-2026 11:00:00",17.4559458,78.4332152,PM10,NA,NA,NA
India,Telangana,Hyderabad,"Sanathnagar, Hyderabad - TSPCB","21-09-2026 11:00:00",17.4559458,78.4332152,CO,36,41,39
India,Telangana,Hyderabad,"Somajiguda, Hyderabad - TSPCB","21-09-2026 11:00:00",17.417094,78.457437,NO2,11,19,14
India,Tripura,Agartala,"Bardowali, Agartala - Tripura SPCB","21-09-2026 11:00:00",23.8175497,91.2726974,OZONE,2,7,3
India,"Uttar Pradesh",Agra,"Sanjay Palace, Agra - UPPCB","21-09-2026 11:00:00",27.19865833,78.00598056,CO,30,34,33
India,"Uttar Pradesh",Agra,"Sector-3B Avas Vikas Colony, Agra - UPPCB","21-09-2026 11:00:00",27.19412,77.96237,PM2.5,34,77,53
India,"Uttar Pradesh",Agra,"Sector-3B Avas Vikas Colony, Agra - UPPCB","21-09-2026 11:00:00",27.19412,77.96237,NH3,4,4,4
India,"Uttar Pradesh",Agra,"Sector-3B Avas Vikas Colony, Agra - UPPCB","21-09-2026 11:00:00",27.19412,77.96237,CO,45,48,47
India,Rajasthan,Khairthal,"New Anaj Mandi, Khairthal - RSPCB","21-09-2026 11:00:00",27.8015617,76.6365217,OZONE,31,86,54
India,Rajasthan,Kota,"Nayapura, Kota - RSPCB","21-09-2026 11:00:00",25.196024,75.855668,PM10,37,92,59
India,Rajasthan,Kota,"Nayapura, Kota - RSPCB","21-09-2026 11:00:00",25.196024,75.855668,OZONE,3,63,20
India,Rajasthan,Kota,"Dhanmandi, Kota - RSPCB","21-09-2026 11:00:00",25.16409,75.858137,PM10,43,109,69
India,Rajasthan,Kota,"Dhanmandi, Kota - RSPCB","21-09-2026 11:00:00",25.16409,75.858137,CO,16,16,16
India,Rajasthan,Nagaur,"Karni Colony, Nagaur - RSPCB","21-09-2026 11:00:00",27.213494,73.734444,NH3,4,13,7
India,Rajasthan,Pali,"Indira Colony Vistar, Pali - RSPCB","21-09-2026 11:00:00",25.771061,73.340227,CO,9,32,22
India,Rajasthan,Pratapgarh,"Pragati Nagar, Pratapgarh - RSPCB","21-09-2026 11:00:00",24.041198,74.780702,OZONE,19,55,30
India,Rajasthan,"Sawai Madhopur","Sahu Nagar, Sawai Madhopur - RSPCB","21-09-2026 11:00:00",26.031443,76.359327,PM10,42,118,64
India,Rajasthan,"Sawai Madhopur","Sahu Nagar, Sawai Madhopur - RSPCB","21-09-2026 11:00:00",26.031443,76.359327,NH3,2,5,3
India,"Uttar Pradesh",Meerut,"Pallavpuram Phase 2, Meerut - UPPCB","21-09-2026 11:00:00",29.06351,77.709723,PM10,98,230,141
India,"Uttar Pradesh",Meerut,"Pallavpuram Phase 2, Meerut - UPPCB","21-09-2026 11:00:00",29.06351,77.709723,SO2,2,102,31
India,"Uttar Pradesh",Meerut,"Pallavpuram Phase 2, Meerut - UPPCB","21-09-2026 11:00:00",29.06351,77.709723,OZONE,15,76,31
India,"Uttar Pradesh",Meerut,"Ganga Nagar, Meerut - UPPCB","21-09-2026 11:00:00",28.999264,77.7590354,NO2,22,55,33
India,"Uttar Pradesh",Meerut,"MIET College, Meerut - UPPCB","21-09-2026 11:00:00",28.972677,77.641018,NO2,21,72,34
India,"Uttar Pradesh",Meerut,"MIET College, Meerut - UPPCB","21-09-2026 11:00:00",28.972677,77.641018,SO2,2,4,3
India,"Uttar Pradesh",Moradabad,"Eco Herbal Park, Moradabad - UPPCB","21-09-2026 11:00:00",28.840739,78.697531,NO2,12,49,27
India,"Uttar Pradesh",Moradabad,"Eco Herbal Park, Moradabad - UPPCB","21-09-2026 11:00:00",28.840739,78.697531,SO2,9,16,11
India,"Uttar Pradesh",Moradabad,"Transport Nagar, Moradabad - UPPCB","21-09-2026 11:00:00",28.802625,78.753728,PM2.5,46,339,127
India,"Uttar Pradesh",Moradabad,"Employment Office, Moradabad - UPPCB","21-09-2026 11:00:00",28.88528,78.7388,NO2,23,24,23
India,Telangana,Hyderabad,"Ramachandrapuram, Hyderabad - TSPCB","21-09-2026 11:00:00",17.528544,78.286195,NO2,10,13,13
India,Telangana,Hyderabad,"ECIL Kapra, Hyderabad - TSPCB","21-09-2026 11:00:00",17.470431,78.566959,PM10,46,51,48
India,Telangana,Hyderabad,"ECIL Kapra, Hyderabad - TSPCB","21-09-2026 11:00:00",17.470431,78.566959,NO2,10,13,11
India,Telangana,Hyderabad,"Kokapet, Hyderabad - TSPCB","21-09-2026 11:00:00",17.393559,78.339194,NH3,2,3,2
India,Telangana,Hyderabad,"New Malakpet, Hyderabad - TSPCB","21-09-2026 11:00:00",17.37206,78.50864,PM10,42,54,46
India,Telangana,Hyderabad,"Bollaram Industrial Area, Hyderabad - TSPCB","21-09-2026 11:00:00",17.518,78.383,NH3,NA,NA,NA
India,Telangana,Hyderabad,"Bollaram Industrial Area, Hyderabad - TSPCB","21-09-2026 11:00:00",17.518,78.383,OZONE,26,26,26
India,Telangana,Hyderabad,"Central University, Hyderabad - TSPCB","21-09-2026 11:00:00",17.460103,78.334361,PM10,15,61,43
India,"Uttar Pradesh",Agra,"Rohta, Agra - UPPCB","21-09-2026 11:00:00",27.106972,78.000111,PM2.5,21,58,45
India,"Uttar Pradesh",Agra,"Shahjahan Garden, Agra - UPPCB","21-09-2026 11:00:00",27.169338,78.03582,CO,62,71,66
India,"Uttar Pradesh",Baghpat,"Sardar Patel Inter College, Baghpat - UPPCB","21-09-2026 11:00:00",28.964949,77.278761,OZONE,12,86,33
India,"Uttar Pradesh",Bareilly,"Rajendra Nagar, Bareilly - UPPCB","21-09-2026 11:00:00",28.38910936,79.42963708,OZONE,NA,NA,NA
India,"Uttar Pradesh",Bareilly,"Civil Lines, Bareilly - UPPCB","21-09-2026 11:00:00",28.359581,79.414455,SO2,48,82,64
India,"Uttar Pradesh",Moradabad,"Buddhi Vihar, Moradabad - UPPCB","21-09-2026 11:00:00",28.83526,78.7446,NO2,28,29,29
India,"Uttar Pradesh",Moradabad,"Buddhi Vihar, Moradabad - UPPCB","21-09-2026 11:00:00",28.83526,78.7446,SO2,34,37,36
India,"Uttar Pradesh",Moradabad,"Jigar Colony, Moradabad - UPPCB","21-09-2026 11:00:00",28.856664,78.772638,SO2,32,44,40
India,"Uttar Pradesh",Muzaffarnagar,"New Mandi, Muzaffarnagar - UPPCB","21-09-2026 11:00:00",29.4723508,77.7194031,PM2.5,73,216,117
India,"Uttar Pradesh",Muzaffarnagar,"New Mandi, Muzaffarnagar - UPPCB","21-09-2026 11:00:00",29.4723508,77.7194031,NO2,15,56,28
India,"Uttar Pradesh",Muzaffarnagar,"New Mandi, Muzaffarnagar - UPPCB","21-09-2026 11:00:00",29.4723508,77.7194031,OZONE,10,61,29
India,"Uttar Pradesh",Noida,"Sector - 62, Noida - IITM","21-09-2026 11:00:00",28.6245479,77.3577104,OZONE,15,25,19
India,"Uttar Pradesh",Noida,"Sector - 125, Noida - UPPCB","21-09-2026 11:00:00",28.5447608,77.3231257,NH3,3,3,3
India,"Uttar Pradesh",Noida,"Sector - 125, Noida - UPPCB","21-09-2026 11:00:00",28.5447608,77.3231257,CO,1,39,17
India,"Uttar Pradesh",Noida,"Sector-116, Noida - UPPCB","21-09-2026 11:00:00",28.56923,77.393848,SO2,12,28,18
India,"Uttar Pradesh",Noida,"Sector-116, Noida - UPPCB","21-09-2026 11:00:00",28.56923,77.393848,CO,39,65,49
India,"Uttar Pradesh",Prayagraj,"Nagar Nigam, Prayagraj - UPPCB","21-09-2026 11:00:00",25.44919916,81.82735986,PM2.5,13,36,22
India,"Uttar Pradesh",Prayagraj,"Jhunsi, Prayagraj - UPPCB","21-09-2026 11:00:00",25.425602,81.917152,PM2.5,11,75,32
India,"Uttar Pradesh",Prayagraj,"Jhunsi, Prayagraj - UPPCB","21-09-2026 11:00:00",25.425602,81.917152,SO2,16,47,29
India,"Uttar Pradesh",Varanasi,"Maldahiya, Varanasi - UPPCB","21-09-2026 11:00:00",25.32393,82.99687,PM2.5,10,105,39
India,"Uttar Pradesh",Varanasi,"Maldahiya, Varanasi - UPPCB","21-09-2026 11:00:00",25.32393,82.99687,OZONE,5,6,6
India,"Uttar Pradesh",Varanasi,"Ardhali Bazar, Varanasi - UPPCB","21-09-2026 11:00:00",25.3505986,82.9083074,NH3,NA,NA,NA
India,"Uttar Pradesh",Varanasi,"IESD Banaras Hindu University, Varanasi - UPPCB","21-09-2026 11:00:00",25.262326,82.995408,PM2.5,19,77,41
India,"Uttar Pradesh",Vrindavan," Chhatikara, Vrindavan - UPPCB","21-09-2026 11:00:00",27.57194,77.62346,CO,147,148,148
India,Uttarakhand,Kashipur,"Govt. Girls Inter College, Kashipur - UKPCB","21-09-2026 11:00:00",29.2124114,78.9611753,NO2,NA,NA,NA
India,Uttarakhand,Rishikesh,"Shivaji Nagar, Rishikesh - UKPCB","21-09-2026 11:00:00",30.075911,78.2859547,SO2,1,1,1
India,Uttarakhand,Rishikesh,"Shivaji Nagar, Rishikesh - UKPCB","21-09-2026 11:00:00",30.075911,78.2859547,CO,NA,NA,NA
India,Uttarakhand,Rishikesh,"Shivaji Nagar, Rishikesh - UKPCB","21-09-2026 11:00:00",30.075911,78.2859547,OZONE,34,34,34
India,"West Bengal",Asansol,"Asansol Court Area, Asansol - WBPCB","21-09-2026 11:00:00",23.685297,86.945968,PM2.5,2,39,22
India,"West Bengal",Asansol,"Asansol Court Area, Asansol - WBPCB","21-09-2026 11:00:00",23.685297,86.945968,PM10,15,57,30
India,"West Bengal",Asansol,"Asansol Court Area, Asansol - WBPCB","21-09-2026 11:00:00",23.685297,86.945968,CO,27,42,34
India,"West Bengal",Asansol,"Evelyn Lodge, Asansol - WBPCB","21-09-2026 11:00:00",23.697936,86.944395,NO2,13,37,18
India,"West Bengal",Asansol,"Evelyn Lodge, Asansol - WBPCB","21-09-2026 11:00:00",23.697936,86.944395,NH3,4,4,4
India,"West Bengal",Asansol,"Evelyn Lodge, Asansol - WBPCB","21-09-2026 11:00:00",23.697936,86.944395,SO2,77,78,77
India,"West Bengal",Asansol,"Mahabir Colliery, Asansol - WBPCB","21-09-2026 11:00:00",23.618183,87.105718,NO2,3,8,5
India,"West Bengal",Asansol,"Mahabir Colliery, Asansol - WBPCB","21-09-2026 11:00:00",23.618183,87.105718,CO,14,29,20
India,"West Bengal",Asansol,"Trivenidevi Bhalotia College, Asansol - WBPCB","21-09-2026 11:00:00",23.616515,87.119133,PM10,12,115,23
India,"West Bengal",Asansol,"Trivenidevi Bhalotia College, Asansol - WBPCB","21-09-2026 11:00:00",23.616515,87.119133,SO2,6,9,7
India,"West Bengal",Barrackpore,"SVSPA Campus, Barrackpore - WBPCB","21-09-2026 11:00:00",22.7605581,88.3617589,CO,37,41,40
India,"West Bengal",Barrackpore,"SVSPA Campus, Barrackpore - WBPCB","21-09-2026 11:00:00",22.7605581,88.3617589,OZONE,10,25,17
India,"West Bengal",Durgapur,"Mahishkapur Road_B-Zone, Durgapur - WBPCB","21-09-2026 11:00:00",23.567923,87.306843,PM10,12,61,26
India,"West Bengal",Durgapur,"Mahishkapur Road_B-Zone, Durgapur - WBPCB","21-09-2026 11:00:00",23.567923,87.306843,OZONE,17,33,22
India,"West Bengal",Durgapur,"Womens College_City Center, Durgapur - WBPCB","21-09-2026 11:00:00",23.549395,87.300496,PM10,25,47,32
India,"West Bengal",Haldia,"Priyambada Housing Estate, Haldia - WBPCB","21-09-2026 11:00:00",22.06047,88.109737,CO,28,34,30
India,"West Bengal",Howrah,"Ghusuri, Howrah - WBPCB","21-09-2026 11:00:00",22.611968,88.347422,OZONE,19,23,20
India,"West Bengal",Howrah,"Belur Math, Howrah - WBPCB","21-09-2026 11:00:00",22.629801,88.352017,PM10,23,40,31
India,"West Bengal",Howrah,"Belur Math, Howrah - WBPCB","21-09-2026 11:00:00",22.629801,88.352017,OZONE,8,10,9
India,"West Bengal",Howrah,"Dasnagar, Howrah - WBPCB","21-09-2026 11:00:00",22.6025571,88.3105664,PM10,22,73,40
India,"West Bengal",Howrah,"Dasnagar, Howrah - WBPCB","21-09-2026 11:00:00",22.6025571,88.3105664,NO2,2,11,5
India,"West Bengal",Howrah,"Dasnagar, Howrah - WBPCB","21-09-2026 11:00:00",22.6025571,88.3105664,OZONE,1,35,13
India,"West Bengal",Howrah,"Padmapukur, Howrah - WBPCB","21-09-2026 11:00:00",22.5687319,88.2797276,SO2,4,8,6
India,"West Bengal",Howrah,"Botanical Garden, Howrah - WBPCB","21-09-2026 11:00:00",22.554954,88.292568,SO2,8,9,9
India,"West Bengal",Howrah,"Botanical Garden, Howrah - WBPCB","21-09-2026 11:00:00",22.554954,88.292568,CO,20,28,25
India,"West Bengal",Kolkata,"Rabindra Bharati University, Kolkata - WBPCB","21-09-2026 11:00:00",22.627847,88.380669,PM2.5,8,28,15
India,"West Bengal",Kolkata,"Rabindra Bharati University, Kolkata - WBPCB","21-09-2026 11:00:00",22.627847,88.380669,NH3,4,6,5
India,"West Bengal",Kolkata,"Fort William, Kolkata - WBPCB","21-09-2026 11:00:00",22.55664,88.342674,NH3,7,8,7
India,"West Bengal",Kolkata,"Fort William, Kolkata - WBPCB","21-09-2026 11:00:00",22.55664,88.342674,CO,14,20,18
India,"West Bengal",Kolkata,"Ballygunge, Kolkata - WBPCB","21-09-2026 11:00:00",22.5367507,88.3638022,NO2,20,178,37
India,"West Bengal",Kolkata,"Ballygunge, Kolkata - WBPCB","21-09-2026 11:00:00",22.5367507,88.3638022,CO,19,24,22
India,"West Bengal",Kolkata,"Victoria, Kolkata - WBPCB","21-09-2026 11:00:00",22.5448082,88.3403691,SO2,2,17,9
India,"West Bengal",Siliguri,"Ward-32 Bapupara, Siliguri - WBPCB","21-09-2026 11:00:00",26.6879226,88.4152495,PM2.5,NA,NA,NA
India,"West Bengal",Siliguri,"Ward-32 Bapupara, Siliguri - WBPCB","21-09-2026 11:00:00",26.6879226,88.4152495,CO,20,37,29
India,Chhattisgarh,Bhilai,"Hathkhoj, Bhilai - CECB","21-09-2026 11:00:00",21.224231,81.40835,PM2.5,33,75,55
India,Chhattisgarh,Bhilai,"Hathkhoj, Bhilai - CECB","21-09-2026 11:00:00",21.224231,81.40835,PM10,27,78,48
India,Chhattisgarh,Bhilai,"Hathkhoj, Bhilai - CECB","21-09-2026 11:00:00",21.224231,81.40835,SO2,6,40,14
India,Chhattisgarh,Bhilai,"Civic Center, Bhilai - Bhilai Steel Plant","21-09-2026 11:00:00",21.185571,81.343175,SO2,8,11,10
India,Chhattisgarh,Bhilai,"Civic Center, Bhilai - Bhilai Steel Plant","21-09-2026 11:00:00",21.185571,81.343175,OZONE,11,12,12
India,Chhattisgarh,Bhilai,"32Bungalows, Bhilai - CECB","21-09-2026 11:00:00",21.194815,81.31477,NH3,3,4,4
India,Chhattisgarh,Bhilai,"32Bungalows, Bhilai - CECB","21-09-2026 11:00:00",21.194815,81.31477,CO,15,30,21
India,Chhattisgarh,Bilaspur,"Mangala, Bilaspur - NTPC","21-09-2026 11:00:00",22.08815,82.13737,PM10,28,86,49
India,Chhattisgarh,Bilaspur,"Mangala, Bilaspur - NTPC","21-09-2026 11:00:00",22.08815,82.13737,SO2,7,14,11
India,Chhattisgarh,Chhal,"Nawapara SECL Colony, Chhal - CECB","21-09-2026 11:00:00",22.118125,83.140608,NH3,NA,NA,NA
India,Chhattisgarh,Korba,"Urja Nagar, Korba - CECB","21-09-2026 11:00:00",22.348441,82.549611,PM10,25,58,37
India,Chhattisgarh,Korba,"Urja Nagar, Korba - CECB","21-09-2026 11:00:00",22.348441,82.549611,OZONE,5,5,5
India,Chhattisgarh,Korba,"Rampur, Korba - CECB","21-09-2026 11:00:00",22.368195,82.746431,SO2,2,7,5
India,Chhattisgarh,Kunjemura,"OP Jindal School, Kunjemura - CECB","21-09-2026 11:00:00",22.12665,83.483212,PM10,16,70,46
India,Chhattisgarh,Milupara,"Govt. Higher Secondary School, Milupara - CECB","21-09-2026 11:00:00",22.1910172,83.5197009,NH3,1,2,1
India,Chhattisgarh,Raipur,"Krishak Nagar, Raipur - CECB","21-09-2026 11:00:00",21.237755,81.705301,PM2.5,55,107,77
India,Chhattisgarh,Raipur,"Krishak Nagar, Raipur - CECB","21-09-2026 11:00:00",21.237755,81.705301,PM10,43,104,76
India,Assam,Byrnihat,"Central Academy for SFS, Byrnihat - PCBA","21-09-2026 11:00:00",26.071318,91.87488,OZONE,16,18,17
India,Assam,Guwahati,"LGBI Airport, Guwahati - PCBA","21-09-2026 11:00:00",26.10887,91.589544,OZONE,7,12,11
India,Assam,Guwahati,"Pan Bazaar, Guwahati - PCBA","21-09-2026 11:00:00",26.1875,91.744194,CO,10,14,12
India,Assam,Guwahati,"Railway Colony, Guwahati - PCBA","21-09-2026 11:00:00",26.181742,91.78063,NO2,3,4,3
India,Assam,Guwahati,"Railway Colony, Guwahati - PCBA","21-09-2026 11:00:00",26.181742,91.78063,NH3,1,1,1
India,Assam,Guwahati,"Railway Colony, Guwahati - PCBA","21-09-2026 11:00:00",26.181742,91.78063,CO,12,18,15
India,Assam,Guwahati,"IITG, Guwahati - PCBA","21-09-2026 11:00:00",26.2028636,91.70046436,NH3,1,1,1
India,Assam,Guwahati,"IITG, Guwahati - PCBA","21-09-2026 11:00:00",26.2028636,91.70046436,SO2,33,34,34
India,Assam,Guwahati,"IITG, Guwahati - PCBA","21-09-2026 11:00:00",26.2028636,91.70046436,OZONE,3,14,6
India,Assam,Nagaon,"Christianpatty, Nagaon - PCBA","21-09-2026 11:00:00",26.349082,92.68449,NH3,4,4,4
India,Assam,Nagaon,"Christianpatty, Nagaon - PCBA","21-09-2026 11:00:00",26.349082,92.68449,SO2,8,14,12
India,Assam,Nagaon,"Christianpatty, Nagaon - PCBA","21-09-2026 11:00:00",26.349082,92.68449,OZONE,8,11,10
India,Assam,Nalbari,"Bata Chowk, Nalbari - PCBA","21-09-2026 11:00:00",26.446912,91.439057,PM2.5,68,97,82
India,Assam,Sivasagar,"Girls College, Sivasagar - PCBA","21-09-2026 11:00:00",26.987634,94.636574,OZONE,8,49,21
India,Bihar,Araria,"Kharahiya Basti, Araria - BSPCB","21-09-2026 11:00:00",26.146529,87.454184,PM2.5,12,280,67
India,"Andhra Pradesh",Amaravati,"Secretariat, Amaravati - APPCB","21-09-2026 11:00:00",16.5150833,80.5181667,PM2.5,23,63,49
India,"Andhra Pradesh",Amaravati,"Secretariat, Amaravati - APPCB","21-09-2026 11:00:00",16.5150833,80.5181667,OZONE,1,42,19
India,"Andhra Pradesh",Anantapur,"Gulzarpet, Anantapur - APPCB","21-09-2026 11:00:00",14.675886,77.593027,PM2.5,48,87,66
India,"Andhra Pradesh",Anantapur,"Gulzarpet, Anantapur - APPCB","21-09-2026 11:00:00",14.675886,77.593027,PM10,54,94,71
India,"Andhra Pradesh",Anantapur,"Gulzarpet, Anantapur - APPCB","21-09-2026 11:00:00",14.675886,77.593027,NO2,17,19,17
India,"Andhra Pradesh",Chittoor,"Gangineni Cheruvu, Chittoor - APPCB","21-09-2026 11:00:00",13.20488,79.097889,PM2.5,60,87,70
India,"Andhra Pradesh",Chittoor,"Gangineni Cheruvu, Chittoor - APPCB","21-09-2026 11:00:00",13.20488,79.097889,NH3,8,8,8
India,"Andhra Pradesh",Chittoor,"Gangineni Cheruvu, Chittoor - APPCB","21-09-2026 11:00:00",13.20488,79.097889,CO,14,16,15
India,"Andhra Pradesh",Eluru,"District Court, Eluru - APPCB","21-09-2026 11:00:00",16.711754,81.092095,PM10,38,55,44
India,"Andhra Pradesh",Eluru,"District Court, Eluru - APPCB","21-09-2026 11:00:00",16.711754,81.092095,NH3,3,3,3
India,"Andhra Pradesh",Kadapa,"Yerramukkapalli, Kadapa - APPCB","21-09-2026 11:00:00",14.465052,78.824187,PM10,NA,NA,NA
India,"Andhra Pradesh",Kadapa,"Yerramukkapalli, Kadapa - APPCB","21-09-2026 11:00:00",14.465052,78.824187,NH3,NA,NA,NA
India,"Andhra Pradesh",Kadapa,"Yerramukkapalli, Kadapa - APPCB","21-09-2026 11:00:00",14.465052,78.824187,OZONE,34,40,36
India,"Andhra Pradesh",Kakinada,"Rama Rao Peta, Kakinada - APPCB","21-09-2026 11:00:00",16.962488,82.229513,NH3,3,5,4
India,"Andhra Pradesh",Kurnool,"Sita Rama Nagar, Kurnool - APPCB","21-09-2026 11:00:00",15.83411,78.028546,CO,11,15,13
India,Bihar,Begusarai,"Lohiyanagar, Begusarai - BSPCB","21-09-2026 11:00:00",25.42742023,86.13886079,NO2,5,12,9
India,Bihar,Begusarai,"Lohiyanagar, Begusarai - BSPCB","21-09-2026 11:00:00",25.42742023,86.13886079,NH3,2,3,2
India,Bihar,Bhagalpur,"DM Office_Kachari Chowk, Bhagalpur - BSPCB","21-09-2026 11:00:00",25.251013,86.989001,NH3,4,4,4
India,Bihar,Bhagalpur,"Mayaganj, Bhagalpur - BSPCB","21-09-2026 11:00:00",25.265194,87.012947,CO,115,142,129
India,Bihar,"Bihar Sharif","D M Colony, Bihar Sharif - BSPCB","21-09-2026 11:00:00",25.204762,85.51496,OZONE,2,3,2
India,Bihar,Gaya,"Kareemganj, Gaya - BSPCB","21-09-2026 11:00:00",24.792403,84.992416,PM2.5,13,163,44
India,Bihar,Gaya,"Kareemganj, Gaya - BSPCB","21-09-2026 11:00:00",24.792403,84.992416,CO,60,79,73
India,Bihar,Gaya,"SFTI Kusdihra, Gaya - BSPCB","21-09-2026 11:00:00",24.762518,84.982348,NH3,5,7,6
India,Bihar,Hajipur,"Industrial Area, Hajipur - BSPCB","21-09-2026 11:00:00",25.697189,85.2459,OZONE,11,42,19
India,Bihar,Katihar,"Mirchaibari, Katihar - BSPCB","21-09-2026 11:00:00",25.560083,87.553265,PM10,27,38,31
India,"Andhra Pradesh",Nellore,"Ambedkar Nagar, Nellore - APPCB ","21-09-2026 11:00:00",14.438164,79.966814,NO2,31,34,33
India,"Andhra Pradesh",Rajamahendravaram,"Anand Kala Kshetram, Rajamahendravaram - APPCB","21-09-2026 11:00:00",16.9872867,81.7363176,NH3,2,3,3
India,"Andhra Pradesh",Rajamahendravaram,"Anand Kala Kshetram, Rajamahendravaram - APPCB","21-09-2026 11:00:00",16.9872867,81.7363176,OZONE,14,164,75
India,"Andhra Pradesh",Tirumala,"Toll Gate, Tirumala - APPCB","21-09-2026 11:00:00",13.67,79.35,PM10,7,33,20
India,"Andhra Pradesh",Tirupati,"Vaikuntapuram, Tirupati - APPCB","21-09-2026 11:00:00",13.615387,79.40923,PM10,80,93,83
India,"Andhra Pradesh",Tirupati,"Vaikuntapuram, Tirupati - APPCB","21-09-2026 11:00:00",13.615387,79.40923,NO2,28,32,30
India,"Andhra Pradesh",Tirupati,"Vaikuntapuram, Tirupati - APPCB","21-09-2026 11:00:00",13.615387,79.40923,SO2,14,21,14
India,"Andhra Pradesh",Vijayawada,"Rajiv Gandhi Park, Vijayawada - APPCB","21-09-2026 11:00:00",16.509717,80.612222,PM10,45,69,59
India,"Andhra Pradesh",Vijayawada,"Rajiv Gandhi Park, Vijayawada - APPCB","21-09-2026 11:00:00",16.509717,80.612222,NO2,30,35,32
India,"Andhra Pradesh",Visakhapatnam,"GVM Corporation, Visakhapatnam - APPCB","21-09-2026 11:00:00",17.72,83.3,PM10,28,136,70
India,Bihar,Manguraha,"Forest Rest House, Manguraha - BSPCB","21-09-2026 11:00:00",27.308328,84.531742,PM10,NA,NA,NA
India,Bihar,Manguraha,"Forest Rest House, Manguraha - BSPCB","21-09-2026 11:00:00",27.308328,84.531742,NO2,NA,NA,NA
India,Bihar,Manguraha,"Forest Rest House, Manguraha - BSPCB","21-09-2026 11:00:00",27.308328,84.531742,NH3,NA,NA,NA
India,Bihar,Manguraha,"Forest Rest House, Manguraha - BSPCB","21-09-2026 11:00:00",27.308328,84.531742,SO2,NA,NA,NA
India,Bihar,Motihari,"Gandak Colony, Motihari - BSPCB","21-09-2026 11:00:00",26.63086,84.90051,PM2.5,13,153,33
India,Bihar,Motihari,"Gandak Colony, Motihari - BSPCB","21-09-2026 11:00:00",26.63086,84.90051,NO2,2,3,3
India,Bihar,Motihari,"Gandak Colony, Motihari - BSPCB","21-09-2026 11:00:00",26.63086,84.90051,NH3,1,1,1
India,Bihar,Motihari,"Gandak Colony, Motihari - BSPCB","21-09-2026 11:00:00",26.63086,84.90051,CO,12,14,13
India,Bihar,Munger,"Town Hall, Munger - BSPCB","21-09-2026 11:00:00",25.376776,86.471523,NH3,3,3,3
India,Bihar,Patna,"Samanpura, Patna - BSPCB","21-09-2026 11:00:00",25.596727,85.085624,PM10,78,86,83
India,Bihar,Patna,"Samanpura, Patna - BSPCB","21-09-2026 11:00:00",25.596727,85.085624,NO2,23,24,24
India,Bihar,Patna,"Samanpura, Patna - BSPCB","21-09-2026 11:00:00",25.596727,85.085624,CO,22,24,23
India,Bihar,Patna,"DRM Office Danapur, Patna - BSPCB","21-09-2026 11:00:00",25.586562,85.043586,NO2,20,26,23
India,Bihar,Patna,"IGSC Planetarium Complex, Patna - BSPCB","21-09-2026 11:00:00",25.610369,85.132568,CO,13,21,17
India,Bihar,Rajgir,"Dangi Tola, Rajgir - BSPCB","21-09-2026 11:00:00",25.0328,85.41948,SO2,3,3,3
India,Bihar,Rajgir,"Dangi Tola, Rajgir - BSPCB","21-09-2026 11:00:00",25.0328,85.41948,CO,41,47,44
India,Bihar,Samastipur,"DM Office_Kasipur, Samastipur - BSPCB","21-09-2026 11:00:00",25.859655,85.77944,PM10,NA,NA,NA
India,Bihar,Sasaram,"Dada Peer, Sasaram - BSPCB","21-09-2026 11:00:00",24.952822,84.002396,NO2,NA,NA,NA
India,Bihar,Sasaram,"Dada Peer, Sasaram - BSPCB","21-09-2026 11:00:00",24.952822,84.002396,CO,14,29,21
India,Bihar,Siwan,"Chitragupta Nagar, Siwan - BSPCB","21-09-2026 11:00:00",26.2271665,84.3570427,NO2,2,3,2
India,Bihar,Siwan,"Chitragupta Nagar, Siwan - BSPCB","21-09-2026 11:00:00",26.2271665,84.3570427,OZONE,6,7,7
India,Chandigarh,Chandigarh,"Sector-25, Chandigarh - CPCC","21-09-2026 11:00:00",30.751462,76.762879,CO,17,17,17
India,Chandigarh,Chandigarh,"Sector 22, Chandigarh - CPCC","21-09-2026 11:00:00",30.735567,76.775714,NO2,5,21,12
India,Delhi,Delhi,"Major Dhyan Chand National Stadium, Delhi - DPCC","21-09-2026 11:00:00",28.611281,77.237738,CO,60,103,81
India,Delhi,Delhi,"Sonia Vihar, Delhi - DPCC","21-09-2026 11:00:00",28.710508,77.249485,OZONE,5,20,12
India,Delhi,Delhi,"Okhla Phase-2, Delhi - DPCC","21-09-2026 11:00:00",28.530785,77.271255,PM2.5,97,233,157
India,Delhi,Delhi,"Okhla Phase-2, Delhi - DPCC","21-09-2026 11:00:00",28.530785,77.271255,NO2,17,52,32
India,Delhi,Delhi,"Okhla Phase-2, Delhi - DPCC","21-09-2026 11:00:00",28.530785,77.271255,OZONE,6,41,17
India,Chhattisgarh,Tumidih,"OP Jindal Industrial Park, Tumidih - CECB","21-09-2026 11:00:00",22.06631475,83.33820077,OZONE,8,8,8
India,Delhi,Delhi,"Wazirpur, Delhi - DPCC","21-09-2026 11:00:00",28.699793,77.165453,SO2,9,16,11
India,Delhi,Delhi,"Wazirpur, Delhi - DPCC","21-09-2026 11:00:00",28.699793,77.165453,CO,48,64,56
India,Chhattisgarh,Raipur,"AIIMS, Raipur - CECB","21-09-2026 11:00:00",21.258815,81.578979,NO2,4,9,6
India,Chhattisgarh,Raipur,"AIIMS, Raipur - CECB","21-09-2026 11:00:00",21.258815,81.578979,OZONE,16,27,20
India,Chhattisgarh,Tumidih,"OP Jindal Industrial Park, Tumidih - CECB","21-09-2026 11:00:00",22.06631475,83.33820077,PM10,20,73,33
India,Delhi,Delhi,"IMD Lodhi Road, Delhi - IITM","21-09-2026 11:00:00",28.5918245,77.2273074,NH3,NA,NA,NA
India,Delhi,Delhi,"IMD Lodhi Road, Delhi - IITM","21-09-2026 11:00:00",28.5918245,77.2273074,SO2,NA,NA,NA
India,Delhi,Delhi,"JNU, Delhi - DPCC","21-09-2026 11:00:00",28.540721,77.168544,OZONE,12,27,16
India,Delhi,Delhi,"ITO, Delhi - CPCB","21-09-2026 11:00:00",28.628624,77.24106,OZONE,6,43,13
India,Delhi,Delhi,"R K Puram, Delhi - DPCC","21-09-2026 11:00:00",28.563262,77.186937,CO,43,67,57
India,Delhi,Delhi,"R K Puram, Delhi - DPCC","21-09-2026 11:00:00",28.563262,77.186937,OZONE,1,45,12
India,Delhi,Delhi,"North Campus, DU, Delhi - IITM","21-09-2026 11:00:00",28.6573814,77.1585447,PM10,100,177,148
India,Delhi,Delhi,"North Campus, DU, Delhi - IITM","21-09-2026 11:00:00",28.6573814,77.1585447,CO,53,77,66
India,Gujarat,Ahmedabad,"Rakhial, Ahmedabad - IITM","21-09-2026 11:00:00",23.016834,72.625775,PM10,NA,NA,NA
India,Gujarat,Ahmedabad,"SAC ISRO Satellite, Ahmedabad - IITM","21-09-2026 11:00:00",23.023389,72.515201,OZONE,3,4,3
India,Gujarat,Ahmedabad,"SVPI Airport Hansol, Ahmedabad - IITM","21-09-2026 11:00:00",23.076793,72.627874,OZONE,4,19,9
India,Gujarat,Ahmedabad,"Raikhad, Ahmedabad - IITM","21-09-2026 11:00:00",23.020509,72.579261,PM2.5,29,311,124
India,Delhi,Delhi,"IGI Airport (T3), Delhi - IITM","21-09-2026 11:00:00",28.5627763,77.1180053,PM10,126,180,149
India,Delhi,Delhi,"IGI Airport (T3), Delhi - IITM","21-09-2026 11:00:00",28.5627763,77.1180053,CO,42,53,49
India,Delhi,Delhi,"IGNOU_Maidan Garhi, Delhi - DPCC","21-09-2026 11:00:00",28.493624,77.201159,NO2,20,61,36
India,Delhi,Delhi,"IGNOU_Maidan Garhi, Delhi - DPCC","21-09-2026 11:00:00",28.493624,77.201159,SO2,6,8,7
India,Delhi,Delhi,"IGNOU_Maidan Garhi, Delhi - DPCC","21-09-2026 11:00:00",28.493624,77.201159,OZONE,5,11,7
India,Delhi,Delhi,"Commonwealth Sports Complex, Delhi - DPCC","21-09-2026 11:00:00",28.615828,77.271992,PM10,108,186,139
India,Delhi,Delhi,"Talkatora Garden, Delhi - DPCC","21-09-2026 11:00:00",28.62181,77.1944633,PM2.5,102,164,131
India,Delhi,Delhi,"Talkatora Garden, Delhi - DPCC","21-09-2026 11:00:00",28.62181,77.1944633,PM10,103,134,117
India,Delhi,Delhi,"NSIT Dwarka, Delhi - CPCB","21-09-2026 11:00:00",28.60909,77.0325413,OZONE,16,18,17
India,Delhi,Delhi,"Aya Nagar, Delhi - IITM","21-09-2026 11:00:00",28.4706914,77.1099364,NH3,NA,NA,NA
India,Delhi,Delhi,"CRRI Mathura Road, Delhi - IITM","21-09-2026 11:00:00",28.5512005,77.2735737,CO,48,108,82
India,Delhi,Delhi,"Dwarka-Sector 8, Delhi - DPCC ","21-09-2026 11:00:00",28.5710274,77.0719006,OZONE,20,48,28
India,Delhi,Delhi,"Dr. Karni Singh Shooting Range, Delhi - DPCC","21-09-2026 11:00:00",28.498571,77.26484,PM10,123,207,160
India,Delhi,Delhi,"Dr. Karni Singh Shooting Range, Delhi - DPCC","21-09-2026 11:00:00",28.498571,77.26484,CO,34,60,45
India,Delhi,Delhi,"Shadipur, Delhi - CPCB","21-09-2026 11:00:00",28.6514781,77.1473105,PM2.5,48,217,82
India,Delhi,Delhi,"Shadipur, Delhi - CPCB","21-09-2026 11:00:00",28.6514781,77.1473105,PM10,109,192,135
India,Delhi,Delhi,"Pusa, Delhi - DPCC","21-09-2026 11:00:00",28.639652,77.146275,SO2,7,31,14
India,Delhi,Delhi,"Pusa, Delhi - DPCC","21-09-2026 11:00:00",28.639652,77.146275,CO,60,98,76
India,Delhi,Delhi,"Sirifort, Delhi - CPCB","21-09-2026 11:00:00",28.5504249,77.2159377,NO2,32,36,34
India,Delhi,Delhi,"Chandni Chowk, Delhi - IITM","21-09-2026 11:00:00",28.656756,77.227234,PM2.5,139,303,211
India,Delhi,Delhi,"Chandni Chowk, Delhi - IITM","21-09-2026 11:00:00",28.656756,77.227234,NO2,29,48,39
India,Gujarat,Ahmedabad,"Maninagar, Ahmedabad - GPCB","21-09-2026 11:00:00",23.002657,72.591912,SO2,24,67,43
India,Gujarat,Ahmedabad,"Maninagar, Ahmedabad - GPCB","21-09-2026 11:00:00",23.002657,72.591912,CO,NA,NA,NA
India,Gujarat,Ahmedabad,"SAC ISRO Bopal, Ahmedabad - IITM","21-09-2026 11:00:00",23.041137,72.456691,PM10,27,165,76
India,Gujarat,Ahmedabad,"SAC ISRO Bopal, Ahmedabad - IITM","21-09-2026 11:00:00",23.041137,72.456691,SO2,2,3,3
India,Gujarat,Gandhinagar,"Sector-10, Gandhinagar - GPCB","21-09-2026 11:00:00",23.221714,72.654328,CO,14,18,16
India,Gujarat,Gandhinagar,"IIPHG Lekawada, Gandhinagar - IITM","21-09-2026 11:00:00",23.243639,72.68994,PM2.5,37,94,65
India,Gujarat,Gandhinagar,"IIPHG Lekawada, Gandhinagar - IITM","21-09-2026 11:00:00",23.243639,72.68994,OZONE,1,3,1
India,Gujarat,Nandesari,"GIDC, Nandesari - Nandesari Ind. Association","21-09-2026 11:00:00",22.410802,73.097923,PM2.5,NA,NA,NA
India,Gujarat,Nandesari,"GIDC, Nandesari - Nandesari Ind. Association","21-09-2026 11:00:00",22.410802,73.097923,NO2,NA,NA,NA
India,Gujarat,Nandesari,"GIDC, Nandesari - Nandesari Ind. Association","21-09-2026 11:00:00",22.410802,73.097923,OZONE,NA,NA,NA
India,Gujarat,Surat,"Katargam, Surat - Nexteng Enviro","21-09-2026 11:00:00",21.217779,72.834787,PM10,51,118,80
India,Gujarat,Surat,"Katargam, Surat - Nexteng Enviro","21-09-2026 11:00:00",21.217779,72.834787,SO2,11,13,12
India,Gujarat,Surat,"Katargam, Surat - Nexteng Enviro","21-09-2026 11:00:00",21.217779,72.834787,OZONE,13,19,15
India,Gujarat,Vatva,"Phase-4 GIDC, Vatva - GPCB","21-09-2026 11:00:00",22.969611,72.6435,PM2.5,42,220,82
India,Gujarat,Vatva,"Phase-4 GIDC, Vatva - GPCB","21-09-2026 11:00:00",22.969611,72.6435,NH3,5,5,5
India,Gujarat,Vatva,"Phase-4 GIDC, Vatva - GPCB","21-09-2026 11:00:00",22.969611,72.6435,SO2,31,57,45
India,Gujarat,Vatva,"Phase-4 GIDC, Vatva - GPCB","21-09-2026 11:00:00",22.969611,72.6435,OZONE,8,23,12
India,Haryana,Ambala,"Patti Mehar, Ambala - HSPCB","21-09-2026 11:00:00",30.379589,76.778328,PM2.5,67,160,96
India,Haryana,Ambala,"Patti Mehar, Ambala - HSPCB","21-09-2026 11:00:00",30.379589,76.778328,NH3,6,7,6
India,Haryana,Ambala,"Patti Mehar, Ambala - HSPCB","21-09-2026 11:00:00",30.379589,76.778328,CO,20,44,32
India,Haryana,Ambala,"Patti Mehar, Ambala - HSPCB","21-09-2026 11:00:00",30.379589,76.778328,OZONE,7,50,21
India,Delhi,Delhi,"Vivek Vihar, Delhi - DPCC","21-09-2026 11:00:00",28.672342,77.31526,NO2,28,68,48
India,Delhi,Delhi,"IHBAS, Dilshad Garden, Delhi - CPCB","21-09-2026 11:00:00",28.6811736,77.3025234,NH3,1,74,8
India,Delhi,Delhi,"Nehru Nagar, Delhi - DPCC","21-09-2026 11:00:00",28.56789,77.250515,OZONE,6,47,17
India,Delhi,Delhi,"Patparganj, Delhi - DPCC","21-09-2026 11:00:00",28.623763,77.287209,PM10,131,335,207
India,Delhi,Delhi,"Patparganj, Delhi - DPCC","21-09-2026 11:00:00",28.623763,77.287209,NO2,9,41,25
India,Delhi,Delhi,"Patparganj, Delhi - DPCC","21-09-2026 11:00:00",28.623763,77.287209,SO2,5,14,9
India,Delhi,Delhi,"Jawaharlal Nehru Stadium, Delhi - DPCC","21-09-2026 11:00:00",28.58028,77.233829,NH3,6,7,7
India,Delhi,Delhi,"Mundka, Delhi - DPCC","21-09-2026 11:00:00",28.684678,77.076574,SO2,10,30,18
India,Haryana,Ballabgarh,"Nathu Colony, Ballabgarh - HSPCB","21-09-2026 11:00:00",28.3419248,77.319699,PM10,63,93,71
India,Haryana,Ballabgarh,"Nathu Colony, Ballabgarh - HSPCB","21-09-2026 11:00:00",28.3419248,77.319699,NH3,4,5,5
India,Haryana,Ballabgarh,"Nathu Colony, Ballabgarh - HSPCB","21-09-2026 11:00:00",28.3419248,77.319699,SO2,2,3,3
India,Haryana,"Charkhi Dadri","Mini Secretariat, Charkhi Dadri - HSPCB","21-09-2026 11:00:00",28.593883,76.270653,OZONE,11,38,22
India,Haryana,Faridabad,"Sector 11, Faridabad - HSPCB","21-09-2026 11:00:00",28.376058,77.315741,NH3,6,6,6
India,Haryana,Faridabad,"New Industrial Town, Faridabad - HSPCB","21-09-2026 11:00:00",28.39072,77.30059,PM10,117,181,153
India,Haryana,Faridabad,"New Industrial Town, Faridabad - HSPCB","21-09-2026 11:00:00",28.39072,77.30059,CO,19,27,25
India,Delhi,Delhi,"Ashok Vihar, Delhi - DPCC","21-09-2026 11:00:00",28.695381,77.181665,PM10,115,177,140
India,Delhi,Delhi,"Ashok Vihar, Delhi - DPCC","21-09-2026 11:00:00",28.695381,77.181665,NO2,12,54,30
India,Delhi,Delhi,"Anand Vihar, Delhi - DPCC","21-09-2026 11:00:00",28.647622,77.315809,PM2.5,34,276,148
India,Delhi,Delhi,"Anand Vihar, Delhi - DPCC","21-09-2026 11:00:00",28.647622,77.315809,NH3,2,3,2
India,Delhi,Delhi,"Anand Vihar, Delhi - DPCC","21-09-2026 11:00:00",28.647622,77.315809,CO,76,100,87
India,Delhi,Delhi,"Punjabi Bagh, Delhi - DPCC","21-09-2026 11:00:00",28.674045,77.131023,NO2,22,58,41
India,Delhi,Delhi,"DTU, Delhi - CPCB","21-09-2026 11:00:00",28.7500499,77.1112615,OZONE,5,40,15
India,Delhi,Delhi,"Chandni Chowk, Delhi - IITM","21-09-2026 11:00:00",28.656756,77.227234,CO,65,74,69
India,Delhi,Delhi,"Chandni Chowk, Delhi - IITM","21-09-2026 11:00:00",28.656756,77.227234,OZONE,5,50,18
India,Delhi,Delhi,"Pusa, Delhi - IITM","21-09-2026 11:00:00",28.63611,77.173332,CO,34,41,37
India,Delhi,Delhi,"IIT Delhi, Delhi - IITM","21-09-2026 11:00:00",28.54246,77.191651,NH3,NA,NA,NA
India,Kerala,Thiruvananthapuram,"Kariavattom, Thiruvananthapuram - Kerala PCB","21-09-2026 11:00:00",8.5637,76.8865,SO2,4,4,4
India,Kerala,Thiruvananthapuram,"Kariavattom, Thiruvananthapuram - Kerala PCB","21-09-2026 11:00:00",8.5637,76.8865,CO,12,22,20
India,Kerala,Thrissur,"Corporation Ground, Thrissur - Kerala PCB","21-09-2026 11:00:00",10.5324,76.2159,NO2,8,9,9
India,Ladakh,Leh,"Skara Yokma, Leh - LPCC","21-09-2026 11:00:00",34.147096,77.55709,NH3,NA,NA,NA
India,Ladakh,Leh,"Skara Yokma, Leh - LPCC","21-09-2026 11:00:00",34.147096,77.55709,SO2,9,12,11
India,"Madhya Pradesh",Bhopal,"Paryavaran Parisar, Bhopal - MPPCB","21-09-2026 11:00:00",23.210494,77.425409,CO,10,22,16
India,"Madhya Pradesh",Dewas,"Bhopal Chauraha, Dewas - MPPCB","21-09-2026 11:00:00",22.9682591,76.064118,PM10,42,118,63
India,"Madhya Pradesh",Dewas,"Bhopal Chauraha, Dewas - MPPCB","21-09-2026 11:00:00",22.9682591,76.064118,OZONE,29,100,41
India,"Madhya Pradesh",Gwalior,"Maharaj Bada, Gwalior - MPPCB","21-09-2026 11:00:00",26.200388,78.147714,PM2.5,30,143,70
India,"Madhya Pradesh",Gwalior,"Maharaj Bada, Gwalior - MPPCB","21-09-2026 11:00:00",26.200388,78.147714,CO,27,51,38
India,"Madhya Pradesh",Gwalior,"City Center, Gwalior - MPPCB","21-09-2026 11:00:00",26.203442,78.193251,PM10,34,70,48
India,"Madhya Pradesh",Gwalior,"City Center, Gwalior - MPPCB","21-09-2026 11:00:00",26.203442,78.193251,NH3,1,2,2
India,"Madhya Pradesh",Gwalior,"Deen Dayal Nagar, Gwalior - MPPCB","21-09-2026 11:00:00",26.259242,78.216432,PM10,41,163,91
India,"Madhya Pradesh",Gwalior,"Deen Dayal Nagar, Gwalior - MPPCB","21-09-2026 11:00:00",26.259242,78.216432,NO2,51,70,59
India,"Madhya Pradesh",Gwalior,"Deen Dayal Nagar, Gwalior - MPPCB","21-09-2026 11:00:00",26.259242,78.216432,SO2,8,16,10
India,"Madhya Pradesh",Gwalior,"Deen Dayal Nagar, Gwalior - MPPCB","21-09-2026 11:00:00",26.259242,78.216432,CO,45,51,47
India,"Madhya Pradesh",Gwalior,"Deen Dayal Nagar, Gwalior - MPPCB","21-09-2026 11:00:00",26.259242,78.216432,OZONE,16,45,34
India,"Madhya Pradesh",Indore,"Regional Park, Indore - IMC","21-09-2026 11:00:00",22.678,75.8559,NO2,NA,NA,NA
India,"Madhya Pradesh",Ratlam,"Shasthri Nagar, Ratlam - IPCA Lab","21-09-2026 11:00:00",23.331731,75.045981,NH3,NA,NA,NA
India,"Madhya Pradesh",Sagar,"Civil Lines, Sagar - MPPCB","21-09-2026 11:00:00",23.838586,78.759431,PM2.5,21,142,62
India,"Madhya Pradesh",Sagar,"Civil Lines, Sagar - MPPCB","21-09-2026 11:00:00",23.838586,78.759431,NH3,2,2,2
India,"Madhya Pradesh",Satna,"Bandhavgar Colony, Satna - Birla Cement","21-09-2026 11:00:00",24.58434363,80.8549414,PM10,69,72,71
India,"Madhya Pradesh",Satna,"Bandhavgar Colony, Satna - Birla Cement","21-09-2026 11:00:00",24.58434363,80.8549414,NH3,NA,NA,NA
India,"Madhya Pradesh",Satna,"Bandhavgar Colony, Satna - Birla Cement","21-09-2026 11:00:00",24.58434363,80.8549414,OZONE,10,20,16
India,"Madhya Pradesh",Ujjain,"Mahashweta Nagar, Ujjain - MPPCB","21-09-2026 11:00:00",23.1633321,75.800225,PM2.5,24,74,45
India,"Madhya Pradesh",Ujjain,"Mahashweta Nagar, Ujjain - MPPCB","21-09-2026 11:00:00",23.1633321,75.800225,PM10,27,85,44
India,"Madhya Pradesh",Ujjain,"Mahashweta Nagar, Ujjain - MPPCB","21-09-2026 11:00:00",23.1633321,75.800225,NH3,2,14,11
India,Maharashtra,Akola,"Ramdaspeth, Akola - MPCB","21-09-2026 11:00:00",20.719516,77.000253,PM10,27,49,36
India,Maharashtra,Akola,"Ramdaspeth, Akola - MPCB","21-09-2026 11:00:00",20.719516,77.000253,NH3,6,8,7
India,Maharashtra,Akola,"Ramdaspeth, Akola - MPCB","21-09-2026 11:00:00",20.719516,77.000253,CO,9,13,11
India,Maharashtra,Ambernath,"Chinchpada, Ambernath - MPCB","21-09-2026 11:00:00",19.215784,73.199781,PM2.5,15,118,47
India,Maharashtra,Ambernath,"Chinchpada, Ambernath - MPCB","21-09-2026 11:00:00",19.215784,73.199781,NO2,8,57,22
India,Maharashtra,Amravati,"Shivneri Colony, Amravati - MPCB","21-09-2026 11:00:00",20.9402359,77.7895248,PM10,16,40,29
India,Maharashtra,Aurangabad,"Rachnakar Colony, Aurangabad - MPCB","21-09-2026 11:00:00",19.863756,75.321188,CO,34,52,41
India,Maharashtra,Aurangabad,"More Chowk Waluj, Aurangabad - MPCB","21-09-2026 11:00:00",19.8389439,75.244448,PM2.5,22,51,36
India,"Madhya Pradesh",Indore,"Chhoti Gwaltoli, Indore - MPPCB","21-09-2026 11:00:00",22.431,75.5213,PM10,24,47,33
India,"Madhya Pradesh",Indore,"Residency Area, Indore - IMC","21-09-2026 11:00:00",22.7084,75.8815,PM10,9,29,18
India,"Madhya Pradesh",Indore,"Residency Area, Indore - IMC","21-09-2026 11:00:00",22.7084,75.8815,OZONE,5,7,6
India,"Madhya Pradesh",Indore,"Maguda Nagar, Indore - IMC","21-09-2026 11:00:00",22.7524,75.8872,NO2,4,5,4
India,"Madhya Pradesh",Indore,"Maguda Nagar, Indore - IMC","21-09-2026 11:00:00",22.7524,75.8872,NH3,0,0,0
India,"Madhya Pradesh",Indore,"Maguda Nagar, Indore - IMC","21-09-2026 11:00:00",22.7524,75.8872,OZONE,10,12,11
India,"Madhya Pradesh",Jabalpur,"Marhatal, Jabalpur - MPPCB","21-09-2026 11:00:00",23.168606,79.932247,PM2.5,15,35,25
India,"Madhya Pradesh",Jabalpur,"Marhatal, Jabalpur - MPPCB","21-09-2026 11:00:00",23.168606,79.932247,NO2,73,90,78
India,"Madhya Pradesh",Jabalpur,"Govindh Bhavan Colony, Jabalpur - JMC","21-09-2026 11:00:00",23.163174,79.973061,PM2.5,13,47,29
India,"Madhya Pradesh",Jabalpur,"Govindh Bhavan Colony, Jabalpur - JMC","21-09-2026 11:00:00",23.163174,79.973061,NO2,8,15,12
India,"Madhya Pradesh",Jabalpur,"Govindh Bhavan Colony, Jabalpur - JMC","21-09-2026 11:00:00",23.163174,79.973061,CO,1,8,4
India,"Madhya Pradesh",Jabalpur,"Suhagi, Jabalpur - JMC","21-09-2026 11:00:00",23.218135,79.95777,PM10,14,110,53
India,"Madhya Pradesh",Jabalpur,"Suhagi, Jabalpur - JMC","21-09-2026 11:00:00",23.218135,79.95777,SO2,7,7,7
India,"Madhya Pradesh",Katni,"Gole Bazar, Katni - MPPCB","21-09-2026 11:00:00",23.50016,80.23284,SO2,13,39,26
India,"Madhya Pradesh",Maihar,"Sahilara, Maihar - KJS Cements","21-09-2026 11:00:00",24.2613009,80.7231783,PM2.5,41,43,42
India,"Madhya Pradesh",Maihar,"Sahilara, Maihar - KJS Cements","21-09-2026 11:00:00",24.2613009,80.7231783,SO2,11,12,12
India,"Madhya Pradesh",Maihar,"Sahilara, Maihar - KJS Cements","21-09-2026 11:00:00",24.2613009,80.7231783,OZONE,NA,NA,NA
India,Haryana,Manesar,"Sector-2 IMT, Manesar - HSPCB","21-09-2026 11:00:00",28.360699,76.93609,CO,21,49,35
India,Haryana,Narnaul,"Shastri Nagar, Narnaul - HSPCB","21-09-2026 11:00:00",28.060249,76.113115,SO2,4,5,4
India,Haryana,Palwal,"Shyam Nagar, Palwal - HSPCB","21-09-2026 11:00:00",28.1485564,77.3320667,PM10,40,63,47
India,Haryana,Palwal,"Shyam Nagar, Palwal - HSPCB","21-09-2026 11:00:00",28.1485564,77.3320667,NO2,23,25,24
India,Haryana,Palwal,"Shyam Nagar, Palwal - HSPCB","21-09-2026 11:00:00",28.1485564,77.3320667,NH3,6,6,6
India,Haryana,Panchgaon,"Amity University, Panchgaon - IITM","21-09-2026 11:00:00",28.3153,76.9143,PM2.5,0,50,7
India,Haryana,Panchgaon,"Amity University, Panchgaon - IITM","21-09-2026 11:00:00",28.3153,76.9143,CO,NA,NA,NA
India,Haryana,Panchkula,"Sector-6, Panchkula - HSPCB ","21-09-2026 11:00:00",30.7057778,76.8531805555555,PM2.5,NA,NA,NA
India,Haryana,Panchkula,"Sector-6, Panchkula - HSPCB ","21-09-2026 11:00:00",30.7057778,76.8531805555555,SO2,NA,NA,NA
India,Haryana,Panipat,"Sector-18, Panipat - HSPCB","21-09-2026 11:00:00",29.432304,76.972765,PM10,30,117,111
India,Haryana,Sirsa,"F-Block, Sirsa - HSPCB","21-09-2026 11:00:00",29.5364,75.0158,NO2,19,21,20
India,Haryana,Sirsa,"F-Block, Sirsa - HSPCB","21-09-2026 11:00:00",29.5364,75.0158,OZONE,15,54,32
India,Haryana,Sonipat,"Murthal, Sonipat - HSPCB","21-09-2026 11:00:00",29.0272,77.0621,OZONE,48,52,50
India,Haryana,"Yamuna Nagar","Gobind Pura, Yamuna Nagar - HSPCB","21-09-2026 11:00:00",30.1480566,77.2893471,PM2.5,145,230,177
India,Haryana,"Yamuna Nagar","Gobind Pura, Yamuna Nagar - HSPCB","21-09-2026 11:00:00",30.1480566,77.2893471,NO2,11,21,16
India,"Himachal Pradesh",Baddi,"HIMUDA Complex Phase-1, Baddi - HPPCB","21-09-2026 11:00:00",30.943887,76.801991,NO2,1,23,8
India,"Himachal Pradesh",Baddi,"HIMUDA Complex Phase-1, Baddi - HPPCB","21-09-2026 11:00:00",30.943887,76.801991,OZONE,15,75,39
India,"Jammu and Kashmir",Pampore,"Khrew, Pampore - JKPCC","21-09-2026 11:00:00",34.031606,75.009712,OZONE,NA,NA,NA
India,"Jammu and Kashmir",Srinagar,"Rajbagh, Srinagar - JKPCC","21-09-2026 11:00:00",34.066206,74.81982,PM2.5,11,64,29
India,"Jammu and Kashmir",Srinagar,"Rajbagh, Srinagar - JKPCC","21-09-2026 11:00:00",34.066206,74.81982,NO2,19,20,19
India,"Jammu and Kashmir",Srinagar,"Rajbagh, Srinagar - JKPCC","21-09-2026 11:00:00",34.066206,74.81982,OZONE,0,1,0
India,"Jammu and Kashmir",Srinagar,"Khunmoh, Srinagar - JKPCC","21-09-2026 11:00:00",34.06313,74.96017,NO2,7,79,28
India,"Jammu and Kashmir",Srinagar,"Khunmoh, Srinagar - JKPCC","21-09-2026 11:00:00",34.06313,74.96017,NH3,NA,NA,NA
India,Jharkhand,Dhanbad,"Sardar Patel Nagar, Dhanbad - JSPCB","21-09-2026 11:00:00",23.80569,86.44268,PM10,NA,NA,NA
India,Karnataka,Bengaluru,"Hebbal, Bengaluru - KSPCB","21-09-2026 11:00:00",13.029152,77.585901,PM10,1,91,27
India,Karnataka,Bengaluru,"Hebbal, Bengaluru - KSPCB","21-09-2026 11:00:00",13.029152,77.585901,CO,17,34,24
India,Karnataka,Bengaluru,"Hombegowda Nagar, Bengaluru - KSPCB","21-09-2026 11:00:00",12.938539,77.5901,PM10,17,101,45
India,Karnataka,Dharwad,"Kalabhavan, Dharwad - KSPCB","21-09-2026 11:00:00",15.459706,75.008381,OZONE,28,29,29
India,Karnataka,Kalaburagi,"Lal Bahadur Shastri Nagar, Kalaburagi - KSPCB","21-09-2026 11:00:00",17.321993,76.822628,SO2,NA,NA,NA
India,Karnataka,Madikeri,"Stuart Hill, Madikeri - KSPCB","21-09-2026 11:00:00",12.415911,75.73505,PM2.5,2,25,8
India,Karnataka,Madikeri,"Stuart Hill, Madikeri - KSPCB","21-09-2026 11:00:00",12.415911,75.73505,PM10,2,25,14
India,Karnataka,Ramanagara,"Vijay Nagar, Ramanagara - KSPCB","21-09-2026 11:00:00",12.733409,77.298051,NO2,NA,NA,NA
India,Karnataka,Ramanagara,"Vijay Nagar, Ramanagara - KSPCB","21-09-2026 11:00:00",12.733409,77.298051,CO,24,33,28
India,Karnataka,Shivamogga,"Vinoba Nagara, Shivamogga - KSPCB","21-09-2026 11:00:00",13.94,75.555917,PM2.5,42,47,43
India,Karnataka,Udupi,"Brahmagiri, Udupi - KSPCB","21-09-2026 11:00:00",13.34194444,74.74694444,PM10,NA,NA,NA
India,Karnataka,Udupi,"Brahmagiri, Udupi - KSPCB","21-09-2026 11:00:00",13.34194444,74.74694444,NO2,NA,NA,NA
India,Karnataka,Udupi,"Brahmagiri, Udupi - KSPCB","21-09-2026 11:00:00",13.34194444,74.74694444,NH3,NA,NA,NA
India,Kerala,Kannur,"Thavakkara, Kannur - Kerala PCB","21-09-2026 11:00:00",11.875,75.3732,NO2,11,12,12
India,Kerala,Kannur,"Thavakkara, Kannur - Kerala PCB","21-09-2026 11:00:00",11.875,75.3732,NH3,1,1,1
India,Haryana,Fatehabad,"Huda Sector, Fatehabad - HSPCB","21-09-2026 11:00:00",29.503664,75.467934,NO2,NA,NA,NA
India,Haryana,Fatehabad,"Huda Sector, Fatehabad - HSPCB","21-09-2026 11:00:00",29.503664,75.467934,OZONE,33,40,37
India,Haryana,Gurugram,"Sector-51, Gurugram - HSPCB","21-09-2026 11:00:00",28.4227,77.0667,NH3,5,14,9
India,Haryana,Hisar,"Urban Estate-II, Hisar - HSPCB","21-09-2026 11:00:00",29.14056,75.744941,SO2,14,135,20
India,Haryana,Jind,"Police Lines, Jind - HSPCB","21-09-2026 11:00:00",29.307814,76.337619,PM2.5,151,202,178
India,Haryana,Kaithal,"Rishi Nagar, Kaithal - HSPCB","21-09-2026 11:00:00",29.8006,76.4155,NH3,4,6,5
India,Haryana,Kaithal,"Rishi Nagar, Kaithal - HSPCB","21-09-2026 11:00:00",29.8006,76.4155,SO2,30,33,31
India,Haryana,Kaithal,"Rishi Nagar, Kaithal - HSPCB","21-09-2026 11:00:00",29.8006,76.4155,OZONE,43,91,64
India,Haryana,Karnal,"Sector-12, Karnal - HSPCB","21-09-2026 11:00:00",29.6953,77.0027,NH3,6,12,8
India,Haryana,Manesar,"Sector-2 IMT, Manesar - HSPCB","21-09-2026 11:00:00",28.360699,76.93609,PM2.5,122,398,272
India,Haryana,Manesar,"Sector-2 IMT, Manesar - HSPCB","21-09-2026 11:00:00",28.360699,76.93609,NH3,7,15,12
India,Karnataka,Bengaluru,"Jigani, Bengaluru - KSPCB","21-09-2026 11:00:00",12.7816279,77.6299145,CO,33,33,33
India,Karnataka,Bengaluru,"Bapuji Nagar, Bengaluru - KSPCB","21-09-2026 11:00:00",12.951913,77.539784,CO,13,28,20
India,Karnataka,Bengaluru,"BTM Layout, Bengaluru - CPCB","21-09-2026 11:00:00",12.9135218,77.5950804,NO2,24,25,24
India,Karnataka,Bengaluru,"BTM Layout, Bengaluru - CPCB","21-09-2026 11:00:00",12.9135218,77.5950804,CO,NA,NA,NA
India,Karnataka,Chamarajanagar,"Urban, Chamarajanagar - KSPCB","21-09-2026 11:00:00",11.55358,76.55521,PM2.5,29,31,30
India,Karnataka,Chamarajanagar,"Urban, Chamarajanagar - KSPCB","21-09-2026 11:00:00",11.55358,76.55521,OZONE,25,27,26
India,Karnataka,Chikkaballapur,"Chikkaballapur Rural, Chikkaballapur - KSPCB","21-09-2026 11:00:00",13.428828,77.731418,NH3,1,1,1
India,Karnataka,Chikkamagaluru,"Kalyana Nagara, Chikkamagaluru - KSPCB","21-09-2026 11:00:00",13.328028,75.797056,SO2,2,4,3
India,Karnataka,Bengaluru,"Jayanagar 5th Block, Bengaluru - KSPCB","21-09-2026 11:00:00",12.920984,77.584908,PM2.5,NA,NA,NA
India,Karnataka,Bengaluru,"City Railway Station, Bengaluru - KSPCB","21-09-2026 11:00:00",12.9756843,77.5660749,NH3,NA,NA,NA
India,Maharashtra,Kalyan,"Khadakpada, Kalyan - MPCB","21-09-2026 11:00:00",19.25292,73.142019,SO2,NA,NA,NA
India,Maharashtra,Kolhapur,"Shivaji University, Kolhapur - MPCB","21-09-2026 11:00:00",16.6870449,74.2505872,PM2.5,9,38,19
India,Maharashtra,Kolhapur,"Sinchan Bhavan, Kolhapur - MPCB","21-09-2026 11:00:00",16.7143745,74.2426398,CO,10,23,15
India,Maharashtra,Latur,"Sawe Wadi, Latur - MPCB","21-09-2026 11:00:00",18.39963,76.57452,PM2.5,19,29,24
India,Maharashtra,Latur,"Sawe Wadi, Latur - MPCB","21-09-2026 11:00:00",18.39963,76.57452,PM10,18,51,34
India,Maharashtra,Latur,"Sawe Wadi, Latur - MPCB","21-09-2026 11:00:00",18.39963,76.57452,CO,16,16,16
India,Maharashtra,Mahad,"Kamble Tarf Birwadi, Mahad - MPCB","21-09-2026 11:00:00",18.1023399,73.4783687,PM10,54,113,74
India,Maharashtra,Mahad,"Kamble Tarf Birwadi, Mahad - MPCB","21-09-2026 11:00:00",18.1023399,73.4783687,SO2,6,54,17
India,Maharashtra,Malegaon,"Mahesh Nagar, Malegaon - MPCB","21-09-2026 11:00:00",20.555712,74.529236,PM2.5,23,55,41
India,Maharashtra,Malegaon,"Mahesh Nagar, Malegaon - MPCB","21-09-2026 11:00:00",20.555712,74.529236,PM10,62,134,97
India,Maharashtra,Malegaon,"Mahesh Nagar, Malegaon - MPCB","21-09-2026 11:00:00",20.555712,74.529236,SO2,2,5,4
India,Maharashtra,Malegaon,"Mahesh Nagar, Malegaon - MPCB","21-09-2026 11:00:00",20.555712,74.529236,CO,2,4,3
India,Maharashtra,Malegaon,"Mahesh Nagar, Malegaon - MPCB","21-09-2026 11:00:00",20.555712,74.529236,OZONE,14,15,15
India,Maharashtra,Mumbai,"Chhatrapati Shivaji Intl. Airport (T2), Mumbai - MPCB","21-09-2026 11:00:00",19.10078,72.87462,NO2,13,13,13
India,Maharashtra,Mumbai,"Mulund West, Mumbai - MPCB","21-09-2026 11:00:00",19.175,72.9419,NH3,5,5,5
India,Maharashtra,Mumbai,"Bandra Kurla Complex, Mumbai - MPCB","21-09-2026 11:00:00",19.065931,72.862131,PM2.5,29,58,44
India,Maharashtra,Mumbai,"Bandra Kurla Complex, Mumbai - MPCB","21-09-2026 11:00:00",19.065931,72.862131,NO2,8,42,22
India,Maharashtra,Mumbai,"Bandra Kurla Complex, Mumbai - MPCB","21-09-2026 11:00:00",19.065931,72.862131,OZONE,1,21,6
India,Maharashtra,Mumbai,"Shivaji Nagar, Mumbai - BMC","21-09-2026 11:00:00",19.060498,72.923356,OZONE,11,22,15
India,Maharashtra,Mumbai,"Sewri, Mumbai - BMC","21-09-2026 11:00:00",19.000084,72.85673,PM2.5,39,72,50
India,Meghalaya,Shillong,"Lumpyngngad, Shillong - Meghalaya PCB","21-09-2026 11:00:00",25.5586,91.8985,SO2,11,12,11
India,Mizoram,Aizawl,"Sikulpuikawn, Aizawl - Mizoram PCB","21-09-2026 11:00:00",23.7176342,92.7192841,PM2.5,NA,NA,NA
India,Mizoram,Aizawl,"Sikulpuikawn, Aizawl - Mizoram PCB","21-09-2026 11:00:00",23.7176342,92.7192841,NH3,0,0,0
India,Mizoram,Aizawl,"Sikulpuikawn, Aizawl - Mizoram PCB","21-09-2026 11:00:00",23.7176342,92.7192841,SO2,14,15,14
India,Mizoram,Aizawl,"Sikulpuikawn, Aizawl - Mizoram PCB","21-09-2026 11:00:00",23.7176342,92.7192841,OZONE,1,3,2
India,Nagaland,Kohima,"PWD Junction, Kohima - NPCB","21-09-2026 11:00:00",25.6635413,94.0989878,NO2,3,4,3
India,Odisha,Angul,"Hakimapada, Angul - OSPCB","21-09-2026 11:00:00",20.832874,85.104082,PM2.5,20,119,51
India,Odisha,Angul,"Hakimapada, Angul - OSPCB","21-09-2026 11:00:00",20.832874,85.104082,OZONE,10,27,18
India,Odisha,Balasore,"Kalidaspur, Balasore - OSPCB","21-09-2026 11:00:00",21.51161,86.89088,NH3,3,3,3
India,Odisha,Balasore,"Kalidaspur, Balasore - OSPCB","21-09-2026 11:00:00",21.51161,86.89088,CO,37,54,45
India,Odisha,Baripada,"Meher Colony, Baripada - OSPCB","21-09-2026 11:00:00",21.941841,86.728318,OZONE,28,36,33
India,Odisha,Bhubaneswar,"Lingraj Mandir, Bhubaneswar - OSPCB","21-09-2026 11:00:00",20.24079,85.836784,NH3,3,5,3
India,Odisha,Bhubaneswar,"Lingraj Mandir, Bhubaneswar - OSPCB","21-09-2026 11:00:00",20.24079,85.836784,CO,65,78,73
India,Odisha,Bhubaneswar,"Patia, Bhubaneswar - OSPCB","21-09-2026 11:00:00",20.34652,85.8163,SO2,4,9,5
India,Maharashtra,Mumbai,"Siddharth Nagar-Worli, Mumbai - IITM","21-09-2026 11:00:00",19.000083,72.813993,CO,25,36,31
India,Maharashtra,Mumbai,"Mazgaon, Mumbai - IITM","21-09-2026 11:00:00",18.96702,72.84214,PM10,51,97,66
India,Maharashtra,Mumbai,"Chembur, Mumbai - MPCB","21-09-2026 11:00:00",19.0364585,72.8954371,NO2,7,19,13
India,Maharashtra,Mumbai,"Deonar, Mumbai - IITM","21-09-2026 11:00:00",19.04946,72.923,NO2,14,49,28
India,Maharashtra,Mumbai,"Deonar, Mumbai - IITM","21-09-2026 11:00:00",19.04946,72.923,CO,30,41,36
India,Maharashtra,Mumbai,"Malad West, Mumbai - IITM","21-09-2026 11:00:00",19.19709,72.82204,NH3,1,4,2
India,Maharashtra,Nagpur,"Ram Nagar, Nagpur - MPCB","21-09-2026 11:00:00",21.143383,79.048912,SO2,5,15,8
India,Maharashtra,Nagpur,"Mahal, Nagpur - MPCB","21-09-2026 11:00:00",21.14472,79.107595,NO2,8,25,13
India,Maharashtra,Nagpur,"Mahal, Nagpur - MPCB","21-09-2026 11:00:00",21.14472,79.107595,SO2,5,8,8
India,Maharashtra,Nagpur,"Opp GPO Civil Lines, Nagpur - MPCB","21-09-2026 11:00:00",21.152875,79.0517531,PM2.5,14,72,41
India,Maharashtra,Nagpur,"Opp GPO Civil Lines, Nagpur - MPCB","21-09-2026 11:00:00",21.152875,79.0517531,NO2,12,27,16
India,Maharashtra,Nagpur,"Opp GPO Civil Lines, Nagpur - MPCB","21-09-2026 11:00:00",21.152875,79.0517531,NH3,2,3,2
India,Maharashtra,Nagpur,"Opp GPO Civil Lines, Nagpur - MPCB","21-09-2026 11:00:00",21.152875,79.0517531,OZONE,6,18,9
India,Maharashtra,Nagpur,"Ambazari, Nagpur - MPCB","21-09-2026 11:00:00",21.121801,79.04952,PM2.5,30,79,49
India,Maharashtra,Badlapur,"Katrap, Badlapur - MPCB","21-09-2026 11:00:00",19.16485,73.23409,PM10,29,104,45
India,Maharashtra,Badlapur,"Katrap, Badlapur - MPCB","21-09-2026 11:00:00",19.16485,73.23409,NH3,10,19,15
India,Maharashtra,Beed,"Bir, Beed - MPCB","21-09-2026 11:00:00",18.988474,75.753873,NO2,6,28,14
India,Maharashtra,Chandrapur,"Chauhan Colony, Chandrapur - MPCB","21-09-2026 11:00:00",19.9629,79.298714,SO2,10,12,11
India,Maharashtra,Dombivli,"Kalu Nagar, Dombivli - MPCB","21-09-2026 11:00:00",19.2268427,73.0788456,NO2,5,18,12
India,Maharashtra,Dombivli,"Kalu Nagar, Dombivli - MPCB","21-09-2026 11:00:00",19.2268427,73.0788456,OZONE,17,58,37
India,Maharashtra,Hingoli,"Ashta Vinayak Nagar, Hingoli - MPCB","21-09-2026 11:00:00",19.710842,77.151824,OZONE,14,52,27
India,Maharashtra,Jalgaon,"Prabhat Colony, Jalgaon - MPCB","21-09-2026 11:00:00",21.001264,75.565602,PM2.5,41,147,71
India,Maharashtra,Jalgaon,"Prabhat Colony, Jalgaon - MPCB","21-09-2026 11:00:00",21.001264,75.565602,NH3,3,3,3
India,Maharashtra,Kalyan,"Pimpleshwar Mandir, Kalyan - MPCB","21-09-2026 11:00:00",19.192056,72.9585188,NO2,9,18,14
India,Maharashtra,Kalyan,"Pimpleshwar Mandir, Kalyan - MPCB","21-09-2026 11:00:00",19.192056,72.9585188,CO,40,40,40
India,Maharashtra,Kalyan,"Khadakpada, Kalyan - MPCB","21-09-2026 11:00:00",19.25292,73.142019,PM2.5,16,124,58
India,Maharashtra,Solapur,"Dnyaneshwar Nagar, Solapur - MPCB","21-09-2026 11:00:00",17.6336264,75.9132495,NH3,6,16,9
India,Maharashtra,Solapur,"Dnyaneshwar Nagar, Solapur - MPCB","21-09-2026 11:00:00",17.6336264,75.9132495,SO2,2,7,5
India,Maharashtra,Solapur,"Dnyaneshwar Nagar, Solapur - MPCB","21-09-2026 11:00:00",17.6336264,75.9132495,CO,7,20,13
India,Maharashtra,Thane,"Upvan Fort, Thane - MPCB","21-09-2026 11:00:00",19.222279,72.957979,PM2.5,16,46,32
India,Maharashtra,Ulhasnagar,"Sidhi Vinayak Nagar, Ulhasnagar - MPCB","21-09-2026 11:00:00",19.235581,73.159121,NH3,2,3,2
India,Maharashtra,Ulhasnagar,"Sidhi Vinayak Nagar, Ulhasnagar - MPCB","21-09-2026 11:00:00",19.235581,73.159121,OZONE,6,17,9
India,Maharashtra,Ulhasnagar,"Vithalwadi, Ulhasnagar - MPCB","21-09-2026 11:00:00",19.2307571,73.155192,SO2,7,14,8
India,Maharashtra,Virar,"Bolinj, Virar - MPCB","21-09-2026 11:00:00",19.445821,72.7988231,NO2,9,17,14
India,Maharashtra,Virar,"Bolinj, Virar - MPCB","21-09-2026 11:00:00",19.445821,72.7988231,SO2,2,4,4
India,Meghalaya,Byrnihat,"15th Mile-Nongthymmai, Byrnihat -Meghalaya PCB","21-09-2026 11:00:00",26.079047,91.875185,PM2.5,8,327,144
India,Maharashtra,Pune,"Hadapsar, Pune - IITM","21-09-2026 11:00:00",18.501793,73.927532,PM10,NA,NA,NA
India,Maharashtra,Pune,"Hadapsar, Pune - IITM","21-09-2026 11:00:00",18.501793,73.927532,CO,10,31,20
India,Maharashtra,Pune,"Katraj Dairy, Pune - MPCB","21-09-2026 11:00:00",18.45445,73.854155,CO,23,39,30
India,Maharashtra,Pune,"Katraj Dairy, Pune - MPCB","21-09-2026 11:00:00",18.45445,73.854155,OZONE,10,10,10
India,Maharashtra,Pune,"Revenue Colony-Shivajinagar, Pune - IITM","21-09-2026 11:00:00",18.530085,73.849598,PM10,49,130,87
India,Maharashtra,Pune,"Revenue Colony-Shivajinagar, Pune - IITM","21-09-2026 11:00:00",18.530085,73.849598,NO2,23,76,40
India,Maharashtra,Pune,"Dhankawadi, Pune - IITM","21-09-2026 11:00:00",18.459883,73.852193,PM10,38,85,66
India,Maharashtra,Pune,"Dhankawadi, Pune - IITM","21-09-2026 11:00:00",18.459883,73.852193,NO2,NA,NA,NA
India,Maharashtra,Pune,"Dhankawadi, Pune - IITM","21-09-2026 11:00:00",18.459883,73.852193,NH3,NA,NA,NA
India,Maharashtra,Pune,"Dhankawadi, Pune - IITM","21-09-2026 11:00:00",18.459883,73.852193,CO,22,70,49
India,Maharashtra,Solapur,"Ratandeep Housing Society, Solapur - MPCB","21-09-2026 11:00:00",17.65439,75.90649,PM10,28,61,45
India,Maharashtra,Solapur,"Ratandeep Housing Society, Solapur - MPCB","21-09-2026 11:00:00",17.65439,75.90649,SO2,1,2,2
India,Maharashtra,Nashik,"Gangapur Road, Nashik - MPCB","21-09-2026 11:00:00",20.0073285,73.7762427,NO2,5,5,5
India,Maharashtra,Nashik,"Gangapur Road, Nashik - MPCB","21-09-2026 11:00:00",20.0073285,73.7762427,CO,12,114,39
India,Maharashtra,Nashik,"Pandav Nagari, Nashik - MPCB","21-09-2026 11:00:00",19.9591346,73.7788008,PM10,37,78,61
India,Maharashtra,Nashik,"Hirawadi, Nashik - MPCB","21-09-2026 11:00:00",20.021503,73.813844,CO,34,46,40
India,Maharashtra,"Navi Mumbai","Kopripada-Vashi, Navi Mumbai - MPCB","21-09-2026 11:00:00",19.090337,73.014232,SO2,2,4,3
India,Maharashtra,"Navi Mumbai","Tondare-Taloja, Navi Mumbai - MPCB","21-09-2026 11:00:00",19.063,73.1209,SO2,0,5,2
India,Maharashtra,"Navi Mumbai","Sector-2E Kalamboli, Navi Mumbai - MPCB","21-09-2026 11:00:00",19.02579,73.10297,PM10,37,79,55
India,Maharashtra,"Navi Mumbai","Sector-2E Kalamboli, Navi Mumbai - MPCB","21-09-2026 11:00:00",19.02579,73.10297,SO2,2,14,6
India,Maharashtra,"Navi Mumbai","Mahape, Navi Mumbai - MPCB","21-09-2026 11:00:00",19.1135051,73.008978,PM10,38,99,62
India,Maharashtra,Mumbai,"Sewri, Mumbai - BMC","21-09-2026 11:00:00",19.000084,72.85673,SO2,0,8,4
India,Maharashtra,Mumbai,"Kandivali West, Mumbai - BMC","21-09-2026 11:00:00",19.215859,72.831718,PM2.5,25,54,38
India,Maharashtra,Mumbai,"Kandivali West, Mumbai - BMC","21-09-2026 11:00:00",19.215859,72.831718,SO2,0,3,1
India,Maharashtra,Mumbai,"Kandivali West, Mumbai - BMC","21-09-2026 11:00:00",19.215859,72.831718,OZONE,12,33,23
India,Maharashtra,Mumbai,"Chakala-Andheri East, Mumbai - IITM","21-09-2026 11:00:00",19.11074,72.86084,NH3,6,9,7
India,Maharashtra,Mumbai,"Kurla, Mumbai - MPCB","21-09-2026 11:00:00",19.0863,72.8888,NO2,9,9,9
India,Maharashtra,Mumbai,"Kurla, Mumbai - MPCB","21-09-2026 11:00:00",19.0863,72.8888,CO,25,25,25
India,Maharashtra,Mumbai,"Kurla, Mumbai - MPCB","21-09-2026 11:00:00",19.0863,72.8888,OZONE,28,29,28
India,Maharashtra,Mumbai,"Byculla, Mumbai - BMC","21-09-2026 11:00:00",18.9767,72.838,CO,26,42,34
India,Maharashtra,Mumbai,"Borivali East, Mumbai - IITM","21-09-2026 11:00:00",19.23241,72.86895,NO2,3,12,7
India,Maharashtra,Pimpri-Chinchwad,"Bhosari, Pune - IITM","21-09-2026 11:00:00",18.640051,73.848956,PM10,53,104,77
India,Maharashtra,Pimpri-Chinchwad,"Bhosari, Pune - IITM","21-09-2026 11:00:00",18.640051,73.848956,NO2,24,51,37
India,Maharashtra,Pimpri-Chinchwad,"Bhosari, Pune - IITM","21-09-2026 11:00:00",18.640051,73.848956,NH3,NA,NA,NA
India,Maharashtra,Pimpri-Chinchwad,"Bhumkar Nagar, Pune - IITM","21-09-2026 11:00:00",18.60577,73.749976,NO2,17,30,23
India,Maharashtra,Pimpri-Chinchwad,"Thergaon, Pimpri Chinchwad - MPCB","21-09-2026 11:00:00",18.616318,73.765797,NH3,5,7,6
India,Maharashtra,Pimpri-Chinchwad,"Thergaon, Pimpri Chinchwad - MPCB","21-09-2026 11:00:00",18.616318,73.765797,SO2,0,3,1
India,Maharashtra,Pimpri-Chinchwad,"Thergaon, Pimpri Chinchwad - MPCB","21-09-2026 11:00:00",18.616318,73.765797,CO,16,50,25
India,Maharashtra,Pimpri-Chinchwad,"Transport Nagar-Nigdi, Pune - IITM","21-09-2026 11:00:00",18.664282,73.763966,SO2,NA,NA,NA
India,Maharashtra,Pune,"Panchawati_Pashan, Pune - IITM","21-09-2026 11:00:00",18.536457,73.805454,PM10,47,87,65
India,Rajasthan,Hanumangarh,"Housing Board, Hanumangarh - RSPCB","21-09-2026 11:00:00",29.61075,74.283608,CO,20,24,22
India,Rajasthan,Jaipur,"Shastri Nagar, Jaipur - RSPCB","21-09-2026 11:00:00",26.9502929,75.730943,PM2.5,54,114,80
India,Rajasthan,Jaipur,"Shastri Nagar, Jaipur - RSPCB","21-09-2026 11:00:00",26.9502929,75.730943,NH3,6,12,9
India,Rajasthan,Jaipur,"Adarsh Nagar, Jaipur - RSPCB","21-09-2026 11:00:00",26.902909,75.836858,PM10,62,116,92
India,Rajasthan,Jaipur,"Adarsh Nagar, Jaipur - RSPCB","21-09-2026 11:00:00",26.902909,75.836858,NO2,8,43,18
India,Rajasthan,Jaipur,"Police Commissionerate, Jaipur - RSPCB","21-09-2026 11:00:00",26.9164092,75.7994901,NH3,1,20,5
India,Rajasthan,Jaipur,"Sector-2 Murlipura, Jaipur - RSPCB","21-09-2026 11:00:00",26.960669,75.771817,PM2.5,23,118,49
India,Rajasthan,Jaipur,"Sector-2 Murlipura, Jaipur - RSPCB","21-09-2026 11:00:00",26.960669,75.771817,CO,17,56,35
India,Rajasthan,Jaipur,"RIICO Sitapura, Jaipur - RSPCB","21-09-2026 11:00:00",26.786682,75.827928,PM2.5,60,243,125
India,Rajasthan,Jaipur,"RIICO Sitapura, Jaipur - RSPCB","21-09-2026 11:00:00",26.786682,75.827928,NO2,27,57,42
India,Rajasthan,Jaipur,"RIICO Sitapura, Jaipur - RSPCB","21-09-2026 11:00:00",26.786682,75.827928,CO,32,58,43
India,Rajasthan,Jaisalmer,"Sadar Bazar, Jaisalmer - RSPCB","21-09-2026 11:00:00",26.912329,70.909168,NH3,12,22,16
India,Rajasthan,Jaisalmer,"Sadar Bazar, Jaisalmer - RSPCB","21-09-2026 11:00:00",26.912329,70.909168,OZONE,22,92,55
India,Rajasthan,Jalore,"Mudtra Sili, Jalore - RSPCB","21-09-2026 11:00:00",25.344694,72.626208,PM2.5,30,88,45
India,Rajasthan,Jalore,"Mudtra Sili, Jalore - RSPCB","21-09-2026 11:00:00",25.344694,72.626208,CO,15,30,23
India,Rajasthan,Jhalawar,"Rajlaxmi Nagar, Jhalawar - RSPCB","21-09-2026 11:00:00",24.588397,76.172782,PM2.5,23,42,34
India,Rajasthan,Jhalawar,"Rajlaxmi Nagar, Jhalawar - RSPCB","21-09-2026 11:00:00",24.588397,76.172782,NH3,5,7,6
India,Rajasthan,Jhalawar,"Rajlaxmi Nagar, Jhalawar - RSPCB","21-09-2026 11:00:00",24.588397,76.172782,SO2,6,11,9
India,Rajasthan,Jhalawar,"Rajlaxmi Nagar, Jhalawar - RSPCB","21-09-2026 11:00:00",24.588397,76.172782,OZONE,16,33,18
India,Rajasthan,Jhunjhunu,"Indra Nagar, Jhunjhunu - RSPCB","21-09-2026 11:00:00",28.108988,75.386577,NO2,6,50,20
India,Rajasthan,Jhunjhunu,"Indra Nagar, Jhunjhunu - RSPCB","21-09-2026 11:00:00",28.108988,75.386577,NH3,5,9,7
India,Rajasthan,Jhunjhunu,"Indra Nagar, Jhunjhunu - RSPCB","21-09-2026 11:00:00",28.108988,75.386577,CO,23,39,29
India,Rajasthan,Jhunjhunu,"Indra Nagar, Jhunjhunu - RSPCB","21-09-2026 11:00:00",28.108988,75.386577,OZONE,39,96,63
India,Rajasthan,Jodhpur,"Collectorate, Jodhpur - RSPCB","21-09-2026 11:00:00",26.268249,73.0193853,PM2.5,45,127,75
India,Rajasthan,Bharatpur,"Krishna Nagar, Bharatpur - RSPCB","21-09-2026 11:00:00",27.215415,77.50873,PM10,32,82,51
India,Rajasthan,Bhilwara,"Pratap Nagar, Bhilwara - RSPCB","21-09-2026 11:00:00",25.339605,74.618883,PM2.5,23,103,56
India,Rajasthan,Bhilwara,"Pratap Nagar, Bhilwara - RSPCB","21-09-2026 11:00:00",25.339605,74.618883,CO,28,45,35
India,Rajasthan,Bhilwara,"Pratap Nagar, Bhilwara - RSPCB","21-09-2026 11:00:00",25.339605,74.618883,OZONE,7,69,28
India,Rajasthan,Bhiwadi,"Vasundhara Nagar_UIT, Bhiwadi - RSPCB","21-09-2026 11:00:00",28.207266,76.829265,PM10,97,237,154
India,Rajasthan,Bhiwadi,"Vasundhara Nagar_UIT, Bhiwadi - RSPCB","21-09-2026 11:00:00",28.207266,76.829265,OZONE,28,31,29
India,Rajasthan,Bhiwadi,"RIICO Ind. Area III, Bhiwadi - RSPCB","21-09-2026 11:00:00",28.194909,76.862296,PM10,102,198,152
India,Rajasthan,Bhiwadi,"RIICO Ind. Area III, Bhiwadi - RSPCB","21-09-2026 11:00:00",28.194909,76.862296,NH3,4,14,8
India,Rajasthan,Bikaner,"MM Ground, Bikaner - RSPCB","21-09-2026 11:00:00",28.018792,73.292658,PM2.5,37,86,64
India,Rajasthan,Bikaner,"MM Ground, Bikaner - RSPCB","21-09-2026 11:00:00",28.018792,73.292658,NH3,7,10,9
India,Rajasthan,Bikaner,"MM Ground, Bikaner - RSPCB","21-09-2026 11:00:00",28.018792,73.292658,CO,37,67,51
India,Rajasthan,Bundi,"New Colony, Bundi - RSPCB","21-09-2026 11:00:00",25.435774,75.644272,CO,13,24,19
India,Rajasthan,Chittorgarh,"Shastri Nagar, Chittorgarh - RSPCB","21-09-2026 11:00:00",24.892047,74.623527,SO2,5,13,7
India,Rajasthan,Churu,"Subash Chowk, Churu - RSPCB","21-09-2026 11:00:00",28.296139,74.961696,PM2.5,40,136,68
India,Rajasthan,Churu,"Subash Chowk, Churu - RSPCB","21-09-2026 11:00:00",28.296139,74.961696,PM10,107,193,133
India,Rajasthan,Churu,"Subash Chowk, Churu - RSPCB","21-09-2026 11:00:00",28.296139,74.961696,SO2,3,5,4
India,Rajasthan,Churu,"Subash Chowk, Churu - RSPCB","21-09-2026 11:00:00",28.296139,74.961696,CO,18,32,24
India,Rajasthan,Dholpur,"Raja Ganj, Dholpur - RSPCB","21-09-2026 11:00:00",26.699557,77.898881,PM10,22,73,43
India,Rajasthan,Dholpur,"Raja Ganj, Dholpur - RSPCB","21-09-2026 11:00:00",26.699557,77.898881,NO2,5,26,12
India,Rajasthan,Dholpur,"Raja Ganj, Dholpur - RSPCB","21-09-2026 11:00:00",26.699557,77.898881,OZONE,10,21,14
India,Rajasthan,Dungarpur,"Bhoiwada, Dungarpur - RSPCB","21-09-2026 11:00:00",23.837789,73.714926,PM2.5,32,67,48
India,Rajasthan,Dungarpur,"Bhoiwada, Dungarpur - RSPCB","21-09-2026 11:00:00",23.837789,73.714926,NH3,1,3,1
India,Rajasthan,Hanumangarh,"Housing Board, Hanumangarh - RSPCB","21-09-2026 11:00:00",29.61075,74.283608,NO2,4,22,10
India,Odisha,Brajrajnagar,"GM Office, Brajrajnagar - OSPCB","21-09-2026 11:00:00",21.8004996,83.8396977,PM10,13,54,30
India,Odisha,Brajrajnagar,"GM Office, Brajrajnagar - OSPCB","21-09-2026 11:00:00",21.8004996,83.8396977,SO2,16,18,17
India,Odisha,Byasanagar,"Ferro Chrome Colony, Byasanagar - OSPCB","21-09-2026 11:00:00",20.94185,86.1151,NO2,5,10,7
India,Odisha,Byasanagar,"Ferro Chrome Colony, Byasanagar - OSPCB","21-09-2026 11:00:00",20.94185,86.1151,SO2,5,8,6
India,Odisha,Byasanagar,"Ferro Chrome Colony, Byasanagar - OSPCB","21-09-2026 11:00:00",20.94185,86.1151,OZONE,16,26,21
India,Odisha,Cuttack,"CDA Area, Cuttack - OSPCB","21-09-2026 11:00:00",20.48891,85.84768,OZONE,5,37,25
India,Odisha,Keonjhar,"Jagamohanpur, Keonjhar - OSPCB","21-09-2026 11:00:00",21.6439,85.599355,PM10,34,55,43
India,Odisha,Nayagarh,"Dabuna, Nayagarh - OSPCB","21-09-2026 11:00:00",21.847279,85.416905,SO2,18,19,18
India,Odisha,Paradeep,"Nua Sandhakuda, Paradeep - OSPCB","21-09-2026 11:00:00",20.258828,86.665185,PM2.5,12,36,23
India,Odisha,Paradeep,"Nua Sandhakuda, Paradeep - OSPCB","21-09-2026 11:00:00",20.258828,86.665185,PM10,13,108,52
India,Odisha,Rourkela,"Fertilizer Township, Rourkela - OSPCB","21-09-2026 11:00:00",22.18972222,84.86277778,OZONE,NA,NA,NA
India,Odisha,Rourkela,"Raghunathpali, Rourkela - OSPCB","21-09-2026 11:00:00",22.220833,84.809444,PM2.5,20,45,32
India,Odisha,Rourkela,"Raghunathpali, Rourkela - OSPCB","21-09-2026 11:00:00",22.220833,84.809444,NO2,9,23,15
India,Odisha,Rourkela,"Raghunathpali, Rourkela - OSPCB","21-09-2026 11:00:00",22.220833,84.809444,CO,37,49,42
India,Odisha,Rourkela,"Sector-2, Rourkela - OSPCB","21-09-2026 11:00:00",22.245,84.88111111,PM2.5,NA,NA,NA
India,Odisha,Talcher,"Talcher Coalfields,Talcher - OSPCB","21-09-2026 11:00:00",20.9360711,85.1707021,PM10,23,121,61
India,Odisha,Talcher,"Talcher Coalfields,Talcher - OSPCB","21-09-2026 11:00:00",20.9360711,85.1707021,NO2,12,13,13
India,Odisha,Talcher,"Talcher Coalfields,Talcher - OSPCB","21-09-2026 11:00:00",20.9360711,85.1707021,SO2,48,72,61
India,Rajasthan,Udaipur,"Ashok Nagar, Udaipur - RSPCB","21-09-2026 11:00:00",24.5886166,73.6321397,NO2,12,44,21
India,Rajasthan,Udaipur,"Ashok Nagar, Udaipur - RSPCB","21-09-2026 11:00:00",24.5886166,73.6321397,CO,9,36,19
India,Sikkim,Gangtok,"Zero Point GICI, Gangtok - SSPCB","21-09-2026 11:00:00",27.33853,88.614099,NO2,6,10,8
India,"Tamil Nadu",Chennai,"Manali, Chennai - CPCB","21-09-2026 11:00:00",13.164544,80.26285,PM10,20,172,63
India,"Tamil Nadu",Chennai,"Manali, Chennai - CPCB","21-09-2026 11:00:00",13.164544,80.26285,SO2,4,8,5
India,"Tamil Nadu",Chennai,"Manali, Chennai - CPCB","21-09-2026 11:00:00",13.164544,80.26285,OZONE,11,14,12
India,Telangana,Hyderabad,"Kompally Municipal Office, Hyderabad - TSPCB","21-09-2026 11:00:00",17.544899,78.486949,NO2,9,13,10
India,Telangana,Hyderabad,"Kompally Municipal Office, Hyderabad - TSPCB","21-09-2026 11:00:00",17.544899,78.486949,SO2,2,9,6
India,Telangana,Hyderabad,"Ramachandrapuram, Hyderabad - TSPCB","21-09-2026 11:00:00",17.528544,78.286195,CO,23,31,30
India,Telangana,Hyderabad,"Zoo Park, Hyderabad - TSPCB","21-09-2026 11:00:00",17.349694,78.451437,OZONE,3,3,3
India,Telangana,Hyderabad,"ECIL Kapra, Hyderabad - TSPCB","21-09-2026 11:00:00",17.470431,78.566959,NH3,2,3,2
India,Telangana,Hyderabad,"ECIL Kapra, Hyderabad - TSPCB","21-09-2026 11:00:00",17.470431,78.566959,SO2,4,13,6
India,Telangana,Hyderabad,"ECIL Kapra, Hyderabad - TSPCB","21-09-2026 11:00:00",17.470431,78.566959,CO,16,27,23
India,Telangana,Hyderabad,"ECIL Kapra, Hyderabad - TSPCB","21-09-2026 11:00:00",17.470431,78.566959,OZONE,15,16,15
India,Telangana,Hyderabad,"Kokapet, Hyderabad - TSPCB","21-09-2026 11:00:00",17.393559,78.339194,PM10,40,60,47
India,Telangana,Hyderabad,"Kokapet, Hyderabad - TSPCB","21-09-2026 11:00:00",17.393559,78.339194,SO2,5,10,7
India,Telangana,Hyderabad,"New Malakpet, Hyderabad - TSPCB","21-09-2026 11:00:00",17.37206,78.50864,NO2,14,16,15
India,Telangana,Hyderabad,"New Malakpet, Hyderabad - TSPCB","21-09-2026 11:00:00",17.37206,78.50864,OZONE,14,21,16
India,Odisha,Tensa,"Barsua Iron Ore Mines, Tensa - OSPCB","21-09-2026 11:00:00",21.869985,85.167016,PM10,NA,NA,NA
India,Odisha,Tensa,"Barsua Iron Ore Mines, Tensa - OSPCB","21-09-2026 11:00:00",21.869985,85.167016,NO2,NA,NA,NA
India,Odisha,Tensa,"Barsua Iron Ore Mines, Tensa - OSPCB","21-09-2026 11:00:00",21.869985,85.167016,CO,40,49,46
India,Puducherry,Puducherry,"Jawahar Nagar, Puducherry - PPCC","21-09-2026 11:00:00",11.9309,79.8027,NO2,6,37,13
India,Puducherry,Puducherry,"Jawahar Nagar, Puducherry - PPCC","21-09-2026 11:00:00",11.9309,79.8027,CO,8,32,24
India,Punjab,Amritsar,"Golden Temple, Amritsar - PPCB","21-09-2026 11:00:00",31.62,74.876512,PM10,80,100,86
India,Punjab,Amritsar,"Golden Temple, Amritsar - PPCB","21-09-2026 11:00:00",31.62,74.876512,SO2,7,16,11
India,Punjab,Jalandhar,"Civil Line, Jalandhar - PPCB","21-09-2026 11:00:00",31.321907,75.578914,CO,30,68,52
India,Punjab,Khanna,"Kalal Majra, Khanna - PPCB","21-09-2026 11:00:00",30.736056,76.209694,NO2,12,25,18
India,Punjab,Khanna,"Kalal Majra, Khanna - PPCB","21-09-2026 11:00:00",30.736056,76.209694,OZONE,14,26,21
India,Punjab,Ludhiana,"Punjab Agricultural University, Ludhiana - PPCB","21-09-2026 11:00:00",30.9028,75.8086,SO2,12,19,14
India,Punjab,"Mandi Gobindgarh","RIMT University, Mandi Gobindgarh - PPCB","21-09-2026 11:00:00",30.649961,76.331442,SO2,8,16,12
India,Punjab,Patiala,"Model Town, Patiala - PPCB","21-09-2026 11:00:00",30.349388,76.366642,SO2,19,31,24
India,Punjab,Rupnagar,"Ratanpura, Rupnagar - Ambuja Cements","21-09-2026 11:00:00",31.0325454,76.5623046,CO,56,59,57
India,Rajasthan,Jodhpur,"Collectorate, Jodhpur - RSPCB","21-09-2026 11:00:00",26.268249,73.0193853,CO,13,70,37
India,Rajasthan,Jodhpur,"Jhalamand, Jodhpur - RSPCB","21-09-2026 11:00:00",26.215415,73.070156,PM10,57,389,125
India,Rajasthan,Jodhpur,"Jhalamand, Jodhpur - RSPCB","21-09-2026 11:00:00",26.215415,73.070156,NO2,9,51,24
India,Rajasthan,Jodhpur,"Jhalamand, Jodhpur - RSPCB","21-09-2026 11:00:00",26.215415,73.070156,CO,17,22,20
India,Rajasthan,Jodhpur,"Samrat Ashok Udhyan, Jodhpur - RSPCB","21-09-2026 11:00:00",26.253384,72.976571,PM10,40,125,84
India,Rajasthan,Jodhpur,"Samrat Ashok Udhyan, Jodhpur - RSPCB","21-09-2026 11:00:00",26.253384,72.976571,NO2,6,99,40
India,Rajasthan,Jodhpur,"Samrat Ashok Udhyan, Jodhpur - RSPCB","21-09-2026 11:00:00",26.253384,72.976571,NH3,6,11,8
India,Rajasthan,Jodhpur,"Digari Kalan, Jodhpur - RSPCB","21-09-2026 11:00:00",26.29581,73.082283,OZONE,1,56,16
India,Rajasthan,Karauli,"Satyawati Vihar, Karauli - RSPCB","21-09-2026 11:00:00",26.506177,77.025989,NO2,23,39,28
India,Rajasthan,Karauli,"Satyawati Vihar, Karauli - RSPCB","21-09-2026 11:00:00",26.506177,77.025989,CO,6,13,10
India,Rajasthan,Kota,"Nayapura, Kota - RSPCB","21-09-2026 11:00:00",25.196024,75.855668,NO2,3,44,18
India,Rajasthan,Kota,"Nayapura, Kota - RSPCB","21-09-2026 11:00:00",25.196024,75.855668,NH3,4,14,7
India,Rajasthan,Kota,"Dhanmandi, Kota - RSPCB","21-09-2026 11:00:00",25.16409,75.858137,NH3,2,3,2
India,Telangana,Hyderabad,"Bollaram Industrial Area, Hyderabad - TSPCB","21-09-2026 11:00:00",17.518,78.383,NO2,NA,NA,NA
India,Telangana,Hyderabad,"IITH Kandi, Hyderabad - TSPCB","21-09-2026 11:00:00",17.585705,78.126199,PM2.5,42,45,43
India,Telangana,Hyderabad,"IITH Kandi, Hyderabad - TSPCB","21-09-2026 11:00:00",17.585705,78.126199,SO2,15,19,16
India,Telangana,Hyderabad,"ICRISAT Patancheru, Hyderabad - TSPCB","21-09-2026 11:00:00",17.5184,78.278777,PM2.5,33,100,56
India,Telangana,Hyderabad,"ICRISAT Patancheru, Hyderabad - TSPCB","21-09-2026 11:00:00",17.5184,78.278777,CO,11,16,12
India,Telangana,Hyderabad,"IDA Pashamylaram, Hyderabad - TSPCB","21-09-2026 11:00:00",17.5316895,78.218939,NO2,9,12,11
India,Telangana,Hyderabad,"Sanathnagar, Hyderabad - TSPCB","21-09-2026 11:00:00",17.4559458,78.4332152,PM2.5,29,63,47
India,Tripura,Agartala,"Bardowali, Agartala - Tripura SPCB","21-09-2026 11:00:00",23.8175497,91.2726974,SO2,16,16,16
India,"Uttar Pradesh",Agra,"Manoharpur, Agra - UPPCB","21-09-2026 11:00:00",27.23711,78.01936,NO2,30,31,30
India,"Uttar Pradesh",Agra,"Manoharpur, Agra - UPPCB","21-09-2026 11:00:00",27.23711,78.01936,NH3,2,2,2
India,Rajasthan,Nagaur,"Karni Colony, Nagaur - RSPCB","21-09-2026 11:00:00",27.213494,73.734444,OZONE,32,68,46
India,Rajasthan,Pali,"Indira Colony Vistar, Pali - RSPCB","21-09-2026 11:00:00",25.771061,73.340227,NH3,2,11,6
India,Rajasthan,Pali,"Indira Colony Vistar, Pali - RSPCB","21-09-2026 11:00:00",25.771061,73.340227,SO2,9,14,12
India,Rajasthan,Rajsamand,"Dhoinda, Rajsamand - RSPCB","21-09-2026 11:00:00",25.03636,73.883502,PM2.5,3,83,36
India,Rajasthan,Rajsamand,"Dhoinda, Rajsamand - RSPCB","21-09-2026 11:00:00",25.03636,73.883502,SO2,4,6,5
India,Rajasthan,"Sawai Madhopur","Sahu Nagar, Sawai Madhopur - RSPCB","21-09-2026 11:00:00",26.031443,76.359327,NO2,6,33,13
India,Rajasthan,Sirohi,"Vedhaynath Colony, Sirohi - RSPCB","21-09-2026 11:00:00",24.885261,72.857549,SO2,2,10,4
India,Rajasthan,"Sri Ganganagar","Old City, Sri Ganganagar - RSPCB","21-09-2026 11:00:00",29.931624,73.864511,PM2.5,50,127,80
India,Rajasthan,Tonk,"Shastri Nagar, Tonk - RSPCB","21-09-2026 11:00:00",26.159933,75.780517,NH3,4,9,6
India,Rajasthan,Ajmer,"Civil Lines,  Ajmer - RSPCB","21-09-2026 11:00:00",26.470859,74.646594,CO,32,49,40
India,Rajasthan,Alwar,"Vigyan Nagar, Alwar - RSPCB","21-09-2026 11:00:00",27.598796,76.63861,NO2,10,27,15
India,Rajasthan,Alwar,"Vigyan Nagar, Alwar - RSPCB","21-09-2026 11:00:00",27.598796,76.63861,OZONE,8,60,25
India,Rajasthan,Banswara,"Rati Talai, Banswara - RSPCB","21-09-2026 11:00:00",23.55519,74.44001,NO2,21,48,33
India,Rajasthan,Barmer,"Railway Colony, Barmer - RSPCB","21-09-2026 11:00:00",25.747299,71.393989,PM2.5,NA,NA,NA
India,Rajasthan,Barmer,"Railway Colony, Barmer - RSPCB","21-09-2026 11:00:00",25.747299,71.393989,NO2,6,74,20
India,Rajasthan,Barmer,"Railway Colony, Barmer - RSPCB","21-09-2026 11:00:00",25.747299,71.393989,SO2,5,6,6
India,"Uttar Pradesh",Lucknow,"Kendriya Vidyalaya, Lucknow - CPCB","21-09-2026 11:00:00",26.906111,80.948222,OZONE,3,29,12
India,"Uttar Pradesh",Lucknow,"Lalbagh, Lucknow - CPCB","21-09-2026 11:00:00",26.8458805,80.9365541,PM2.5,4,126,60
India,"Uttar Pradesh",Lucknow,"Lalbagh, Lucknow - CPCB","21-09-2026 11:00:00",26.8458805,80.9365541,NO2,20,34,26
India,"Uttar Pradesh",Lucknow,"Lalbagh, Lucknow - CPCB","21-09-2026 11:00:00",26.8458805,80.9365541,NH3,9,21,14
India,"Uttar Pradesh",Lucknow,"Gomti Nagar, Lucknow - UPPCB","21-09-2026 11:00:00",26.86812,81.005119,SO2,11,11,11
India,"Uttar Pradesh",Lucknow,"Talkatora District Industries Center, Lucknow - CPCB","21-09-2026 11:00:00",26.83399722,80.8917361,NH3,8,13,10
India,"Uttar Pradesh",Lucknow,"Talkatora District Industries Center, Lucknow - CPCB","21-09-2026 11:00:00",26.83399722,80.8917361,CO,17,34,27
India,"Uttar Pradesh",Lucknow,"Kukrail Picnic Spot-1, Lucknow - UPPCB","21-09-2026 11:00:00",26.90723,80.98579,PM10,47,80,63
India,"Uttar Pradesh",Lucknow,"Kukrail Picnic Spot-1, Lucknow - UPPCB","21-09-2026 11:00:00",26.90723,80.98579,CO,14,15,14
India,"Uttar Pradesh",Mathura,"Pali Dungra, Mathura - UPPCB","21-09-2026 11:00:00",27.410954,77.550619,PM10,74,117,95
India,"Uttar Pradesh",Mathura,"Pali Dungra, Mathura - UPPCB","21-09-2026 11:00:00",27.410954,77.550619,NH3,1,2,1
India,"Uttar Pradesh",Mathura,"Pali Dungra, Mathura - UPPCB","21-09-2026 11:00:00",27.410954,77.550619,SO2,12,16,13
India,"Uttar Pradesh",Meerut,"Pallavpuram Phase 2, Meerut - UPPCB","21-09-2026 11:00:00",29.06351,77.709723,NH3,8,11,9
India,"Uttar Pradesh",Meerut,"Ganga Nagar, Meerut - UPPCB","21-09-2026 11:00:00",28.999264,77.7590354,PM10,NA,NA,NA
India,"Uttar Pradesh",Meerut,"Ganga Nagar, Meerut - UPPCB","21-09-2026 11:00:00",28.999264,77.7590354,NH3,5,7,6
India,"Uttar Pradesh",Meerut,"Ganga Nagar, Meerut - UPPCB","21-09-2026 11:00:00",28.999264,77.7590354,SO2,1,10,4
India,"Uttar Pradesh",Meerut,"Jai Bhim Nagar, Meerut - UPPCB","21-09-2026 11:00:00",28.9535882,77.7622941,PM10,97,172,127
India,"Uttar Pradesh",Meerut,"Jai Bhim Nagar, Meerut - UPPCB","21-09-2026 11:00:00",28.9535882,77.7622941,NO2,9,34,18
India,"Uttar Pradesh",Meerut,"Jai Bhim Nagar, Meerut - UPPCB","21-09-2026 11:00:00",28.9535882,77.7622941,CO,62,121,77
India,Uttarakhand,Dehradun,"Doon University, Dehradun - UKPCB","21-09-2026 11:00:00",30.269444,78.044167,PM10,21,122,89
India,Uttarakhand,Kashipur,"Govt. Girls Inter College, Kashipur - UKPCB","21-09-2026 11:00:00",29.2124114,78.9611753,PM10,NA,NA,NA
India,Uttarakhand,Rishikesh,"Shivaji Nagar, Rishikesh - UKPCB","21-09-2026 11:00:00",30.075911,78.2859547,PM2.5,2,2,2
India,"West Bengal",Asansol,"Evelyn Lodge, Asansol - WBPCB","21-09-2026 11:00:00",23.697936,86.944395,CO,12,17,14
India,"West Bengal",Asansol,"Evelyn Lodge, Asansol - WBPCB","21-09-2026 11:00:00",23.697936,86.944395,OZONE,7,22,13
India,"West Bengal",Asansol,"Mahabir Colliery, Asansol - WBPCB","21-09-2026 11:00:00",23.618183,87.105718,PM10,25,46,36
India,"West Bengal",Barrackpore,"SVSPA Campus, Barrackpore - WBPCB","21-09-2026 11:00:00",22.7605581,88.3617589,PM10,22,49,33
India,"West Bengal",Barrackpore,"SVSPA Campus, Barrackpore - WBPCB","21-09-2026 11:00:00",22.7605581,88.3617589,SO2,13,14,14
India,"West Bengal",Durgapur,"PCBL Residential Complex, Durgapur - WBPCB","21-09-2026 11:00:00",23.508764,87.35444,OZONE,3,12,6
India,"West Bengal",Durgapur,"Mahishkapur Road_B-Zone, Durgapur - WBPCB","21-09-2026 11:00:00",23.567923,87.306843,NO2,2,7,4
India,"West Bengal",Durgapur,"Mahishkapur Road_B-Zone, Durgapur - WBPCB","21-09-2026 11:00:00",23.567923,87.306843,SO2,0,2,1
India,"West Bengal",Durgapur,"Womens College_City Center, Durgapur - WBPCB","21-09-2026 11:00:00",23.549395,87.300496,PM2.5,8,33,17
India,"West Bengal",Durgapur,"Womens College_City Center, Durgapur - WBPCB","21-09-2026 11:00:00",23.549395,87.300496,NO2,16,31,20
India,"Uttar Pradesh",Bulandshahr,"Yamunapuram, Bulandshahr - UPPCB","21-09-2026 11:00:00",28.406963,77.849831,CO,42,68,49
India,"Uttar Pradesh",Bulandshahr,"Yamunapuram, Bulandshahr - UPPCB","21-09-2026 11:00:00",28.406963,77.849831,OZONE,11,79,38
India,"Uttar Pradesh","Fatehpur Sikri","Dadupura, Fatehpur Sikri - UPPCB","21-09-2026 11:00:00",27.097694,77.671335,CO,23,28,25
India,"Uttar Pradesh",Firozabad,"Vibhab Nagar, Firozabad - UPPCB","21-09-2026 11:00:00",27.1594,78.3953,OZONE,1,1,1
India,"Uttar Pradesh",Gajraula,"Rajanpur, Gajraula - UPPCB","21-09-2026 11:00:00",28.829109,78.248796,SO2,9,14,11
India,"Uttar Pradesh",Ghaziabad,"Govindpuram, Ghaziabad - UPPCB","21-09-2026 11:00:00",28.694528,77.494705,OZONE,6,58,18
India,"Uttar Pradesh",Ghaziabad,"Ved Vihar-Loni, Ghaziabad - UPPCB","21-09-2026 11:00:00",28.739153,77.273668,NH3,6,17,10
India,"Uttar Pradesh",Ghaziabad,"Ved Vihar-Loni, Ghaziabad - UPPCB","21-09-2026 11:00:00",28.739153,77.273668,OZONE,9,29,15
India,"Uttar Pradesh",Ghaziabad,"Wave City, Ghaziabad - UPPCB","21-09-2026 11:00:00",28.646675,77.489049,PM2.5,NA,NA,NA
India,"Uttar Pradesh",Ghaziabad,"Wave City, Ghaziabad - UPPCB","21-09-2026 11:00:00",28.646675,77.489049,PM10,NA,NA,NA
India,"Uttar Pradesh",Ghaziabad,"Vasundhara, Ghaziabad - UPPCB","21-09-2026 11:00:00",28.6603346,77.3572563,NO2,13,55,35
India,"Uttar Pradesh",Ghaziabad,"Sanjay Nagar, Ghaziabad - UPPCB","21-09-2026 11:00:00",28.685382,77.453839,PM2.5,75,203,129
India,"Uttar Pradesh",Moradabad,"Kashiram Nagar, Moradabad - UPPCB","21-09-2026 11:00:00",28.849399,78.742362,PM10,83,130,110
India,"Uttar Pradesh",Moradabad,"Kashiram Nagar, Moradabad - UPPCB","21-09-2026 11:00:00",28.849399,78.742362,NO2,25,25,25
India,"Uttar Pradesh",Moradabad,"Transport Nagar, Moradabad - UPPCB","21-09-2026 11:00:00",28.802625,78.753728,NO2,24,25,24
India,"Uttar Pradesh",Moradabad,"Transport Nagar, Moradabad - UPPCB","21-09-2026 11:00:00",28.802625,78.753728,NH3,5,6,5
India,"Uttar Pradesh",Moradabad,"Employment Office, Moradabad - UPPCB","21-09-2026 11:00:00",28.88528,78.7388,PM10,68,111,89
India,"Uttar Pradesh",Moradabad,"Buddhi Vihar, Moradabad - UPPCB","21-09-2026 11:00:00",28.83526,78.7446,CO,4,15,12
India,"Uttar Pradesh",Moradabad,"Jigar Colony, Moradabad - UPPCB","21-09-2026 11:00:00",28.856664,78.772638,NH3,6,6,6
India,"Uttar Pradesh",Moradabad,"Jigar Colony, Moradabad - UPPCB","21-09-2026 11:00:00",28.856664,78.772638,CO,39,40,40
India,"Uttar Pradesh",Noida,"Sector - 62, Noida - IITM","21-09-2026 11:00:00",28.6245479,77.3577104,PM10,104,168,135
India,"Uttar Pradesh",Noida,"Sector - 62, Noida - IITM","21-09-2026 11:00:00",28.6245479,77.3577104,NH3,NA,NA,NA
India,"Uttar Pradesh",Noida,"Sector - 125, Noida - UPPCB","21-09-2026 11:00:00",28.5447608,77.3231257,PM2.5,75,267,156
India,"Uttar Pradesh",Noida,"Sector - 125, Noida - UPPCB","21-09-2026 11:00:00",28.5447608,77.3231257,OZONE,5,15,11
India,"Uttar Pradesh",Noida,"Sector-1, Noida - UPPCB","21-09-2026 11:00:00",28.5898,77.3101,NH3,10,15,13
India,"Uttar Pradesh",Agra,"Sector-3B Avas Vikas Colony, Agra - UPPCB","21-09-2026 11:00:00",27.19412,77.96237,NO2,35,35,35
India,"Uttar Pradesh",Agra,"Sector-3B Avas Vikas Colony, Agra - UPPCB","21-09-2026 11:00:00",27.19412,77.96237,OZONE,12,14,14
India,"Uttar Pradesh",Agra,"Shastripuram, Agra - UPPCB","21-09-2026 11:00:00",27.19862,77.92066,CO,49,53,50
India,"Uttar Pradesh",Agra,"Shastripuram, Agra - UPPCB","21-09-2026 11:00:00",27.19862,77.92066,OZONE,3,3,3
India,"Uttar Pradesh",Agra,"Rohta, Agra - UPPCB","21-09-2026 11:00:00",27.106972,78.000111,NO2,16,16,16
India,"Uttar Pradesh",Baghpat,"Sardar Patel Inter College, Baghpat - UPPCB","21-09-2026 11:00:00",28.964949,77.278761,PM2.5,44,113,79
India,"Uttar Pradesh",Baghpat,"Sardar Patel Inter College, Baghpat - UPPCB","21-09-2026 11:00:00",28.964949,77.278761,PM10,100,194,151
India,"Uttar Pradesh",Baghpat,"Sardar Patel Inter College, Baghpat - UPPCB","21-09-2026 11:00:00",28.964949,77.278761,NO2,18,29,23
India,"Uttar Pradesh",Bareilly,"Rajendra Nagar, Bareilly - UPPCB","21-09-2026 11:00:00",28.38910936,79.42963708,SO2,16,19,18
India,"Uttar Pradesh",Bareilly,"Rajendra Nagar, Bareilly - UPPCB","21-09-2026 11:00:00",28.38910936,79.42963708,CO,17,18,17
India,"Uttar Pradesh",Bareilly,"Civil Lines, Bareilly - UPPCB","21-09-2026 11:00:00",28.359581,79.414455,PM10,32,55,43
India,"Uttar Pradesh",Bareilly,"Civil Lines, Bareilly - UPPCB","21-09-2026 11:00:00",28.359581,79.414455,NH3,0,0,0
India,"West Bengal",Haldia,"Priyambada Housing Estate, Haldia - WBPCB","21-09-2026 11:00:00",22.06047,88.109737,OZONE,11,19,16
India,"West Bengal",Howrah,"Belur Math, Howrah - WBPCB","21-09-2026 11:00:00",22.629801,88.352017,NO2,21,50,32
India,"West Bengal",Howrah,"Dasnagar, Howrah - WBPCB","21-09-2026 11:00:00",22.6025571,88.3105664,NH3,1,4,1
India,"West Bengal",Howrah,"Dasnagar, Howrah - WBPCB","21-09-2026 11:00:00",22.6025571,88.3105664,SO2,9,11,10
India,"West Bengal",Howrah,"Dasnagar, Howrah - WBPCB","21-09-2026 11:00:00",22.6025571,88.3105664,CO,43,55,49
India,"West Bengal",Kolkata,"Rabindra Bharati University, Kolkata - WBPCB","21-09-2026 11:00:00",22.627847,88.380669,PM10,35,55,43
India,"West Bengal",Kolkata,"Rabindra Bharati University, Kolkata - WBPCB","21-09-2026 11:00:00",22.627847,88.380669,OZONE,10,44,31
India,"West Bengal",Kolkata,"Jadavpur, Kolkata - WBPCB","21-09-2026 11:00:00",22.49929,88.36917,PM2.5,27,59,38
India,"West Bengal",Kolkata,"Ballygunge, Kolkata - WBPCB","21-09-2026 11:00:00",22.5367507,88.3638022,PM2.5,20,23,22
India,"West Bengal",Kolkata,"Victoria, Kolkata - WBPCB","21-09-2026 11:00:00",22.5448082,88.3403691,NO2,16,22,18
India,"West Bengal",Kolkata,"Victoria, Kolkata - WBPCB","21-09-2026 11:00:00",22.5448082,88.3403691,NH3,3,4,4
India,"Uttar Pradesh",Prayagraj,"Motilal Nehru NIT, Prayagraj - UPPCB","21-09-2026 11:00:00",25.494,81.863,PM10,19,51,32
India,"Uttar Pradesh",Prayagraj,"Motilal Nehru NIT, Prayagraj - UPPCB","21-09-2026 11:00:00",25.494,81.863,NO2,12,12,12
India,"Uttar Pradesh",Prayagraj,"Motilal Nehru NIT, Prayagraj - UPPCB","21-09-2026 11:00:00",25.494,81.863,NH3,8,8,8
India,"Uttar Pradesh",Raebareli," Indira Nagar, Raebareli - NTPC Unchahar","21-09-2026 11:00:00",26.207781,81.245571,PM10,NA,NA,NA
India,"Uttar Pradesh",Raebareli," Indira Nagar, Raebareli - NTPC Unchahar","21-09-2026 11:00:00",26.207781,81.245571,NH3,NA,NA,NA
India,"Uttar Pradesh",Raebareli," Indira Nagar, Raebareli - NTPC Unchahar","21-09-2026 11:00:00",26.207781,81.245571,SO2,NA,NA,NA
India,"Uttar Pradesh",Raebareli,"Anand Nagar, Raebareli - UPPCB","21-09-2026 11:00:00",26.219512,81.237648,NH3,NA,NA,NA
India,"Uttar Pradesh",Varanasi,"Maldahiya, Varanasi - UPPCB","21-09-2026 11:00:00",25.32393,82.99687,NO2,2,3,2
India,"Uttar Pradesh",Vrindavan,"Omex Eternity, Vrindavan - UPPCB","21-09-2026 11:00:00",27.571409,77.655757,PM2.5,43,95,60
India,"Uttar Pradesh",Vrindavan,"Omex Eternity, Vrindavan - UPPCB","21-09-2026 11:00:00",27.571409,77.655757,NH3,8,9,8
India,"Uttar Pradesh",Vrindavan," Chhatikara, Vrindavan - UPPCB","21-09-2026 11:00:00",27.57194,77.62346,PM2.5,21,70,42
India,"Uttar Pradesh",Vrindavan," Chhatikara, Vrindavan - UPPCB","21-09-2026 11:00:00",27.57194,77.62346,SO2,20,29,24
India,"Uttar Pradesh","Greater Noida","Knowledge Park - V, Greater Noida - UPPCB","21-09-2026 11:00:00",28.557054,77.453663,CO,8,24,13
India,"Uttar Pradesh","Greater Noida","Knowledge Park - III, Greater Noida - UPPCB","21-09-2026 11:00:00",28.47272,77.482,PM10,88,259,158
India,"Uttar Pradesh",Hapur,"Anand Vihar, Hapur - UPPCB","21-09-2026 11:00:00",28.725645,77.749675,NO2,0,3,1
India,"Uttar Pradesh",Jhansi,"Shivaji Nagar, Jhansi - UPPCB","21-09-2026 11:00:00",25.4547,78.6039,PM10,61,160,92
India,"Uttar Pradesh",Jhansi,"Shivaji Nagar, Jhansi - UPPCB","21-09-2026 11:00:00",25.4547,78.6039,NH3,4,4,4
India,"Uttar Pradesh",Kanpur,"Nehru Nagar, Kanpur - UPPCB","21-09-2026 11:00:00",26.4703136,80.3229863,NH3,NA,NA,NA
India,"Uttar Pradesh",Khora,"Prashant Garden, Khora - UPPCB","21-09-2026 11:00:00",28.61119,77.34206,CO,50,62,56
India,"Uttar Pradesh",Khurja,"Kalindi Kunj, Khurja - UPPCB","21-09-2026 11:00:00",28.2348927,77.8683002,NH3,1,1,1
India,"Uttar Pradesh",Lucknow,"Kendriya Vidyalaya, Lucknow - CPCB","21-09-2026 11:00:00",26.906111,80.948222,NH3,7,19,13
India,"West Bengal",Kolkata,"Rabindra Sarobar, Kolkata - WBPCB","21-09-2026 11:00:00",22.51106,88.35142,OZONE,5,21,10
India,"West Bengal",Kolkata,"Bidhannagar, Kolkata - WBPCB","21-09-2026 11:00:00",22.58157048,88.41002457,NO2,13,14,13
India,"West Bengal",Kolkata,"Bidhannagar, Kolkata - WBPCB","21-09-2026 11:00:00",22.58157048,88.41002457,NH3,5,5,5
India,"West Bengal",Siliguri,"Ward-32 Bapupara, Siliguri - WBPCB","21-09-2026 11:00:00",26.6879226,88.4152495,PM10,NA,NA,NA
India,Bihar,Patna,"IGSC Planetarium Complex, Patna - BSPCB","21-09-2026 11:00:00",25.610369,85.132568,SO2,16,30,22
India,Bihar,Patna,"Rajbansi Nagar, Patna - BSPCB","21-09-2026 11:00:00",25.599486,85.113666,PM2.5,22,45,31
India,Bihar,Patna,"Rajbansi Nagar, Patna - BSPCB","21-09-2026 11:00:00",25.599486,85.113666,NO2,29,34,31
India,Bihar,Patna,"Rajbansi Nagar, Patna - BSPCB","21-09-2026 11:00:00",25.599486,85.113666,SO2,8,11,9
India,Bihar,Purnia,"Mariam Nagar, Purnia - BSPCB","21-09-2026 11:00:00",25.366336,87.117468,SO2,16,17,16
India,Bihar,Rajgir,"Dangi Tola, Rajgir - BSPCB","21-09-2026 11:00:00",25.0328,85.41948,PM10,17,38,21
India,Bihar,Rajgir,"Dangi Tola, Rajgir - BSPCB","21-09-2026 11:00:00",25.0328,85.41948,NO2,13,15,14
India,Bihar,Rajgir,"Dangi Tola, Rajgir - BSPCB","21-09-2026 11:00:00",25.0328,85.41948,OZONE,6,59,17
India,Bihar,Saharsa,"Police Line, Saharsa - BSPCB","21-09-2026 11:00:00",25.892357,86.590325,PM10,31,187,75
India,Bihar,Saharsa,"Police Line, Saharsa - BSPCB","21-09-2026 11:00:00",25.892357,86.590325,NH3,4,4,4
India,Bihar,Sasaram,"Dada Peer, Sasaram - BSPCB","21-09-2026 11:00:00",24.952822,84.002396,PM2.5,8,60,25
India,Bihar,Siwan,"Chitragupta Nagar, Siwan - BSPCB","21-09-2026 11:00:00",26.2271665,84.3570427,PM2.5,15,180,37
India,Bihar,Siwan,"Chitragupta Nagar, Siwan - BSPCB","21-09-2026 11:00:00",26.2271665,84.3570427,NH3,1,1,1
India,Bihar,Siwan,"Chitragupta Nagar, Siwan - BSPCB","21-09-2026 11:00:00",26.2271665,84.3570427,CO,61,68,63
India,Chandigarh,Chandigarh,"Sector-25, Chandigarh - CPCC","21-09-2026 11:00:00",30.751462,76.762879,NH3,NA,NA,NA
India,Chandigarh,Chandigarh,"Sector 22, Chandigarh - CPCC","21-09-2026 11:00:00",30.735567,76.775714,PM2.5,23,67,37
India,Chandigarh,Chandigarh,"Sector 22, Chandigarh - CPCC","21-09-2026 11:00:00",30.735567,76.775714,PM10,25,59,41
India,Chandigarh,Chandigarh,"Sector 22, Chandigarh - CPCC","21-09-2026 11:00:00",30.735567,76.775714,OZONE,8,33,18
India,"Andhra Pradesh",Amaravati,"Secretariat, Amaravati - APPCB","21-09-2026 11:00:00",16.5150833,80.5181667,NO2,13,46,27
India,"Andhra Pradesh",Amaravati,"Secretariat, Amaravati - APPCB","21-09-2026 11:00:00",16.5150833,80.5181667,CO,13,33,21
India,"Andhra Pradesh",Anantapur,"Gulzarpet, Anantapur - APPCB","21-09-2026 11:00:00",14.675886,77.593027,CO,26,28,27
India,"Andhra Pradesh",Anantapur,"Gulzarpet, Anantapur - APPCB","21-09-2026 11:00:00",14.675886,77.593027,OZONE,29,29,29
India,"Andhra Pradesh",Guntur,"Rajendra Nagar North, Guntur - APPCB","21-09-2026 11:00:00",16.316553,80.413302,PM10,50,123,63
India,"Andhra Pradesh",Guntur,"Rajendra Nagar North, Guntur - APPCB","21-09-2026 11:00:00",16.316553,80.413302,NH3,4,10,7
India,"Andhra Pradesh",Guntur,"Rajendra Nagar North, Guntur - APPCB","21-09-2026 11:00:00",16.316553,80.413302,SO2,12,40,19
India,"Andhra Pradesh",Kadapa,"Yerramukkapalli, Kadapa - APPCB","21-09-2026 11:00:00",14.465052,78.824187,CO,31,31,31
India,"Andhra Pradesh",Kakinada,"Rama Rao Peta, Kakinada - APPCB","21-09-2026 11:00:00",16.962488,82.229513,OZONE,6,38,17
India,"Andhra Pradesh",Kurnool,"Sita Rama Nagar, Kurnool - APPCB","21-09-2026 11:00:00",15.83411,78.028546,PM2.5,22,50,34
India,"Andhra Pradesh",Kurnool,"Sita Rama Nagar, Kurnool - APPCB","21-09-2026 11:00:00",15.83411,78.028546,SO2,6,7,6
India,"Andhra Pradesh",Machilipatnam,"Srinivas Nagar Colony, Machilipatnam - APPCB","21-09-2026 11:00:00",16.186555,81.13219,PM10,52,59,54
India,"Andhra Pradesh",Machilipatnam,"Srinivas Nagar Colony, Machilipatnam - APPCB","21-09-2026 11:00:00",16.186555,81.13219,NO2,24,53,34
India,"Andhra Pradesh",Machilipatnam,"Srinivas Nagar Colony, Machilipatnam - APPCB","21-09-2026 11:00:00",16.186555,81.13219,NH3,3,3,3
India,"Andhra Pradesh",Machilipatnam,"Srinivas Nagar Colony, Machilipatnam - APPCB","21-09-2026 11:00:00",16.186555,81.13219,OZONE,15,22,16
India,"Andhra Pradesh",Nellore,"Ambedkar Nagar, Nellore - APPCB ","21-09-2026 11:00:00",14.438164,79.966814,PM10,65,80,70
India,"Andhra Pradesh",Nellore,"Ambedkar Nagar, Nellore - APPCB ","21-09-2026 11:00:00",14.438164,79.966814,SO2,16,17,17
India,Bihar,Kishanganj,"SDM Office_Khagra, Kishanganj - BSPCB","21-09-2026 11:00:00",26.0881305,87.93840336,SO2,2,11,9
India,Bihar,Kishanganj,"SDM Office_Khagra, Kishanganj - BSPCB","21-09-2026 11:00:00",26.0881305,87.93840336,CO,37,41,39
India,Bihar,Motihari,"Gandak Colony, Motihari - BSPCB","21-09-2026 11:00:00",26.63086,84.90051,PM10,12,131,33
India,Bihar,Motihari,"Gandak Colony, Motihari - BSPCB","21-09-2026 11:00:00",26.63086,84.90051,OZONE,52,60,57
India,Bihar,Munger,"Town Hall, Munger - BSPCB","21-09-2026 11:00:00",25.376776,86.471523,SO2,70,77,73
India,Bihar,Munger,"Town Hall, Munger - BSPCB","21-09-2026 11:00:00",25.376776,86.471523,CO,35,38,36
India,Bihar,Muzaffarpur,"MIT-Daudpur Kothi, Muzaffarpur - BSPCB","21-09-2026 11:00:00",26.1403345,85.3650192,NO2,1,5,2
India,Bihar,Muzaffarpur,"MIT-Daudpur Kothi, Muzaffarpur - BSPCB","21-09-2026 11:00:00",26.1403345,85.3650192,NH3,1,1,1
India,Bihar,Muzaffarpur,"MIT-Daudpur Kothi, Muzaffarpur - BSPCB","21-09-2026 11:00:00",26.1403345,85.3650192,SO2,19,22,20
India,Bihar,Muzaffarpur,"Buddha Colony, Muzaffarpur - BSPCB","21-09-2026 11:00:00",26.11442,85.39813,NO2,5,23,13
India,Bihar,Muzaffarpur,"Buddha Colony, Muzaffarpur - BSPCB","21-09-2026 11:00:00",26.11442,85.39813,OZONE,4,24,11
India,Bihar,Patna,"Samanpura, Patna - BSPCB","21-09-2026 11:00:00",25.596727,85.085624,OZONE,53,54,53
India,Bihar,Patna,"Govt. High School Shikarpur, Patna - BSPCB","21-09-2026 11:00:00",25.592539,85.227158,PM2.5,36,46,41
India,Bihar,Patna,"Govt. High School Shikarpur, Patna - BSPCB","21-09-2026 11:00:00",25.592539,85.227158,NH3,6,6,6
India,Bihar,Patna,"Govt. High School Shikarpur, Patna - BSPCB","21-09-2026 11:00:00",25.592539,85.227158,SO2,11,14,13
India,Bihar,Patna,"Govt. High School Shikarpur, Patna - BSPCB","21-09-2026 11:00:00",25.592539,85.227158,OZONE,23,70,37
India,Bihar,Patna,"IGSC Planetarium Complex, Patna - BSPCB","21-09-2026 11:00:00",25.610369,85.132568,PM2.5,8,112,58
India,Chhattisgarh,Bhilai,"Hathkhoj, Bhilai - CECB","21-09-2026 11:00:00",21.224231,81.40835,NO2,9,28,18
India,Chhattisgarh,Bhilai,"Hathkhoj, Bhilai - CECB","21-09-2026 11:00:00",21.224231,81.40835,NH3,5,11,8
India,Chhattisgarh,Bhilai,"Hathkhoj, Bhilai - CECB","21-09-2026 11:00:00",21.224231,81.40835,OZONE,7,19,13
India,Chhattisgarh,Bhilai,"Civic Center, Bhilai - Bhilai Steel Plant","21-09-2026 11:00:00",21.185571,81.343175,NH3,1,2,1
India,Chhattisgarh,Bhilai,"32Bungalows, Bhilai - CECB","21-09-2026 11:00:00",21.194815,81.31477,NO2,9,56,24
India,Chhattisgarh,Bilaspur,"Mangala, Bilaspur - NTPC","21-09-2026 11:00:00",22.08815,82.13737,PM2.5,23,87,48
India,Chhattisgarh,Chhal,"Nawapara SECL Colony, Chhal - CECB","21-09-2026 11:00:00",22.118125,83.140608,SO2,NA,NA,NA
India,Chhattisgarh,Chhal,"Nawapara SECL Colony, Chhal - CECB","21-09-2026 11:00:00",22.118125,83.140608,CO,30,30,30
India,Chhattisgarh,Chhal,"Nawapara SECL Colony, Chhal - CECB","21-09-2026 11:00:00",22.118125,83.140608,OZONE,47,47,47
India,Chhattisgarh,Korba,"Urja Nagar, Korba - CECB","21-09-2026 11:00:00",22.348441,82.549611,NH3,1,1,1
India,Chhattisgarh,Korba,"Urja Nagar, Korba - CECB","21-09-2026 11:00:00",22.348441,82.549611,SO2,0,14,7
India,Chhattisgarh,Korba,"Rampur, Korba - CECB","21-09-2026 11:00:00",22.368195,82.746431,PM10,8,36,17
India,Chhattisgarh,Kunjemura,"OP Jindal School, Kunjemura - CECB","21-09-2026 11:00:00",22.12665,83.483212,CO,21,30,24
India,Chhattisgarh,Milupara,"Govt. Higher Secondary School, Milupara - CECB","21-09-2026 11:00:00",22.1910172,83.5197009,PM2.5,6,31,17
India,Chhattisgarh,Raipur,"Krishak Nagar, Raipur - CECB","21-09-2026 11:00:00",21.237755,81.705301,NO2,7,14,10
India,Chhattisgarh,Raipur,"Krishak Nagar, Raipur - CECB","21-09-2026 11:00:00",21.237755,81.705301,NH3,2,4,2
India,"Andhra Pradesh",Rajamahendravaram,"Anand Kala Kshetram, Rajamahendravaram - APPCB","21-09-2026 11:00:00",16.9872867,81.7363176,PM10,18,63,41
India,"Andhra Pradesh",Tirumala,"Toll Gate, Tirumala - APPCB","21-09-2026 11:00:00",13.67,79.35,NO2,48,100,74
India,"Andhra Pradesh",Tirumala,"Toll Gate, Tirumala - APPCB","21-09-2026 11:00:00",13.67,79.35,SO2,2,10,6
India,"Andhra Pradesh",Vijayawada,"HB Colony, Vijayawada - APPCB","21-09-2026 11:00:00",16.536107,80.594233,PM10,NA,NA,NA
India,"Andhra Pradesh",Vijayawada,"HB Colony, Vijayawada - APPCB","21-09-2026 11:00:00",16.536107,80.594233,NH3,NA,NA,NA
India,"Andhra Pradesh",Vijayawada,"HB Colony, Vijayawada - APPCB","21-09-2026 11:00:00",16.536107,80.594233,CO,30,35,33
India,"Andhra Pradesh",Vijayawada,"Rajiv Nagar, Vijayawada - APPCB","21-09-2026 11:00:00",16.554731,80.64911,SO2,7,13,12
India,"Andhra Pradesh",Vijayawada,"Rajiv Nagar, Vijayawada - APPCB","21-09-2026 11:00:00",16.554731,80.64911,CO,21,31,24
India,"Andhra Pradesh",Vijayawada,"Rajiv Nagar, Vijayawada - APPCB","21-09-2026 11:00:00",16.554731,80.64911,OZONE,18,23,19
India,"Andhra Pradesh",Vijayawada,"Rajiv Gandhi Park, Vijayawada - APPCB","21-09-2026 11:00:00",16.509717,80.612222,PM2.5,42,64,56
India,"Andhra Pradesh",Vijayawada,"Rajiv Gandhi Park, Vijayawada - APPCB","21-09-2026 11:00:00",16.509717,80.612222,NH3,1,4,3
India,"Andhra Pradesh",Vijayawada,"Rajiv Gandhi Park, Vijayawada - APPCB","21-09-2026 11:00:00",16.509717,80.612222,SO2,14,16,15
India,"Andhra Pradesh",Vijayawada,"Rajiv Gandhi Park, Vijayawada - APPCB","21-09-2026 11:00:00",16.509717,80.612222,CO,28,34,29
India,"Andhra Pradesh",Visakhapatnam,"GVM Corporation, Visakhapatnam - APPCB","21-09-2026 11:00:00",17.72,83.3,PM2.5,16,72,35
India,"Andhra Pradesh",Visakhapatnam,"GVM Corporation, Visakhapatnam - APPCB","21-09-2026 11:00:00",17.72,83.3,NO2,6,50,24
India,"Arunachal Pradesh",Naharlagun,"Naharlagun, Naharlagun - APSPCB","21-09-2026 11:00:00",27.103358,93.679645,NH3,1,1,1
India,Bihar,Begusarai,"Lohiyanagar, Begusarai - BSPCB","21-09-2026 11:00:00",25.42742023,86.13886079,OZONE,38,63,43
India,Bihar,Bettiah,"Kamalnath Nagar, Bettiah - BSPCB","21-09-2026 11:00:00",26.80365,84.51954,PM10,19,22,21
India,Bihar,Bettiah,"Kamalnath Nagar, Bettiah - BSPCB","21-09-2026 11:00:00",26.80365,84.51954,NO2,13,38,26
India,Bihar,Bettiah,"Kamalnath Nagar, Bettiah - BSPCB","21-09-2026 11:00:00",26.80365,84.51954,CO,21,45,30
India,Bihar,Bhagalpur,"Mayaganj, Bhagalpur - BSPCB","21-09-2026 11:00:00",25.265194,87.012947,SO2,NA,NA,NA
India,Bihar,"Bihar Sharif","D M Colony, Bihar Sharif - BSPCB","21-09-2026 11:00:00",25.204762,85.51496,NO2,9,10,9
India,Bihar,"Bihar Sharif","D M Colony, Bihar Sharif - BSPCB","21-09-2026 11:00:00",25.204762,85.51496,SO2,13,14,13
India,Bihar,"Bihar Sharif","D M Colony, Bihar Sharif - BSPCB","21-09-2026 11:00:00",25.204762,85.51496,CO,12,12,12
India,Bihar,Gaya,"Kareemganj, Gaya - BSPCB","21-09-2026 11:00:00",24.792403,84.992416,OZONE,16,40,30
India,Bihar,Gaya,"SFTI Kusdihra, Gaya - BSPCB","21-09-2026 11:00:00",24.762518,84.982348,CO,19,31,25
India,Bihar,Hajipur,"Industrial Area, Hajipur - BSPCB","21-09-2026 11:00:00",25.697189,85.2459,NO2,10,27,19
India,Bihar,Hajipur,"Industrial Area, Hajipur - BSPCB","21-09-2026 11:00:00",25.697189,85.2459,NH3,9,17,13
India,Bihar,Katihar,"Mirchaibari, Katihar - BSPCB","21-09-2026 11:00:00",25.560083,87.553265,OZONE,46,70,52
India,Bihar,Kishanganj,"SDM Office_Khagra, Kishanganj - BSPCB","21-09-2026 11:00:00",26.0881305,87.93840336,NO2,7,8,7
India,Assam,Byrnihat,"Central Academy for SFS, Byrnihat - PCBA","21-09-2026 11:00:00",26.071318,91.87488,SO2,19,32,31
India,Assam,Byrnihat,"Central Academy for SFS, Byrnihat - PCBA","21-09-2026 11:00:00",26.071318,91.87488,CO,58,64,61
India,Assam,Guwahati,"LGBI Airport, Guwahati - PCBA","21-09-2026 11:00:00",26.10887,91.589544,CO,6,31,24
India,Assam,Guwahati,"Pan Bazaar, Guwahati - PCBA","21-09-2026 11:00:00",26.1875,91.744194,PM10,NA,NA,NA
India,Assam,Guwahati,"Pan Bazaar, Guwahati - PCBA","21-09-2026 11:00:00",26.1875,91.744194,NO2,1,2,2
India,Assam,Guwahati,"Pan Bazaar, Guwahati - PCBA","21-09-2026 11:00:00",26.1875,91.744194,NH3,1,1,1
India,Assam,Guwahati,"Pan Bazaar, Guwahati - PCBA","21-09-2026 11:00:00",26.1875,91.744194,SO2,33,37,36
India,Assam,Guwahati,"Pan Bazaar, Guwahati - PCBA","21-09-2026 11:00:00",26.1875,91.744194,OZONE,11,15,13
India,Assam,Guwahati,"IITG, Guwahati - PCBA","21-09-2026 11:00:00",26.2028636,91.70046436,PM2.5,4,13,9
India,Assam,Nagaon,"Christianpatty, Nagaon - PCBA","21-09-2026 11:00:00",26.349082,92.68449,PM2.5,44,70,59
India,Assam,Silchar,"Tarapur, Silchar - PCBA","21-09-2026 11:00:00",24.82827,92.79525,OZONE,5,9,6
India,Assam,Sivasagar,"Girls College, Sivasagar - PCBA","21-09-2026 11:00:00",26.987634,94.636574,NO2,7,14,10
India,Bihar,Araria,"Kharahiya Basti, Araria - BSPCB","21-09-2026 11:00:00",26.146529,87.454184,OZONE,39,44,40
India,Delhi,Delhi,"Cantonment Area, Delhi - DPCC","21-09-2026 11:00:00",28.594169,77.1251,NH3,2,4,3
India,Delhi,Delhi,"Cantonment Area, Delhi - DPCC","21-09-2026 11:00:00",28.594169,77.1251,CO,68,81,75
India,Delhi,Delhi,"Cantonment Area, Delhi - DPCC","21-09-2026 11:00:00",28.594169,77.1251,OZONE,5,10,7
India,Delhi,Delhi,"Major Dhyan Chand National Stadium, Delhi - DPCC","21-09-2026 11:00:00",28.611281,77.237738,OZONE,3,32,11
India,Delhi,Delhi,"Sonia Vihar, Delhi - DPCC","21-09-2026 11:00:00",28.710508,77.249485,NO2,8,42,25
India,Delhi,Delhi,"Sonia Vihar, Delhi - DPCC","21-09-2026 11:00:00",28.710508,77.249485,SO2,16,21,19
India,Delhi,Delhi,"Bawana, Delhi - DPCC","21-09-2026 11:00:00",28.7762,77.051074,NO2,6,39,19
India,Delhi,Delhi,"Bawana, Delhi - DPCC","21-09-2026 11:00:00",28.7762,77.051074,CO,36,65,50
India,Delhi,Delhi,"Okhla Phase-2, Delhi - DPCC","21-09-2026 11:00:00",28.530785,77.271255,PM10,113,196,157
India,Delhi,Delhi,"Rohini, Delhi - DPCC","21-09-2026 11:00:00",28.732528,77.11992,PM2.5,58,302,161
India,Delhi,Delhi,"Rohini, Delhi - DPCC","21-09-2026 11:00:00",28.732528,77.11992,PM10,126,240,165
India,Delhi,Delhi,"Rohini, Delhi - DPCC","21-09-2026 11:00:00",28.732528,77.11992,NH3,2,4,3
India,Delhi,Delhi,"Wazirpur, Delhi - DPCC","21-09-2026 11:00:00",28.699793,77.165453,PM10,149,257,190
India,Delhi,Delhi,"Wazirpur, Delhi - DPCC","21-09-2026 11:00:00",28.699793,77.165453,OZONE,6,9,8
India,Delhi,Delhi,"Narela, Delhi - DPCC","21-09-2026 11:00:00",28.822836,77.101981,SO2,9,30,15
India,Delhi,Delhi,"Narela, Delhi - DPCC","21-09-2026 11:00:00",28.822836,77.101981,CO,33,43,38
India,Delhi,Delhi,"Cantonment Area, Delhi - DPCC","21-09-2026 11:00:00",28.594169,77.1251,PM2.5,17,51,36
India,Delhi,Delhi,"Cantonment Area, Delhi - DPCC","21-09-2026 11:00:00",28.594169,77.1251,NO2,6,25,13
India,Chhattisgarh,Raipur,"AIIMS, Raipur - CECB","21-09-2026 11:00:00",21.258815,81.578979,PM2.5,37,93,61
India,Chhattisgarh,Raipur,"Siltara Phase-II, Raipur - CECB","21-09-2026 11:00:00",21.371751,81.664929,PM2.5,19,45,31
India,Chhattisgarh,Raipur,"Siltara Phase-II, Raipur - CECB","21-09-2026 11:00:00",21.371751,81.664929,NH3,2,2,2
India,Chhattisgarh,Raipur,"Siltara Phase-II, Raipur - CECB","21-09-2026 11:00:00",21.371751,81.664929,SO2,1,13,6
India,Delhi,Delhi,"Burari Crossing, Delhi - IITM","21-09-2026 11:00:00",28.7256504,77.2011573,OZONE,18,91,36
India,Delhi,Delhi,"IMD Lodhi Road, Delhi - IITM","21-09-2026 11:00:00",28.5918245,77.2273074,PM10,NA,NA,NA
India,Delhi,Delhi,"JNU, Delhi - DPCC","21-09-2026 11:00:00",28.540721,77.168544,PM2.5,81,292,158
India,Delhi,Delhi,"JNU, Delhi - DPCC","21-09-2026 11:00:00",28.540721,77.168544,PM10,84,159,125
India,Delhi,Delhi,"JNU, Delhi - DPCC","21-09-2026 11:00:00",28.540721,77.168544,NH3,1,5,2
India,Delhi,Delhi,"ITO, Delhi - CPCB","21-09-2026 11:00:00",28.628624,77.24106,NH3,1,7,4
India,Delhi,Delhi,"North Campus, DU, Delhi - IITM","21-09-2026 11:00:00",28.6573814,77.1585447,PM2.5,67,289,150
India,Delhi,Delhi,"North Campus, DU, Delhi - IITM","21-09-2026 11:00:00",28.6573814,77.1585447,NH3,NA,NA,NA
India,Delhi,Delhi,"North Campus, DU, Delhi - IITM","21-09-2026 11:00:00",28.6573814,77.1585447,SO2,NA,NA,NA
India,Delhi,Delhi,"North Campus, DU, Delhi - IITM","21-09-2026 11:00:00",28.6573814,77.1585447,OZONE,25,52,33
India,Delhi,Delhi,"Alipur, Delhi - DPCC","21-09-2026 11:00:00",28.815329,77.15301,PM2.5,52,406,156
India,Delhi,Delhi,"Alipur, Delhi - DPCC","21-09-2026 11:00:00",28.815329,77.15301,CO,27,51,37
India,Gujarat,Ahmedabad,"Rakhial, Ahmedabad - IITM","21-09-2026 11:00:00",23.016834,72.625775,PM2.5,59,325,166
India,Gujarat,Ahmedabad,"Rakhial, Ahmedabad - IITM","21-09-2026 11:00:00",23.016834,72.625775,NO2,35,110,74
India,Gujarat,Ahmedabad,"Rakhial, Ahmedabad - IITM","21-09-2026 11:00:00",23.016834,72.625775,CO,36,62,47
India,Gujarat,Ahmedabad,"SAC ISRO Satellite, Ahmedabad - IITM","21-09-2026 11:00:00",23.023389,72.515201,PM10,23,105,72
India,Gujarat,Ahmedabad,"SAC ISRO Satellite, Ahmedabad - IITM","21-09-2026 11:00:00",23.023389,72.515201,CO,1,60,19
India,Gujarat,Ahmedabad,"Chandkheda, Ahmedabad - IITM","21-09-2026 11:00:00",23.107969,72.574648,PM10,52,117,85
India,Gujarat,Ahmedabad,"SVPI Airport Hansol, Ahmedabad - IITM","21-09-2026 11:00:00",23.076793,72.627874,SO2,3,5,4
India,Gujarat,Ahmedabad,"SVPI Airport Hansol, Ahmedabad - IITM","21-09-2026 11:00:00",23.076793,72.627874,CO,13,21,17
India,Gujarat,Ahmedabad,"Raikhad, Ahmedabad - IITM","21-09-2026 11:00:00",23.020509,72.579261,PM10,30,150,81
India,Gujarat,Ahmedabad,"Raikhad, Ahmedabad - IITM","21-09-2026 11:00:00",23.020509,72.579261,SO2,2,13,6
India,Gujarat,Ahmedabad,"Raikhad, Ahmedabad - IITM","21-09-2026 11:00:00",23.020509,72.579261,CO,31,80,46
India,Gujarat,Ahmedabad,"Raikhad, Ahmedabad - IITM","21-09-2026 11:00:00",23.020509,72.579261,OZONE,5,18,7
India,Gujarat,Ahmedabad,"Maninagar, Ahmedabad - GPCB","21-09-2026 11:00:00",23.002657,72.591912,PM10,29,424,126
India,Gujarat,Ahmedabad,"Maninagar, Ahmedabad - GPCB","21-09-2026 11:00:00",23.002657,72.591912,OZONE,28,104,55
India,Gujarat,Ahmedabad,"SAC ISRO Bopal, Ahmedabad - IITM","21-09-2026 11:00:00",23.041137,72.456691,NO2,10,14,11
India,Gujarat,Ankleshwar,"GIDC, Ankleshwar - GPCB","21-09-2026 11:00:00",21.613267,73.010555,NO2,24,25,25
India,Gujarat,Ankleshwar,"GIDC, Ankleshwar - GPCB","21-09-2026 11:00:00",21.613267,73.010555,SO2,29,31,31
India,Gujarat,Bhavnagar,"Vidhyanagar, Bhavnagar - Nexteng Enviro","21-09-2026 11:00:00",21.755417,72.139056,PM2.5,32,222,97
India,Gujarat,Bhavnagar,"Vidhyanagar, Bhavnagar - Nexteng Enviro","21-09-2026 11:00:00",21.755417,72.139056,PM10,52,143,92
India,Gujarat,Bhavnagar,"Vidhyanagar, Bhavnagar - Nexteng Enviro","21-09-2026 11:00:00",21.755417,72.139056,SO2,7,8,8
India,Gujarat,Bhavnagar,"Vidhyanagar, Bhavnagar - Nexteng Enviro","21-09-2026 11:00:00",21.755417,72.139056,CO,68,71,70
India,Gujarat,Gandhinagar,"Sector-10, Gandhinagar - GPCB","21-09-2026 11:00:00",23.221714,72.654328,NH3,1,1,1
India,Gujarat,Gandhinagar,"IIPHG Lekawada, Gandhinagar - IITM","21-09-2026 11:00:00",23.243639,72.68994,PM10,35,64,49
India,Gujarat,Gandhinagar,"IIPHG Lekawada, Gandhinagar - IITM","21-09-2026 11:00:00",23.243639,72.68994,SO2,2,3,2
India,Gujarat,Mehsana,"Sadanand Nagar, Mehsana - Nexteng Enviro","21-09-2026 11:00:00",23.59315,72.372792,PM2.5,26,51,37
India,Gujarat,Mehsana,"Sadanand Nagar, Mehsana - Nexteng Enviro","21-09-2026 11:00:00",23.59315,72.372792,CO,44,45,45
India,Gujarat,Mehsana,"Sadanand Nagar, Mehsana - Nexteng Enviro","21-09-2026 11:00:00",23.59315,72.372792,OZONE,10,11,10
India,Gujarat,Rajkot,"Mavdi, Rajkot - Nexteng Enviro ","21-09-2026 11:00:00",22.248853,70.776774,NH3,NA,NA,NA
India,Delhi,Delhi,"Vivek Vihar, Delhi - DPCC","21-09-2026 11:00:00",28.672342,77.31526,PM10,111,198,152
India,Delhi,Delhi,"IHBAS, Dilshad Garden, Delhi - CPCB","21-09-2026 11:00:00",28.6811736,77.3025234,PM2.5,122,309,176
India,Delhi,Delhi,"Sri Aurobindo Marg, Delhi - DPCC","21-09-2026 11:00:00",28.531346,77.190156,SO2,NA,NA,NA
India,Delhi,Delhi,"Nehru Nagar, Delhi - DPCC","21-09-2026 11:00:00",28.56789,77.250515,PM10,125,259,177
India,Delhi,Delhi,"Patparganj, Delhi - DPCC","21-09-2026 11:00:00",28.623763,77.287209,CO,44,64,51
India,Delhi,Delhi,"Patparganj, Delhi - DPCC","21-09-2026 11:00:00",28.623763,77.287209,OZONE,15,35,20
India,Delhi,Delhi,"Jawaharlal Nehru Stadium, Delhi - DPCC","21-09-2026 11:00:00",28.58028,77.233829,PM10,105,181,144
India,Delhi,Delhi,"Jawaharlal Nehru Stadium, Delhi - DPCC","21-09-2026 11:00:00",28.58028,77.233829,NO2,17,58,39
India,Delhi,Delhi,"Jawaharlal Nehru Stadium, Delhi - DPCC","21-09-2026 11:00:00",28.58028,77.233829,OZONE,2,3,3
India,Delhi,Delhi,"Najafgarh, Delhi - DPCC","21-09-2026 11:00:00",28.570173,76.933762,PM10,121,182,145
India,Delhi,Delhi,"Najafgarh, Delhi - DPCC","21-09-2026 11:00:00",28.570173,76.933762,OZONE,9,9,9
India,Delhi,Delhi,"Mundka, Delhi - DPCC","21-09-2026 11:00:00",28.684678,77.076574,NH3,4,7,6
India,Delhi,Delhi,"NSUT Jaffarpur, Delhi - DPCC","21-09-2026 11:00:00",28.594004,76.909423,PM2.5,99,296,189
India,Delhi,Delhi,"NSUT Jaffarpur, Delhi - DPCC","21-09-2026 11:00:00",28.594004,76.909423,NO2,2,10,5
India,Delhi,Delhi,"NSUT Jaffarpur, Delhi - DPCC","21-09-2026 11:00:00",28.594004,76.909423,NH3,5,7,6
India,Haryana,Ballabgarh,"Nathu Colony, Ballabgarh - HSPCB","21-09-2026 11:00:00",28.3419248,77.319699,NO2,19,21,20
India,Haryana,"Charkhi Dadri","Mini Secretariat, Charkhi Dadri - HSPCB","21-09-2026 11:00:00",28.593883,76.270653,PM10,12,120,72
India,Haryana,Dharuhera,"Municipal Corporation Office, Dharuhera -  HSPCB","21-09-2026 11:00:00",28.2068,76.7997,PM2.5,NA,NA,NA
India,Haryana,Dharuhera,"Municipal Corporation Office, Dharuhera -  HSPCB","21-09-2026 11:00:00",28.2068,76.7997,NH3,NA,NA,NA
India,Haryana,Faridabad,"Sector 30, Faridabad - HSPCB","21-09-2026 11:00:00",28.4417,77.3217,NO2,36,39,38
India,Haryana,Faridabad,"Sector 30, Faridabad - HSPCB","21-09-2026 11:00:00",28.4417,77.3217,SO2,2,2,2
India,Haryana,Faridabad,"Sector 11, Faridabad - HSPCB","21-09-2026 11:00:00",28.376058,77.315741,PM2.5,53,314,191
India,Haryana,Faridabad,"New Industrial Town, Faridabad - HSPCB","21-09-2026 11:00:00",28.39072,77.30059,PM2.5,53,126,70
India,Haryana,Faridabad,"New Industrial Town, Faridabad - HSPCB","21-09-2026 11:00:00",28.39072,77.30059,OZONE,13,15,14
India,Haryana,Fatehabad,"Huda Sector, Fatehabad - HSPCB","21-09-2026 11:00:00",29.503664,75.467934,PM10,NA,NA,NA
India,Delhi,Delhi,"IGI Airport (T3), Delhi - IITM","21-09-2026 11:00:00",28.5627763,77.1180053,NH3,NA,NA,NA
India,Delhi,Delhi,"IGNOU_Maidan Garhi, Delhi - DPCC","21-09-2026 11:00:00",28.493624,77.201159,PM10,117,167,147
India,Delhi,Delhi,"Commonwealth Sports Complex, Delhi - DPCC","21-09-2026 11:00:00",28.615828,77.271992,NH3,0,4,2
India,Delhi,Delhi,"Talkatora Garden, Delhi - DPCC","21-09-2026 11:00:00",28.62181,77.1944633,CO,73,84,80
India,Delhi,Delhi,"NSIT Dwarka, Delhi - CPCB","21-09-2026 11:00:00",28.60909,77.0325413,PM2.5,28,57,39
India,Delhi,Delhi,"Aya Nagar, Delhi - IITM","21-09-2026 11:00:00",28.4706914,77.1099364,PM2.5,76,248,166
India,Delhi,Delhi,"CRRI Mathura Road, Delhi - IITM","21-09-2026 11:00:00",28.5512005,77.2735737,PM2.5,84,235,140
India,Delhi,Delhi,"CRRI Mathura Road, Delhi - IITM","21-09-2026 11:00:00",28.5512005,77.2735737,SO2,NA,NA,NA
India,Delhi,Delhi,"Burari Crossing, Delhi - IITM","21-09-2026 11:00:00",28.7256504,77.2011573,PM10,98,160,134
India,Gujarat,Surat,"Science Center, Surat - SMC","21-09-2026 11:00:00",21.170046,72.795405,NO2,2,7,4
India,Gujarat,Surat,"Science Center, Surat - SMC","21-09-2026 11:00:00",21.170046,72.795405,NH3,NA,NA,NA
India,Gujarat,Surat,"Science Center, Surat - SMC","21-09-2026 11:00:00",21.170046,72.795405,CO,69,85,74
India,Gujarat,Surat,"Katargam, Surat - Nexteng Enviro","21-09-2026 11:00:00",21.217779,72.834787,PM2.5,46,89,64
India,Gujarat,Vapi,"Phase-1 GIDC, Vapi - GPCB","21-09-2026 11:00:00",20.362421,72.918013,PM2.5,32,73,51
India,Gujarat,Vapi,"Phase-1 GIDC, Vapi - GPCB","21-09-2026 11:00:00",20.362421,72.918013,CO,NA,NA,NA
India,Gujarat,Vatva,"Phase-4 GIDC, Vatva - GPCB","21-09-2026 11:00:00",22.969611,72.6435,CO,79,94,89
India,Haryana,Ambala,"Patti Mehar, Ambala - HSPCB","21-09-2026 11:00:00",30.379589,76.778328,NO2,6,8,7
India,Haryana,Bahadurgarh,"Arya Nagar, Bahadurgarh - HSPCB","21-09-2026 11:00:00",28.6701,76.9254,PM2.5,97,298,195
India,Haryana,Bahadurgarh,"Arya Nagar, Bahadurgarh - HSPCB","21-09-2026 11:00:00",28.6701,76.9254,NH3,7,8,8
India,Delhi,Delhi,"Dr. Karni Singh Shooting Range, Delhi - DPCC","21-09-2026 11:00:00",28.498571,77.26484,SO2,6,15,10
India,Delhi,Delhi,"Shadipur, Delhi - CPCB","21-09-2026 11:00:00",28.6514781,77.1473105,SO2,2,13,6
India,Delhi,Delhi,"Mandir Marg, Delhi - DPCC","21-09-2026 11:00:00",28.636429,77.201067,OZONE,7,46,16
India,Delhi,Delhi,"Pusa, Delhi - DPCC","21-09-2026 11:00:00",28.639652,77.146275,NO2,17,61,39
India,Delhi,Delhi,"Sirifort, Delhi - CPCB","21-09-2026 11:00:00",28.5504249,77.2159377,NH3,4,6,5
India,Delhi,Delhi,"Sirifort, Delhi - CPCB","21-09-2026 11:00:00",28.5504249,77.2159377,OZONE,12,16,13
India,Delhi,Delhi,"Chandni Chowk, Delhi - IITM","21-09-2026 11:00:00",28.656756,77.227234,PM10,123,176,153
India,Delhi,Delhi,"Ashok Vihar, Delhi - DPCC","21-09-2026 11:00:00",28.695381,77.181665,SO2,41,45,43
India,Delhi,Delhi,"Ashok Vihar, Delhi - DPCC","21-09-2026 11:00:00",28.695381,77.181665,CO,97,101,99
India,Delhi,Delhi,"Ashok Vihar, Delhi - DPCC","21-09-2026 11:00:00",28.695381,77.181665,OZONE,7,13,12
India,Delhi,Delhi,"Anand Vihar, Delhi - DPCC","21-09-2026 11:00:00",28.647622,77.315809,OZONE,7,85,35
India,Delhi,Delhi,"Punjabi Bagh, Delhi - DPCC","21-09-2026 11:00:00",28.674045,77.131023,PM2.5,58,305,165
India,Delhi,Delhi,"Punjabi Bagh, Delhi - DPCC","21-09-2026 11:00:00",28.674045,77.131023,NH3,2,4,3
India,Delhi,Delhi,"Punjabi Bagh, Delhi - DPCC","21-09-2026 11:00:00",28.674045,77.131023,SO2,16,30,22
India,Delhi,Delhi,"DTU, Delhi - CPCB","21-09-2026 11:00:00",28.7500499,77.1112615,CO,20,26,24
India,Delhi,Delhi,"Pusa, Delhi - IITM","21-09-2026 11:00:00",28.63611,77.173332,NH3,NA,NA,NA
India,Delhi,Delhi,"IIT Delhi, Delhi - IITM","21-09-2026 11:00:00",28.54246,77.191651,SO2,NA,NA,NA
India,Delhi,Delhi,"IIT Delhi, Delhi - IITM","21-09-2026 11:00:00",28.54246,77.191651,CO,27,45,38
India,"Madhya Pradesh",Sagar,"Civil Lines, Sagar - MPPCB","21-09-2026 11:00:00",23.838586,78.759431,PM10,41,159,80
India,"Madhya Pradesh",Satna,"Bandhavgar Colony, Satna - Birla Cement","21-09-2026 11:00:00",24.58434363,80.8549414,PM2.5,48,52,50
India,"Madhya Pradesh",Satna,"Bandhavgar Colony, Satna - Birla Cement","21-09-2026 11:00:00",24.58434363,80.8549414,NO2,12,13,13
India,"Madhya Pradesh",Satna,"Bandhavgar Colony, Satna - Birla Cement","21-09-2026 11:00:00",24.58434363,80.8549414,SO2,18,20,19
India,"Madhya Pradesh",Satna,"Bandhavgar Colony, Satna - Birla Cement","21-09-2026 11:00:00",24.58434363,80.8549414,CO,14,19,15
India,"Madhya Pradesh",Ujjain,"Mahashweta Nagar, Ujjain - MPPCB","21-09-2026 11:00:00",23.1633321,75.800225,CO,17,27,22
India,Maharashtra,Ahmednagar,"Tarakpur, Ahmednagar - MPCB","21-09-2026 11:00:00",19.10122,74.73339,NH3,0,2,1
India,Maharashtra,Ahmednagar,"Tarakpur, Ahmednagar - MPCB","21-09-2026 11:00:00",19.10122,74.73339,CO,31,37,34
India,Maharashtra,Ahmednagar,"Tarakpur, Ahmednagar - MPCB","21-09-2026 11:00:00",19.10122,74.73339,OZONE,19,40,26
India,Maharashtra,Akola,"Ramdaspeth, Akola - MPCB","21-09-2026 11:00:00",20.719516,77.000253,SO2,7,11,10
India,Maharashtra,Ambernath,"Chinchpada, Ambernath - MPCB","21-09-2026 11:00:00",19.215784,73.199781,NH3,2,2,2
India,Maharashtra,Amravati,"Shri Shivaji Science College, Amravati - MPCB","21-09-2026 11:00:00",20.939198,77.765701,PM2.5,17,37,29
India,Maharashtra,Amravati,"Shri Shivaji Science College, Amravati - MPCB","21-09-2026 11:00:00",20.939198,77.765701,SO2,6,8,7
India,Maharashtra,Amravati,"Shivneri Colony, Amravati - MPCB","21-09-2026 11:00:00",20.9402359,77.7895248,OZONE,4,24,13
India,Maharashtra,Aurangabad,"MIDC Chilkalthana, Aurangabad - MPCB","21-09-2026 11:00:00",19.87562,75.38731,PM10,43,45,44
India,Maharashtra,Aurangabad,"MIDC Chilkalthana, Aurangabad - MPCB","21-09-2026 11:00:00",19.87562,75.38731,OZONE,0,51,13
India,Maharashtra,Aurangabad,"Rachnakar Colony, Aurangabad - MPCB","21-09-2026 11:00:00",19.863756,75.321188,NO2,9,37,18
India,Kerala,Thiruvananthapuram,"Plammoodu, Thiruvananthapuram - Kerala PCB","21-09-2026 11:00:00",8.5149093,76.9435879,PM2.5,2,12,7
India,Kerala,Thiruvananthapuram,"Plammoodu, Thiruvananthapuram - Kerala PCB","21-09-2026 11:00:00",8.5149093,76.9435879,NO2,2,5,4
India,Kerala,Thiruvananthapuram,"Plammoodu, Thiruvananthapuram - Kerala PCB","21-09-2026 11:00:00",8.5149093,76.9435879,SO2,13,25,19
India,Kerala,Thrissur,"Corporation Ground, Thrissur - Kerala PCB","21-09-2026 11:00:00",10.5324,76.2159,PM2.5,52,63,58
India,Kerala,Thrissur,"Corporation Ground, Thrissur - Kerala PCB","21-09-2026 11:00:00",10.5324,76.2159,PM10,51,61,57
India,Kerala,Thrissur,"Corporation Ground, Thrissur - Kerala PCB","21-09-2026 11:00:00",10.5324,76.2159,OZONE,30,30,30
India,Ladakh,Leh,"Skara Yokma, Leh - LPCC","21-09-2026 11:00:00",34.147096,77.55709,PM10,6,54,20
India,"Madhya Pradesh",Bhopal,"Idgah Hills, Bhopal - MPPCB","21-09-2026 11:00:00",23.264759,77.381568,OZONE,22,41,34
India,"Madhya Pradesh",Bhopal,"T T Nagar, Bhopal - MPPCB","21-09-2026 11:00:00",23.233584,77.400574,CO,7,11,9
India,"Madhya Pradesh",Bhopal,"Paryavaran Parisar, Bhopal - MPPCB","21-09-2026 11:00:00",23.210494,77.425409,PM2.5,12,68,31
India,"Madhya Pradesh",Bhopal,"Paryavaran Parisar, Bhopal - MPPCB","21-09-2026 11:00:00",23.210494,77.425409,SO2,5,10,7
India,"Madhya Pradesh",Gwalior,"Maharaj Bada, Gwalior - MPPCB","21-09-2026 11:00:00",26.200388,78.147714,SO2,0,28,15
India,"Madhya Pradesh",Gwalior,"Maharaj Bada, Gwalior - MPPCB","21-09-2026 11:00:00",26.200388,78.147714,OZONE,26,82,51
India,"Madhya Pradesh",Gwalior,"City Center, Gwalior - MPPCB","21-09-2026 11:00:00",26.203442,78.193251,NO2,36,82,54
India,"Madhya Pradesh",Gwalior,"City Center, Gwalior - MPPCB","21-09-2026 11:00:00",26.203442,78.193251,SO2,17,37,29
India,"Madhya Pradesh",Indore,"Regional Park, Indore - IMC","21-09-2026 11:00:00",22.678,75.8559,CO,NA,NA,NA
India,Haryana,Gurugram,"NISE Gwal Pahari, Gurugram - IITM","21-09-2026 11:00:00",28.422681,77.148944,CO,60,63,62
India,Haryana,Gurugram,"NISE Gwal Pahari, Gurugram - IITM","21-09-2026 11:00:00",28.422681,77.148944,OZONE,7,57,20
India,Haryana,Gurugram,"Sector-51, Gurugram - HSPCB","21-09-2026 11:00:00",28.4227,77.0667,PM2.5,34,500,263
India,Haryana,Gurugram,"Sector-51, Gurugram - HSPCB","21-09-2026 11:00:00",28.4227,77.0667,PM10,47,500,212
India,Haryana,Gurugram,"Sector-51, Gurugram - HSPCB","21-09-2026 11:00:00",28.4227,77.0667,SO2,8,11,10
India,Haryana,Gurugram,"Vikas Sadan, Gurugram - HSPCB","21-09-2026 11:00:00",28.4501238,77.0263051,PM10,20,153,53
India,Haryana,Gurugram,"Vikas Sadan, Gurugram - HSPCB","21-09-2026 11:00:00",28.4501238,77.0263051,SO2,14,20,16
India,Haryana,Gurugram,"Teri Gram, Gurugram - HSPCB","21-09-2026 11:00:00",28.4275,77.1465,PM2.5,48,337,284
India,Haryana,Gurugram,"Teri Gram, Gurugram - HSPCB","21-09-2026 11:00:00",28.4275,77.1465,NH3,9,18,12
India,Haryana,Gurugram,"Teri Gram, Gurugram - HSPCB","21-09-2026 11:00:00",28.4275,77.1465,SO2,7,26,14
India,Haryana,Jind,"Police Lines, Jind - HSPCB","21-09-2026 11:00:00",29.307814,76.337619,NH3,3,6,5
India,Haryana,Jind,"Police Lines, Jind - HSPCB","21-09-2026 11:00:00",29.307814,76.337619,CO,4,7,6
India,Haryana,Jind,"Police Lines, Jind - HSPCB","21-09-2026 11:00:00",29.307814,76.337619,OZONE,7,11,9
India,Haryana,Kaithal,"Rishi Nagar, Kaithal - HSPCB","21-09-2026 11:00:00",29.8006,76.4155,PM2.5,93,135,108
India,Haryana,Kaithal,"Rishi Nagar, Kaithal - HSPCB","21-09-2026 11:00:00",29.8006,76.4155,PM10,109,129,118
India,Haryana,Karnal,"Sector-12, Karnal - HSPCB","21-09-2026 11:00:00",29.6953,77.0027,PM2.5,27,70,43
India,Haryana,Narnaul,"Shastri Nagar, Narnaul - HSPCB","21-09-2026 11:00:00",28.060249,76.113115,PM2.5,73,123,92
India,Karnataka,Bengaluru,"Jigani, Bengaluru - KSPCB","21-09-2026 11:00:00",12.7816279,77.6299145,PM2.5,NA,NA,NA
India,Karnataka,Bengaluru,"Jigani, Bengaluru - KSPCB","21-09-2026 11:00:00",12.7816279,77.6299145,NO2,NA,NA,NA
India,Karnataka,Bengaluru,"Jigani, Bengaluru - KSPCB","21-09-2026 11:00:00",12.7816279,77.6299145,SO2,NA,NA,NA
India,Karnataka,Bengaluru,"Bapuji Nagar, Bengaluru - KSPCB","21-09-2026 11:00:00",12.951913,77.539784,PM2.5,3,67,27
India,Karnataka,Bengaluru,"Bapuji Nagar, Bengaluru - KSPCB","21-09-2026 11:00:00",12.951913,77.539784,NH3,4,4,4
India,Karnataka,Bengaluru,"Bapuji Nagar, Bengaluru - KSPCB","21-09-2026 11:00:00",12.951913,77.539784,SO2,10,32,21
India,Karnataka,Bengaluru,"BTM Layout, Bengaluru - CPCB","21-09-2026 11:00:00",12.9135218,77.5950804,PM10,37,334,105
India,Karnataka,Bengaluru,"BTM Layout, Bengaluru - CPCB","21-09-2026 11:00:00",12.9135218,77.5950804,SO2,13,15,15
India,Karnataka,Bengaluru,"Silk Board, Bengaluru - KSPCB","21-09-2026 11:00:00",12.917348,77.622813,SO2,15,21,18
India,Karnataka,Chamarajanagar,"Urban, Chamarajanagar - KSPCB","21-09-2026 11:00:00",11.55358,76.55521,PM10,44,46,45
India,Karnataka,Chikkaballapur,"Chikkaballapur Rural, Chikkaballapur - KSPCB","21-09-2026 11:00:00",13.428828,77.731418,PM2.5,5,35,19
India,Karnataka,Chikkamagaluru,"Kalyana Nagara, Chikkamagaluru - KSPCB","21-09-2026 11:00:00",13.328028,75.797056,PM2.5,30,38,37
India,Karnataka,Chikkamagaluru,"Kalyana Nagara, Chikkamagaluru - KSPCB","21-09-2026 11:00:00",13.328028,75.797056,PM10,43,51,50
India,Karnataka,Chikkamagaluru,"Kalyana Nagara, Chikkamagaluru - KSPCB","21-09-2026 11:00:00",13.328028,75.797056,CO,11,40,16
India,Karnataka,Dharwad,"Kalabhavan, Dharwad - KSPCB","21-09-2026 11:00:00",15.459706,75.008381,NO2,24,28,27
India,Karnataka,Hubballi,"Lingaraj Nagar, Hubballi - KSPCB","21-09-2026 11:00:00",15.3714823,75.1160168,PM2.5,38,46,41
India,"Madhya Pradesh",Indore,"Chhoti Gwaltoli, Indore - MPPCB","21-09-2026 11:00:00",22.431,75.5213,NO2,52,84,67
India,"Madhya Pradesh",Indore,"Chhoti Gwaltoli, Indore - MPPCB","21-09-2026 11:00:00",22.431,75.5213,OZONE,33,66,49
India,"Madhya Pradesh",Indore,"Airport Area, Indore - IMC","21-09-2026 11:00:00",22.7289,75.8076,PM2.5,NA,NA,NA
India,"Madhya Pradesh",Indore,"Residency Area, Indore - IMC","21-09-2026 11:00:00",22.7084,75.8815,NO2,NA,NA,NA
India,"Madhya Pradesh",Indore,"Maguda Nagar, Indore - IMC","21-09-2026 11:00:00",22.7524,75.8872,PM2.5,9,23,15
India,"Madhya Pradesh",Indore,"Maguda Nagar, Indore - IMC","21-09-2026 11:00:00",22.7524,75.8872,PM10,NA,NA,NA
India,"Madhya Pradesh",Jabalpur,"Marhatal, Jabalpur - MPPCB","21-09-2026 11:00:00",23.168606,79.932247,NH3,1,2,2
India,"Madhya Pradesh",Jabalpur,"Marhatal, Jabalpur - MPPCB","21-09-2026 11:00:00",23.168606,79.932247,OZONE,9,19,13
India,"Madhya Pradesh",Jabalpur,"Govindh Bhavan Colony, Jabalpur - JMC","21-09-2026 11:00:00",23.163174,79.973061,OZONE,15,51,27
India,"Madhya Pradesh",Jabalpur,"Suhagi, Jabalpur - JMC","21-09-2026 11:00:00",23.218135,79.95777,NO2,39,68,52
India,"Madhya Pradesh",Jabalpur,"Suhagi, Jabalpur - JMC","21-09-2026 11:00:00",23.218135,79.95777,NH3,6,6,6
India,"Madhya Pradesh",Katni,"Gole Bazar, Katni - MPPCB","21-09-2026 11:00:00",23.50016,80.23284,OZONE,14,58,27
India,"Madhya Pradesh",Maihar,"Sahilara, Maihar - KJS Cements","21-09-2026 11:00:00",24.2613009,80.7231783,CO,27,31,29
India,"Madhya Pradesh",Ratlam,"Shasthri Nagar, Ratlam - IPCA Lab","21-09-2026 11:00:00",23.331731,75.045981,PM10,18,55,38
India,Karnataka,Hubballi,"Lingaraj Nagar, Hubballi - KSPCB","21-09-2026 11:00:00",15.3714823,75.1160168,NH3,2,2,2
India,Karnataka,Kalaburagi,"Lal Bahadur Shastri Nagar, Kalaburagi - KSPCB","21-09-2026 11:00:00",17.321993,76.822628,NH3,NA,NA,NA
India,Karnataka,Kalaburagi,"Lal Bahadur Shastri Nagar, Kalaburagi - KSPCB","21-09-2026 11:00:00",17.321993,76.822628,OZONE,20,20,20
India,Karnataka,Madikeri,"Stuart Hill, Madikeri - KSPCB","21-09-2026 11:00:00",12.415911,75.73505,CO,9,18,14
India,Karnataka,Mangalore,"Kadri, Mangalore - KSPCB","21-09-2026 11:00:00",12.88925,74.853,NO2,1,6,5
India,Karnataka,Mangalore,"Kadri, Mangalore - KSPCB","21-09-2026 11:00:00",12.88925,74.853,CO,NA,NA,NA
India,Karnataka,Mangalore,"Kadri, Mangalore - KSPCB","21-09-2026 11:00:00",12.88925,74.853,OZONE,35,35,35
India,Karnataka,Mysuru,"Hebbal 1st Stage, Mysuru - KSPCB","21-09-2026 11:00:00",12.21041,76.37376,PM10,NA,NA,NA
India,Karnataka,Ramanagara,"Vijay Nagar, Ramanagara - KSPCB","21-09-2026 11:00:00",12.733409,77.298051,PM2.5,2,32,13
India,Karnataka,Shivamogga,"Vinoba Nagara, Shivamogga - KSPCB","21-09-2026 11:00:00",13.94,75.555917,NO2,25,27,26
India,Karnataka,Udupi,"Brahmagiri, Udupi - KSPCB","21-09-2026 11:00:00",13.34194444,74.74694444,OZONE,26,26,26
India,Kerala,Kannur,"Thavakkara, Kannur - Kerala PCB","21-09-2026 11:00:00",11.875,75.3732,PM2.5,52,61,56
India,Haryana,Palwal,"Shyam Nagar, Palwal - HSPCB","21-09-2026 11:00:00",28.1485564,77.3320667,SO2,1,39,18
India,Haryana,Panchgaon,"Amity University, Panchgaon - IITM","21-09-2026 11:00:00",28.3153,76.9143,PM10,7,83,25
India,Haryana,Panchgaon,"Amity University, Panchgaon - IITM","21-09-2026 11:00:00",28.3153,76.9143,SO2,0,25,13
India,Haryana,Panchgaon,"Amity University, Panchgaon - IITM","21-09-2026 11:00:00",28.3153,76.9143,OZONE,4,16,9
India,Haryana,Panchkula,"Sector-6, Panchkula - HSPCB ","21-09-2026 11:00:00",30.7057778,76.8531805555555,NO2,NA,NA,NA
India,Haryana,Panipat,"Sector-18, Panipat - HSPCB","21-09-2026 11:00:00",29.432304,76.972765,OZONE,42,42,42
India,Haryana,Rohtak,"MD University, Rohtak - HSPCB","21-09-2026 11:00:00",28.52123,76.37138,PM2.5,33,61,39
India,Haryana,Rohtak,"MD University, Rohtak - HSPCB","21-09-2026 11:00:00",28.52123,76.37138,NH3,NA,NA,NA
India,Haryana,Sirsa,"F-Block, Sirsa - HSPCB","21-09-2026 11:00:00",29.5364,75.0158,CO,87,102,95
India,Haryana,"Yamuna Nagar","Gobind Pura, Yamuna Nagar - HSPCB","21-09-2026 11:00:00",30.1480566,77.2893471,OZONE,8,63,35
India,"Himachal Pradesh",Baddi,"HIMUDA Complex Phase-1, Baddi - HPPCB","21-09-2026 11:00:00",30.943887,76.801991,SO2,1,2,1
India,"Jammu and Kashmir",Pampore,"Khrew, Pampore - JKPCC","21-09-2026 11:00:00",34.031606,75.009712,PM10,22,163,86
India,"Jammu and Kashmir",Pampore,"Khrew, Pampore - JKPCC","21-09-2026 11:00:00",34.031606,75.009712,SO2,NA,NA,NA
India,"Jammu and Kashmir",Srinagar,"Rajbagh, Srinagar - JKPCC","21-09-2026 11:00:00",34.066206,74.81982,SO2,3,4,3
India,"Jammu and Kashmir",Srinagar,"Khunmoh, Srinagar - JKPCC","21-09-2026 11:00:00",34.06313,74.96017,PM2.5,2,15,6
India,"Jammu and Kashmir",Srinagar,"Khunmoh, Srinagar - JKPCC","21-09-2026 11:00:00",34.06313,74.96017,OZONE,NA,NA,NA
India,Karnataka,Bengaluru,"Hebbal, Bengaluru - KSPCB","21-09-2026 11:00:00",13.029152,77.585901,NH3,2,2,2
India,Karnataka,Bengaluru,"Hombegowda Nagar, Bengaluru - KSPCB","21-09-2026 11:00:00",12.938539,77.5901,NO2,4,53,20
India,Karnataka,Bengaluru,"Hombegowda Nagar, Bengaluru - KSPCB","21-09-2026 11:00:00",12.938539,77.5901,OZONE,1,3,2
India,Karnataka,Bengaluru,"Jayanagar 5th Block, Bengaluru - KSPCB","21-09-2026 11:00:00",12.920984,77.584908,PM10,NA,NA,NA
India,Karnataka,Bengaluru,"Jayanagar 5th Block, Bengaluru - KSPCB","21-09-2026 11:00:00",12.920984,77.584908,NO2,9,25,15
India,Karnataka,Bengaluru,"City Railway Station, Bengaluru - KSPCB","21-09-2026 11:00:00",12.9756843,77.5660749,PM2.5,NA,NA,NA
India,Karnataka,Bengaluru,"City Railway Station, Bengaluru - KSPCB","21-09-2026 11:00:00",12.9756843,77.5660749,PM10,86,102,101
India,Karnataka,Bengaluru,"City Railway Station, Bengaluru - KSPCB","21-09-2026 11:00:00",12.9756843,77.5660749,NO2,26,33,29
India,Karnataka,Bengaluru,"City Railway Station, Bengaluru - KSPCB","21-09-2026 11:00:00",12.9756843,77.5660749,SO2,9,10,10
India,Maharashtra,Mumbai,"Worli, Mumbai - MPCB","21-09-2026 11:00:00",18.9936162,72.8128113,PM10,39,98,60
India,Maharashtra,Mumbai,"Mazgaon, Mumbai - IITM","21-09-2026 11:00:00",18.96702,72.84214,SO2,7,15,10
India,Maharashtra,Mumbai,"Mazgaon, Mumbai - IITM","21-09-2026 11:00:00",18.96702,72.84214,CO,21,62,40
India,Maharashtra,Mumbai,"Ghatkopar, Mumbai - BMC","21-09-2026 11:00:00",19.083694,72.920967,PM2.5,49,79,65
India,Maharashtra,Mumbai,"Ghatkopar, Mumbai - BMC","21-09-2026 11:00:00",19.083694,72.920967,NH3,4,16,8
India,Maharashtra,Mumbai,"Ghatkopar, Mumbai - BMC","21-09-2026 11:00:00",19.083694,72.920967,OZONE,3,4,3
India,Maharashtra,Mumbai,"Powai, Mumbai - MPCB","21-09-2026 11:00:00",19.1375,72.915056,OZONE,NA,NA,NA
India,Maharashtra,Mumbai,"Mindspace-Malad West, Mumbai - MPCB","21-09-2026 11:00:00",19.1878657,72.8304069,SO2,4,4,4
India,Maharashtra,Mumbai,"Chembur, Mumbai - MPCB","21-09-2026 11:00:00",19.0364585,72.8954371,CO,37,41,39
India,Maharashtra,Mumbai,"Chembur, Mumbai - MPCB","21-09-2026 11:00:00",19.0364585,72.8954371,OZONE,2,17,6
India,Maharashtra,Mumbai,"Deonar, Mumbai - IITM","21-09-2026 11:00:00",19.04946,72.923,PM10,53,91,69
India,Maharashtra,Mumbai,"Deonar, Mumbai - IITM","21-09-2026 11:00:00",19.04946,72.923,NH3,6,7,6
India,Maharashtra,Mumbai,"Malad West, Mumbai - IITM","21-09-2026 11:00:00",19.19709,72.82204,NO2,6,24,11
India,Maharashtra,Mumbai,"Malad West, Mumbai - IITM","21-09-2026 11:00:00",19.19709,72.82204,SO2,0,14,4
India,Maharashtra,Mumbai,"Malad West, Mumbai - IITM","21-09-2026 11:00:00",19.19709,72.82204,CO,25,43,33
India,Maharashtra,Nagpur,"Ram Nagar, Nagpur - MPCB","21-09-2026 11:00:00",21.143383,79.048912,PM2.5,5,74,42
India,Maharashtra,Nagpur,"Mahal, Nagpur - MPCB","21-09-2026 11:00:00",21.14472,79.107595,PM10,34,84,56
India,Maharashtra,Nagpur,"Mahal, Nagpur - MPCB","21-09-2026 11:00:00",21.14472,79.107595,CO,10,31,20
India,Maharashtra,Nagpur,"Opp GPO Civil Lines, Nagpur - MPCB","21-09-2026 11:00:00",21.152875,79.0517531,SO2,0,8,4
India,Maharashtra,Nagpur,"Opp GPO Civil Lines, Nagpur - MPCB","21-09-2026 11:00:00",21.152875,79.0517531,CO,2,43,19
India,Maharashtra,Nagpur,"Ambazari, Nagpur - MPCB","21-09-2026 11:00:00",21.121801,79.04952,CO,14,30,20
India,Maharashtra,Nagpur,"Ambazari, Nagpur - MPCB","21-09-2026 11:00:00",21.121801,79.04952,OZONE,8,32,16
India,Maharashtra,Nanded,"Sneh Nagar, Nanded - MPCB","21-09-2026 11:00:00",19.173852,77.296291,PM2.5,38,71,50
India,Maharashtra,Kolhapur,"Shivaji University, Kolhapur - MPCB","21-09-2026 11:00:00",16.6870449,74.2505872,PM10,12,35,22
India,Maharashtra,Kolhapur,"Shivaji University, Kolhapur - MPCB","21-09-2026 11:00:00",16.6870449,74.2505872,SO2,0,1,0
India,Maharashtra,Kolhapur,"Sinchan Bhavan, Kolhapur - MPCB","21-09-2026 11:00:00",16.7143745,74.2426398,NH3,1,5,2
India,Maharashtra,Latur,"Sawe Wadi, Latur - MPCB","21-09-2026 11:00:00",18.39963,76.57452,NH3,1,12,4
India,Maharashtra,Mahad,"Kamble Tarf Birwadi, Mahad - MPCB","21-09-2026 11:00:00",18.1023399,73.4783687,NO2,8,31,15
India,Maharashtra,Malegaon,"Mahesh Nagar, Malegaon - MPCB","21-09-2026 11:00:00",20.555712,74.529236,NH3,1,1,1
India,Maharashtra,Mira-Bhayandar,"Bhayandar West, Mira-Bhayandar - MPCB","21-09-2026 11:00:00",19.296481,72.840923,SO2,1,4,3
India,Maharashtra,Mumbai,"Sion, Mumbai - MPCB","21-09-2026 11:00:00",19.047,72.8746,SO2,5,5,5
India,Maharashtra,Mumbai,"Chhatrapati Shivaji Intl. Airport (T2), Mumbai - MPCB","21-09-2026 11:00:00",19.10078,72.87462,PM10,25,46,34
India,Maharashtra,Mumbai,"Chhatrapati Shivaji Intl. Airport (T2), Mumbai - MPCB","21-09-2026 11:00:00",19.10078,72.87462,SO2,7,8,8
India,Maharashtra,Mumbai,"Chhatrapati Shivaji Intl. Airport (T2), Mumbai - MPCB","21-09-2026 11:00:00",19.10078,72.87462,CO,NA,NA,NA
India,Maharashtra,Mumbai,"Navy Nagar-Colaba, Mumbai - IITM","21-09-2026 11:00:00",18.897756,72.81332,CO,28,48,38
India,Maharashtra,Mumbai,"Navy Nagar-Colaba, Mumbai - IITM","21-09-2026 11:00:00",18.897756,72.81332,OZONE,8,40,18
India,Maharashtra,Mumbai,"Mulund West, Mumbai - MPCB","21-09-2026 11:00:00",19.175,72.9419,OZONE,NA,NA,NA
India,Maharashtra,Mumbai,"Shivaji Nagar, Mumbai - BMC","21-09-2026 11:00:00",19.060498,72.923356,PM10,46,78,58
India,Maharashtra,Mumbai,"Shivaji Nagar, Mumbai - BMC","21-09-2026 11:00:00",19.060498,72.923356,SO2,0,10,5
India,Maharashtra,Mumbai,"Sewri, Mumbai - BMC","21-09-2026 11:00:00",19.000084,72.85673,PM10,38,46,41
India,Maharashtra,Mumbai,"Sewri, Mumbai - BMC","21-09-2026 11:00:00",19.000084,72.85673,NO2,13,51,34
India,Maharashtra,Aurangabad,"More Chowk Waluj, Aurangabad - MPCB","21-09-2026 11:00:00",19.8389439,75.244448,CO,44,127,90
India,Maharashtra,Aurangabad,"More Chowk Waluj, Aurangabad - MPCB","21-09-2026 11:00:00",19.8389439,75.244448,OZONE,15,42,26
India,Maharashtra,Badlapur,"Katrap, Badlapur - MPCB","21-09-2026 11:00:00",19.16485,73.23409,PM2.5,22,77,34
India,Maharashtra,Beed,"Bir, Beed - MPCB","21-09-2026 11:00:00",18.988474,75.753873,PM2.5,NA,NA,NA
India,Maharashtra,Belapur,"CBD Belapur, Belapur - MPCB","21-09-2026 11:00:00",19.0243902,73.0406721,NO2,10,44,24
India,Maharashtra,Belapur,"CBD Belapur, Belapur - MPCB","21-09-2026 11:00:00",19.0243902,73.0406721,CO,20,27,22
India,Maharashtra,Bhiwandi,"Gokul Nagar, Bhiwandi - MPCB","21-09-2026 11:00:00",19.309073,73.057223,NH3,0,2,1
India,Maharashtra,Boisar,"Khaira, Boisar - MPCB","21-09-2026 11:00:00",19.786089,72.757971,SO2,3,4,3
India,Maharashtra,Boisar,"Khaira, Boisar - MPCB","21-09-2026 11:00:00",19.786089,72.757971,OZONE,NA,NA,NA
India,Maharashtra,Chandrapur,"Chauhan Colony, Chandrapur - MPCB","21-09-2026 11:00:00",19.9629,79.298714,NH3,1,2,2
India,Maharashtra,Dombivli,"Kalu Nagar, Dombivli - MPCB","21-09-2026 11:00:00",19.2268427,73.0788456,PM2.5,5,28,16
India,Maharashtra,Dombivli,"Kalu Nagar, Dombivli - MPCB","21-09-2026 11:00:00",19.2268427,73.0788456,NH3,1,2,2
India,Maharashtra,Dombivli,"Kalu Nagar, Dombivli - MPCB","21-09-2026 11:00:00",19.2268427,73.0788456,SO2,27,80,32
India,Maharashtra,Hingoli,"Ashta Vinayak Nagar, Hingoli - MPCB","21-09-2026 11:00:00",19.710842,77.151824,PM2.5,17,50,28
India,Maharashtra,Kalyan,"Pimpleshwar Mandir, Kalyan - MPCB","21-09-2026 11:00:00",19.192056,72.9585188,OZONE,27,38,33
India,Maharashtra,Parbhani,"Masoom Colony, Parbhani - MPCB","21-09-2026 11:00:00",19.265594,76.761463,OZONE,6,8,7
India,Maharashtra,Pimpri-Chinchwad,"Bhosari, Pune - IITM","21-09-2026 11:00:00",18.640051,73.848956,CO,50,75,63
India,Maharashtra,Pimpri-Chinchwad,"Gavalinagar, Pimpri Chinchwad - MPCB","21-09-2026 11:00:00",18.63673,73.82487,PM10,36,79,55
India,Maharashtra,Pimpri-Chinchwad,"Bhumkar Nagar, Pune - IITM","21-09-2026 11:00:00",18.60577,73.749976,PM10,56,133,87
India,Maharashtra,Pimpri-Chinchwad,"Bhumkar Nagar, Pune - IITM","21-09-2026 11:00:00",18.60577,73.749976,OZONE,22,75,38
India,Maharashtra,Pimpri-Chinchwad,"Thergaon, Pimpri Chinchwad - MPCB","21-09-2026 11:00:00",18.616318,73.765797,NO2,14,55,32
India,Maharashtra,Pimpri-Chinchwad,"Transport Nagar-Nigdi, Pune - IITM","21-09-2026 11:00:00",18.664282,73.763966,PM2.5,43,93,64
India,Maharashtra,Pimpri-Chinchwad,"Transport Nagar-Nigdi, Pune - IITM","21-09-2026 11:00:00",18.664282,73.763966,NO2,26,56,36
India,Maharashtra,Pune,"Panchawati_Pashan, Pune - IITM","21-09-2026 11:00:00",18.536457,73.805454,PM2.5,36,73,54
India,Maharashtra,Pune,"Panchawati_Pashan, Pune - IITM","21-09-2026 11:00:00",18.536457,73.805454,NH3,NA,NA,NA
India,Maharashtra,Pune,"Panchawati_Pashan, Pune - IITM","21-09-2026 11:00:00",18.536457,73.805454,OZONE,6,45,18
India,Maharashtra,Pune,"Savitribai Phule Pune University, Pune - MPCB","21-09-2026 11:00:00",18.547056,73.826908,PM10,37,63,50
India,Maharashtra,Pune,"Savitribai Phule Pune University, Pune - MPCB","21-09-2026 11:00:00",18.547056,73.826908,NH3,2,2,2
India,Maharashtra,Mumbai,"Khindipada-Bhandup West, Mumbai - IITM","21-09-2026 11:00:00",19.1653323,72.922099,NO2,17,31,21
India,Maharashtra,Mumbai,"Chakala-Andheri East, Mumbai - IITM","21-09-2026 11:00:00",19.11074,72.86084,NO2,9,16,11
India,Maharashtra,Mumbai,"Chakala-Andheri East, Mumbai - IITM","21-09-2026 11:00:00",19.11074,72.86084,SO2,0,3,1
India,Maharashtra,Mumbai,"Kurla, Mumbai - MPCB","21-09-2026 11:00:00",19.0863,72.8888,PM10,30,106,53
India,Maharashtra,Mumbai,"Kurla, Mumbai - MPCB","21-09-2026 11:00:00",19.0863,72.8888,NH3,2,2,2
India,Maharashtra,Mumbai,"Bandra Kurla Complex, Mumbai - IITM","21-09-2026 11:00:00",19.053536,72.84643,CO,18,52,35
India,Maharashtra,Mumbai,"Bandra Kurla Complex, Mumbai - IITM","21-09-2026 11:00:00",19.053536,72.84643,OZONE,8,15,12
India,Maharashtra,Mumbai,"Kherwadi_Bandra East, Mumbai - MPCB","21-09-2026 11:00:00",19.0632143,72.8456324,PM10,42,80,57
India,Maharashtra,Mumbai,"Kherwadi_Bandra East, Mumbai - MPCB","21-09-2026 11:00:00",19.0632143,72.8456324,CO,24,37,30
India,Maharashtra,Mumbai,"Kherwadi_Bandra East, Mumbai - MPCB","21-09-2026 11:00:00",19.0632143,72.8456324,OZONE,4,18,8
India,Maharashtra,Mumbai,"Borivali East, Mumbai - IITM","21-09-2026 11:00:00",19.23241,72.86895,PM10,52,81,66
India,Maharashtra,Mumbai,"Borivali East, Mumbai - IITM","21-09-2026 11:00:00",19.23241,72.86895,SO2,NA,NA,NA
India,Maharashtra,Mumbai,"Siddharth Nagar-Worli, Mumbai - IITM","21-09-2026 11:00:00",19.000083,72.813993,PM10,33,86,52
India,Meghalaya,Shillong,"Lumpyngngad, Shillong - Meghalaya PCB","21-09-2026 11:00:00",25.5586,91.8985,NO2,0,1,0
India,Meghalaya,Shillong,"Lumpyngngad, Shillong - Meghalaya PCB","21-09-2026 11:00:00",25.5586,91.8985,CO,8,14,10
India,Nagaland,Kohima,"PWD Junction, Kohima - NPCB","21-09-2026 11:00:00",25.6635413,94.0989878,OZONE,0,0,0
India,Odisha,Balasore,"Kalidaspur, Balasore - OSPCB","21-09-2026 11:00:00",21.51161,86.89088,SO2,9,10,9
India,Odisha,Balasore,"Kalidaspur, Balasore - OSPCB","21-09-2026 11:00:00",21.51161,86.89088,OZONE,11,19,16
India,Odisha,Barbil,"Forest Office, Barbil - OSPCB","21-09-2026 11:00:00",22.1166054,85.3945546,PM2.5,10,28,17
India,Odisha,Barbil,"Forest Office, Barbil - OSPCB","21-09-2026 11:00:00",22.1166054,85.3945546,NO2,5,12,8
India,Odisha,Barbil,"Forest Office, Barbil - OSPCB","21-09-2026 11:00:00",22.1166054,85.3945546,NH3,1,2,2
India,Odisha,Barbil,"Forest Office, Barbil - OSPCB","21-09-2026 11:00:00",22.1166054,85.3945546,OZONE,10,19,14
India,Odisha,Bhubaneswar,"Lingraj Mandir, Bhubaneswar - OSPCB","21-09-2026 11:00:00",20.24079,85.836784,NO2,9,19,15
India,Odisha,Bhubaneswar,"Patia, Bhubaneswar - OSPCB","21-09-2026 11:00:00",20.34652,85.8163,PM10,5,48,28
India,Odisha,Bhubaneswar,"Patia, Bhubaneswar - OSPCB","21-09-2026 11:00:00",20.34652,85.8163,OZONE,16,27,21
India,Maharashtra,Nanded,"Sneh Nagar, Nanded - MPCB","21-09-2026 11:00:00",19.173852,77.296291,NH3,1,5,3
India,Maharashtra,Nashik,"Gangapur Road, Nashik - MPCB","21-09-2026 11:00:00",20.0073285,73.7762427,SO2,0,3,1
India,Maharashtra,Nashik,"Hirawadi, Nashik - MPCB","21-09-2026 11:00:00",20.021503,73.813844,OZONE,14,24,19
India,Maharashtra,Nashik,"MIDC Ambad, Nashik - MPCB","21-09-2026 11:00:00",19.95022,73.73148,PM10,41,117,82
India,Maharashtra,Nashik,"MIDC Ambad, Nashik - MPCB","21-09-2026 11:00:00",19.95022,73.73148,CO,14,15,14
India,Maharashtra,"Navi Mumbai","Nerul, Navi Mumbai - MPCB","21-09-2026 11:00:00",19.008751,73.01662,CO,NA,NA,NA
India,Maharashtra,"Navi Mumbai","Tondare-Taloja, Navi Mumbai - MPCB","21-09-2026 11:00:00",19.063,73.1209,PM2.5,NA,NA,NA
India,Maharashtra,"Navi Mumbai","Tondare-Taloja, Navi Mumbai - MPCB","21-09-2026 11:00:00",19.063,73.1209,NH3,1,4,3
India,Maharashtra,"Navi Mumbai","Sector-2E Kalamboli, Navi Mumbai - MPCB","21-09-2026 11:00:00",19.02579,73.10297,OZONE,11,25,16
India,Maharashtra,"Navi Mumbai","Mahape, Navi Mumbai - MPCB","21-09-2026 11:00:00",19.1135051,73.008978,PM2.5,8,41,22
India,Maharashtra,"Navi Mumbai","Mahape, Navi Mumbai - MPCB","21-09-2026 11:00:00",19.1135051,73.008978,CO,NA,NA,NA
India,Maharashtra,Pune,"Hadapsar, Pune - IITM","21-09-2026 11:00:00",18.501793,73.927532,OZONE,8,43,18
India,Maharashtra,Pune,"Katraj Dairy, Pune - MPCB","21-09-2026 11:00:00",18.45445,73.854155,PM2.5,11,37,15
India,Maharashtra,Pune,"Katraj Dairy, Pune - MPCB","21-09-2026 11:00:00",18.45445,73.854155,PM10,19,66,27
India,Maharashtra,Pune,"Katraj Dairy, Pune - MPCB","21-09-2026 11:00:00",18.45445,73.854155,SO2,2,3,3
India,Maharashtra,Pune,"Revenue Colony-Shivajinagar, Pune - IITM","21-09-2026 11:00:00",18.530085,73.849598,SO2,0,21,9
India,Maharashtra,Pune,"Revenue Colony-Shivajinagar, Pune - IITM","21-09-2026 11:00:00",18.530085,73.849598,CO,72,105,92
India,Maharashtra,Pune,"Mhada Colony, Pune - IITM","21-09-2026 11:00:00",18.57304,73.927715,PM10,57,104,85
India,Maharashtra,Pune,"Mhada Colony, Pune - IITM","21-09-2026 11:00:00",18.57304,73.927715,NO2,21,42,31
India,Maharashtra,Pune,"Dhankawadi, Pune - IITM","21-09-2026 11:00:00",18.459883,73.852193,PM2.5,21,74,43
India,Maharashtra,Sangli,"Vijay Nagar, Sangli - MPCB","21-09-2026 11:00:00",16.5038,74.3623,PM2.5,27,51,38
India,Maharashtra,Sangli,"Vijay Nagar, Sangli - MPCB","21-09-2026 11:00:00",16.5038,74.3623,PM10,25,42,33
India,Maharashtra,Sangli,"Vijay Nagar, Sangli - MPCB","21-09-2026 11:00:00",16.5038,74.3623,SO2,NA,NA,NA
India,Maharashtra,Solapur,"Dnyaneshwar Nagar, Solapur - MPCB","21-09-2026 11:00:00",17.6336264,75.9132495,OZONE,8,22,13
India,Maharashtra,Thane,"Kasarvadavali, Thane - MPCB","21-09-2026 11:00:00",19.26777,72.97182,NH3,0,1,0
India,Maharashtra,Thane,"Kasarvadavali, Thane - MPCB","21-09-2026 11:00:00",19.26777,72.97182,OZONE,6,22,11
India,Maharashtra,Thane,"Upvan Fort, Thane - MPCB","21-09-2026 11:00:00",19.222279,72.957979,CO,2,22,15
India,Maharashtra,Ulhasnagar,"Vithalwadi, Ulhasnagar - MPCB","21-09-2026 11:00:00",19.2307571,73.155192,PM2.5,7,42,23
India,Maharashtra,Ulhasnagar,"Vithalwadi, Ulhasnagar - MPCB","21-09-2026 11:00:00",19.2307571,73.155192,PM10,10,70,39
India,Maharashtra,Ulhasnagar,"Vithalwadi, Ulhasnagar - MPCB","21-09-2026 11:00:00",19.2307571,73.155192,NH3,4,5,5
India,Maharashtra,Virar,"Bolinj, Virar - MPCB","21-09-2026 11:00:00",19.445821,72.7988231,PM10,23,78,44
India,Maharashtra,Virar,"Bolinj, Virar - MPCB","21-09-2026 11:00:00",19.445821,72.7988231,OZONE,20,20,20
India,Meghalaya,Byrnihat,"15th Mile-Nongthymmai, Byrnihat -Meghalaya PCB","21-09-2026 11:00:00",26.079047,91.875185,PM10,146,146,146
India,Telangana,Hyderabad,"Bollaram Industrial Area, Hyderabad - TSPCB","21-09-2026 11:00:00",17.518,78.383,SO2,NA,NA,NA
India,Telangana,Hyderabad,"Bollaram Industrial Area, Hyderabad - TSPCB","21-09-2026 11:00:00",17.518,78.383,CO,63,69,66
India,Telangana,Hyderabad,"Central University, Hyderabad - TSPCB","21-09-2026 11:00:00",17.460103,78.334361,CO,10,20,15
India,Telangana,Hyderabad,"IITH Kandi, Hyderabad - TSPCB","21-09-2026 11:00:00",17.585705,78.126199,PM10,69,72,70
India,Telangana,Hyderabad,"IITH Kandi, Hyderabad - TSPCB","21-09-2026 11:00:00",17.585705,78.126199,NO2,13,13,13
India,Telangana,Hyderabad,"IITH Kandi, Hyderabad - TSPCB","21-09-2026 11:00:00",17.585705,78.126199,CO,23,34,33
India,Telangana,Hyderabad,"Nacharam_TSIIC IALA, Hyderabad - TSPCB","21-09-2026 11:00:00",17.429398,78.569354,NO2,NA,NA,NA
India,Telangana,Hyderabad,"Nacharam_TSIIC IALA, Hyderabad - TSPCB","21-09-2026 11:00:00",17.429398,78.569354,CO,37,37,37
India,Telangana,Hyderabad,"ICRISAT Patancheru, Hyderabad - TSPCB","21-09-2026 11:00:00",17.5184,78.278777,PM10,34,116,63
India,Telangana,Hyderabad,"IDA Pashamylaram, Hyderabad - TSPCB","21-09-2026 11:00:00",17.5316895,78.218939,NH3,1,2,1
India,Telangana,Hyderabad,"IDA Pashamylaram, Hyderabad - TSPCB","21-09-2026 11:00:00",17.5316895,78.218939,SO2,9,10,10
India,Telangana,Hyderabad,"Sanathnagar, Hyderabad - TSPCB","21-09-2026 11:00:00",17.4559458,78.4332152,NH3,NA,NA,NA
India,Telangana,Hyderabad,"Sanathnagar, Hyderabad - TSPCB","21-09-2026 11:00:00",17.4559458,78.4332152,OZONE,24,78,59
India,Telangana,Hyderabad,"Somajiguda, Hyderabad - TSPCB","21-09-2026 11:00:00",17.417094,78.457437,NH3,2,4,3
India,Telangana,Hyderabad,"Somajiguda, Hyderabad - TSPCB","21-09-2026 11:00:00",17.417094,78.457437,SO2,7,16,12
India,Tripura,Agartala,"Bardowali, Agartala - Tripura SPCB","21-09-2026 11:00:00",23.8175497,91.2726974,PM10,27,107,60
India,"Uttar Pradesh",Agra,"Manoharpur, Agra - UPPCB","21-09-2026 11:00:00",27.23711,78.01936,SO2,28,53,41
India,"Uttar Pradesh",Agra,"Sanjay Palace, Agra - UPPCB","21-09-2026 11:00:00",27.19865833,78.00598056,OZONE,8,9,8
India,Rajasthan,Jodhpur,"Jhalamand, Jodhpur - RSPCB","21-09-2026 11:00:00",26.215415,73.070156,PM2.5,23,107,50
India,Rajasthan,Jodhpur,"Jhalamand, Jodhpur - RSPCB","21-09-2026 11:00:00",26.215415,73.070156,OZONE,5,24,12
India,Rajasthan,Jodhpur,"Samrat Ashok Udhyan, Jodhpur - RSPCB","21-09-2026 11:00:00",26.253384,72.976571,CO,21,36,26
India,Rajasthan,Jodhpur,"Mandor, Jodhpur - RSPCB","21-09-2026 11:00:00",26.358805,73.047444,CO,6,16,11
India,Rajasthan,Karauli,"Satyawati Vihar, Karauli - RSPCB","21-09-2026 11:00:00",26.506177,77.025989,PM2.5,21,83,55
India,Rajasthan,Khairthal,"New Anaj Mandi, Khairthal - RSPCB","21-09-2026 11:00:00",27.8015617,76.6365217,NO2,30,46,37
India,Rajasthan,Khairthal,"New Anaj Mandi, Khairthal - RSPCB","21-09-2026 11:00:00",27.8015617,76.6365217,SO2,1,2,1
India,Rajasthan,Khairthal,"New Anaj Mandi, Khairthal - RSPCB","21-09-2026 11:00:00",27.8015617,76.6365217,CO,114,147,133
India,Rajasthan,Kota,"Nayapura, Kota - RSPCB","21-09-2026 11:00:00",25.196024,75.855668,PM2.5,40,95,56
India,Rajasthan,Kota,"Shrinath Puram, Kota - RSPCB","21-09-2026 11:00:00",25.14389,75.821256,PM10,39,104,65
India,Rajasthan,Kota,"Shrinath Puram, Kota - RSPCB","21-09-2026 11:00:00",25.14389,75.821256,NH3,0,9,4
India,Rajasthan,Kota,"Shrinath Puram, Kota - RSPCB","21-09-2026 11:00:00",25.14389,75.821256,SO2,6,9,7
India,Rajasthan,Kota,"Shrinath Puram, Kota - RSPCB","21-09-2026 11:00:00",25.14389,75.821256,CO,38,56,44
India,Rajasthan,Kota,"Dhanmandi, Kota - RSPCB","21-09-2026 11:00:00",25.16409,75.858137,NO2,18,52,30
India,Rajasthan,Kota,"Dhanmandi, Kota - RSPCB","21-09-2026 11:00:00",25.16409,75.858137,SO2,5,20,10
India,Rajasthan,Nagaur,"Karni Colony, Nagaur - RSPCB","21-09-2026 11:00:00",27.213494,73.734444,PM2.5,25,80,47
India,Puducherry,Puducherry,"Jawahar Nagar, Puducherry - PPCC","21-09-2026 11:00:00",11.9309,79.8027,PM2.5,2,43,11
India,Punjab,Amritsar,"Golden Temple, Amritsar - PPCB","21-09-2026 11:00:00",31.62,74.876512,NH3,7,8,7
India,Punjab,Bathinda,"Hardev Nagar, Bathinda - PPCB","21-09-2026 11:00:00",30.233011,74.907758,PM2.5,15,90,52
India,Punjab,Khanna,"Kalal Majra, Khanna - PPCB","21-09-2026 11:00:00",30.736056,76.209694,CO,45,93,66
India,Punjab,Ludhiana,"Punjab Agricultural University, Ludhiana - PPCB","21-09-2026 11:00:00",30.9028,75.8086,PM2.5,56,101,81
India,Punjab,Ludhiana,"Punjab Agricultural University, Ludhiana - PPCB","21-09-2026 11:00:00",30.9028,75.8086,NO2,13,51,39
India,Punjab,"Mandi Gobindgarh","RIMT University, Mandi Gobindgarh - PPCB","21-09-2026 11:00:00",30.649961,76.331442,PM10,74,146,111
India,Punjab,"Mandi Gobindgarh","RIMT University, Mandi Gobindgarh - PPCB","21-09-2026 11:00:00",30.649961,76.331442,NO2,24,25,24
India,Punjab,"Mandi Gobindgarh","RIMT University, Mandi Gobindgarh - PPCB","21-09-2026 11:00:00",30.649961,76.331442,OZONE,25,50,34
India,Punjab,Patiala,"Model Town, Patiala - PPCB","21-09-2026 11:00:00",30.349388,76.366642,NO2,9,24,15
India,Punjab,Rupnagar,"Ratanpura, Rupnagar - Ambuja Cements","21-09-2026 11:00:00",31.0325454,76.5623046,PM10,8,79,32
India,Sikkim,Gangtok,"Zero Point GICI, Gangtok - SSPCB","21-09-2026 11:00:00",27.33853,88.614099,PM2.5,16,33,23
India,Sikkim,Gangtok,"Zero Point GICI, Gangtok - SSPCB","21-09-2026 11:00:00",27.33853,88.614099,PM10,11,24,18
India,"Tamil Nadu",Chennai,"Manali Village, Chennai - TNPCB","21-09-2026 11:00:00",13.1662,80.2584,NH3,1,6,2
India,"Tamil Nadu",Chennai,"Manali Village, Chennai - TNPCB","21-09-2026 11:00:00",13.1662,80.2584,CO,50,51,51
India,"Tamil Nadu",Chennai,"Velachery Res. Area, Chennai - CPCB","21-09-2026 11:00:00",13.0052189,80.2398125,CO,NA,NA,NA
India,Telangana,Hyderabad,"Ramachandrapuram, Hyderabad - TSPCB","21-09-2026 11:00:00",17.528544,78.286195,OZONE,24,29,25
India,Telangana,Hyderabad,"ECIL Kapra, Hyderabad - TSPCB","21-09-2026 11:00:00",17.470431,78.566959,PM2.5,30,48,39
India,Telangana,Hyderabad,"Kokapet, Hyderabad - TSPCB","21-09-2026 11:00:00",17.393559,78.339194,PM2.5,29,45,34
India,Telangana,Hyderabad,"New Malakpet, Hyderabad - TSPCB","21-09-2026 11:00:00",17.37206,78.50864,PM2.5,42,61,49
India,Telangana,Hyderabad,"New Malakpet, Hyderabad - TSPCB","21-09-2026 11:00:00",17.37206,78.50864,SO2,7,13,9
India,Telangana,Hyderabad,"Bollaram Industrial Area, Hyderabad - TSPCB","21-09-2026 11:00:00",17.518,78.383,PM10,NA,NA,NA
India,Rajasthan,Jaipur,"Shastri Nagar, Jaipur - RSPCB","21-09-2026 11:00:00",26.9502929,75.730943,CO,18,39,30
India,Rajasthan,Jaipur,"Mansarovar Sector-12, Jaipur - RSPCB","21-09-2026 11:00:00",26.843698,75.766894,PM2.5,NA,NA,NA
India,Rajasthan,Jaipur,"Mansarovar Sector-12, Jaipur - RSPCB","21-09-2026 11:00:00",26.843698,75.766894,NH3,NA,NA,NA
India,Rajasthan,Jaipur,"Police Commissionerate, Jaipur - RSPCB","21-09-2026 11:00:00",26.9164092,75.7994901,OZONE,28,46,36
India,Rajasthan,Jaipur,"Sector-2 Murlipura, Jaipur - RSPCB","21-09-2026 11:00:00",26.960669,75.771817,OZONE,5,20,14
India,Rajasthan,Jaipur,"RIICO Sitapura, Jaipur - RSPCB","21-09-2026 11:00:00",26.786682,75.827928,SO2,4,10,8
India,Rajasthan,Jalore,"Mudtra Sili, Jalore - RSPCB","21-09-2026 11:00:00",25.344694,72.626208,PM10,65,181,108
India,Rajasthan,Jalore,"Mudtra Sili, Jalore - RSPCB","21-09-2026 11:00:00",25.344694,72.626208,SO2,3,5,4
India,Rajasthan,Jalore,"Mudtra Sili, Jalore - RSPCB","21-09-2026 11:00:00",25.344694,72.626208,OZONE,3,67,34
India,Rajasthan,Jhalawar,"Rajlaxmi Nagar, Jhalawar - RSPCB","21-09-2026 11:00:00",24.588397,76.172782,PM10,27,49,41
India,Rajasthan,Jodhpur,"Collectorate, Jodhpur - RSPCB","21-09-2026 11:00:00",26.268249,73.0193853,NH3,1,17,8
India,Rajasthan,Bhilwara,"Pratap Nagar, Bhilwara - RSPCB","21-09-2026 11:00:00",25.339605,74.618883,SO2,2,9,5
India,Rajasthan,Bhiwadi,"Vasundhara Nagar_UIT, Bhiwadi - RSPCB","21-09-2026 11:00:00",28.207266,76.829265,CO,12,18,14
India,Rajasthan,Bhiwadi,"RIICO Ind. Area III, Bhiwadi - RSPCB","21-09-2026 11:00:00",28.194909,76.862296,PM2.5,63,241,145
India,Rajasthan,Bikaner,"MM Ground, Bikaner - RSPCB","21-09-2026 11:00:00",28.018792,73.292658,PM10,111,267,157
India,Rajasthan,Bundi,"New Colony, Bundi - RSPCB","21-09-2026 11:00:00",25.435774,75.644272,NH3,5,7,5
India,Rajasthan,Chittorgarh,"Shastri Nagar, Chittorgarh - RSPCB","21-09-2026 11:00:00",24.892047,74.623527,OZONE,5,74,28
India,Rajasthan,Dausa,"Khatikan Mohalla, Dausa - RSPCB","21-09-2026 11:00:00",26.895552,76.334753,PM10,48,183,102
India,Rajasthan,Dausa,"Khatikan Mohalla, Dausa - RSPCB","21-09-2026 11:00:00",26.895552,76.334753,NH3,6,12,8
India,Rajasthan,Dausa,"Khatikan Mohalla, Dausa - RSPCB","21-09-2026 11:00:00",26.895552,76.334753,CO,28,50,35
India,Rajasthan,Dungarpur,"Bhoiwada, Dungarpur - RSPCB","21-09-2026 11:00:00",23.837789,73.714926,NO2,11,15,13
India,Odisha,Byasanagar,"Ferro Chrome Colony, Byasanagar - OSPCB","21-09-2026 11:00:00",20.94185,86.1151,PM10,16,62,39
India,Odisha,Byasanagar,"Ferro Chrome Colony, Byasanagar - OSPCB","21-09-2026 11:00:00",20.94185,86.1151,NH3,0,1,1
India,Odisha,Cuttack,"CDA Area, Cuttack - OSPCB","21-09-2026 11:00:00",20.48891,85.84768,PM10,14,65,37
India,Odisha,Cuttack,"CDA Area, Cuttack - OSPCB","21-09-2026 11:00:00",20.48891,85.84768,NO2,10,26,16
India,Odisha,Keonjhar,"Jagamohanpur, Keonjhar - OSPCB","21-09-2026 11:00:00",21.6439,85.599355,NH3,2,2,2
India,Odisha,Paradeep,"Nua Sandhakuda, Paradeep - OSPCB","21-09-2026 11:00:00",20.258828,86.665185,SO2,12,13,13
India,Odisha,Rourkela,"Fertilizer Township, Rourkela - OSPCB","21-09-2026 11:00:00",22.18972222,84.86277778,PM2.5,26,65,37
India,Odisha,Rourkela,"Raghunathpali, Rourkela - OSPCB","21-09-2026 11:00:00",22.220833,84.809444,PM10,43,60,50
India,Odisha,Rourkela,"Raghunathpali, Rourkela - OSPCB","21-09-2026 11:00:00",22.220833,84.809444,SO2,3,5,4
India,Odisha,Rourkela,"Raghunathpali, Rourkela - OSPCB","21-09-2026 11:00:00",22.220833,84.809444,OZONE,5,10,9
India,Odisha,Talcher,"Talcher Coalfields,Talcher - OSPCB","21-09-2026 11:00:00",20.9360711,85.1707021,CO,3,17,9
India,Rajasthan,Pratapgarh,"Pragati Nagar, Pratapgarh - RSPCB","21-09-2026 11:00:00",24.041198,74.780702,PM2.5,25,83,54
India,Rajasthan,Pratapgarh,"Pragati Nagar, Pratapgarh - RSPCB","21-09-2026 11:00:00",24.041198,74.780702,CO,19,28,22
India,Rajasthan,Rajsamand,"Dhoinda, Rajsamand - RSPCB","21-09-2026 11:00:00",25.03636,73.883502,NO2,6,9,8
India,Rajasthan,Rajsamand,"Dhoinda, Rajsamand - RSPCB","21-09-2026 11:00:00",25.03636,73.883502,NH3,NA,NA,NA
India,Rajasthan,"Sawai Madhopur","Sahu Nagar, Sawai Madhopur - RSPCB","21-09-2026 11:00:00",26.031443,76.359327,OZONE,10,74,35
India,Rajasthan,Sikar,"Radhakishan Pura, Sikar - RSPCB","21-09-2026 11:00:00",27.608912,75.153302,NH3,17,20,18
India,Rajasthan,"Sri Ganganagar","Old City, Sri Ganganagar - RSPCB","21-09-2026 11:00:00",29.931624,73.864511,NO2,28,69,42
India,Rajasthan,"Sri Ganganagar","Old City, Sri Ganganagar - RSPCB","21-09-2026 11:00:00",29.931624,73.864511,SO2,1,21,5
India,Rajasthan,Udaipur,"Ashok Nagar, Udaipur - RSPCB","21-09-2026 11:00:00",24.5886166,73.6321397,PM10,57,141,98
India,Rajasthan,Alwar,"Vigyan Nagar, Alwar - RSPCB","21-09-2026 11:00:00",27.598796,76.63861,PM2.5,60,165,97
India,Rajasthan,Alwar,"Vigyan Nagar, Alwar - RSPCB","21-09-2026 11:00:00",27.598796,76.63861,CO,50,59,55
India,Rajasthan,Alwar,"Moti Doongri, Alwar - RSPCB","21-09-2026 11:00:00",27.554793,76.611536,SO2,18,34,26
India,Rajasthan,Alwar,"Moti Doongri, Alwar - RSPCB","21-09-2026 11:00:00",27.554793,76.611536,OZONE,22,63,37
India,Rajasthan,Banswara,"Rati Talai, Banswara - RSPCB","21-09-2026 11:00:00",23.55519,74.44001,NH3,2,7,5
India,Rajasthan,Baran,"Bamboliya, Baran - RSPCB","21-09-2026 11:00:00",25.106006,76.469948,PM2.5,12,23,17
India,"Uttar Pradesh",Prayagraj,"Nagar Nigam, Prayagraj - UPPCB","21-09-2026 11:00:00",25.44919916,81.82735986,SO2,36,62,53
India,"Uttar Pradesh",Prayagraj,"Nagar Nigam, Prayagraj - UPPCB","21-09-2026 11:00:00",25.44919916,81.82735986,CO,18,23,20
India,"Uttar Pradesh",Prayagraj,"Nagar Nigam, Prayagraj - UPPCB","21-09-2026 11:00:00",25.44919916,81.82735986,OZONE,14,16,15
India,"Uttar Pradesh",Prayagraj,"Jhunsi, Prayagraj - UPPCB","21-09-2026 11:00:00",25.425602,81.917152,PM10,22,500,123
India,"Uttar Pradesh",Prayagraj,"Jhunsi, Prayagraj - UPPCB","21-09-2026 11:00:00",25.425602,81.917152,CO,19,41,30
India,"Uttar Pradesh",Raebareli," Indira Nagar, Raebareli - NTPC Unchahar","21-09-2026 11:00:00",26.207781,81.245571,CO,NA,NA,NA
India,"Uttar Pradesh",Raebareli,"Anand Nagar, Raebareli - UPPCB","21-09-2026 11:00:00",26.219512,81.237648,PM2.5,25,43,35
India,"Uttar Pradesh",Raebareli,"Anand Nagar, Raebareli - UPPCB","21-09-2026 11:00:00",26.219512,81.237648,NO2,7,32,16
India,"Uttar Pradesh",Varanasi,"Maldahiya, Varanasi - UPPCB","21-09-2026 11:00:00",25.32393,82.99687,PM10,37,111,79
India,"Uttar Pradesh",Varanasi,"Maldahiya, Varanasi - UPPCB","21-09-2026 11:00:00",25.32393,82.99687,NH3,0,0,0
India,"Uttar Pradesh",Varanasi,"Maldahiya, Varanasi - UPPCB","21-09-2026 11:00:00",25.32393,82.99687,SO2,29,30,30
India,"Uttar Pradesh",Varanasi,"Ardhali Bazar, Varanasi - UPPCB","21-09-2026 11:00:00",25.3505986,82.9083074,PM2.5,14,80,49
India,"Uttar Pradesh",Varanasi,"Bhelupur, Varanasi - UPPCB","21-09-2026 11:00:00",25.301778,82.996789,CO,7,10,8
India,"Uttar Pradesh",Varanasi,"Bhelupur, Varanasi - UPPCB","21-09-2026 11:00:00",25.301778,82.996789,OZONE,8,11,9
India,"Uttar Pradesh",Varanasi,"IESD Banaras Hindu University, Varanasi - UPPCB","21-09-2026 11:00:00",25.262326,82.995408,PM10,24,102,59
India,"Uttar Pradesh",Varanasi,"IESD Banaras Hindu University, Varanasi - UPPCB","21-09-2026 11:00:00",25.262326,82.995408,SO2,NA,NA,NA
India,"Uttar Pradesh",Varanasi,"IESD Banaras Hindu University, Varanasi - UPPCB","21-09-2026 11:00:00",25.262326,82.995408,CO,1,2,2
India,"Uttar Pradesh",Vrindavan,"Omex Eternity, Vrindavan - UPPCB","21-09-2026 11:00:00",27.571409,77.655757,NO2,27,27,27
India,"Uttar Pradesh",Vrindavan,"Omex Eternity, Vrindavan - UPPCB","21-09-2026 11:00:00",27.571409,77.655757,SO2,8,9,9
India,"Uttar Pradesh",Vrindavan,"Omex Eternity, Vrindavan - UPPCB","21-09-2026 11:00:00",27.571409,77.655757,CO,6,8,7
India,"Uttar Pradesh",Vrindavan," Chhatikara, Vrindavan - UPPCB","21-09-2026 11:00:00",27.57194,77.62346,PM10,72,155,112
India,"Uttar Pradesh",Lucknow,"Lalbagh, Lucknow - CPCB","21-09-2026 11:00:00",26.8458805,80.9365541,CO,3,66,28
India,"Uttar Pradesh",Lucknow,"Gomti Nagar, Lucknow - UPPCB","21-09-2026 11:00:00",26.86812,81.005119,NH3,NA,NA,NA
India,"Uttar Pradesh",Lucknow,"Talkatora District Industries Center, Lucknow - CPCB","21-09-2026 11:00:00",26.83399722,80.8917361,NO2,20,27,23
India,"Uttar Pradesh",Lucknow,"Talkatora District Industries Center, Lucknow - CPCB","21-09-2026 11:00:00",26.83399722,80.8917361,SO2,1,15,8
India,"Uttar Pradesh",Lucknow,"Kukrail Picnic Spot-1, Lucknow - UPPCB","21-09-2026 11:00:00",26.90723,80.98579,NO2,31,33,32
India,"Uttar Pradesh",Lucknow,"Kukrail Picnic Spot-1, Lucknow - UPPCB","21-09-2026 11:00:00",26.90723,80.98579,NH3,6,6,6
India,"Uttar Pradesh",Lucknow,"Kukrail Picnic Spot-1, Lucknow - UPPCB","21-09-2026 11:00:00",26.90723,80.98579,OZONE,8,9,8
India,"Uttar Pradesh",Mathura,"Pali Dungra, Mathura - UPPCB","21-09-2026 11:00:00",27.410954,77.550619,OZONE,6,21,10
India,"Uttar Pradesh",Meerut,"Pallavpuram Phase 2, Meerut - UPPCB","21-09-2026 11:00:00",29.06351,77.709723,NO2,13,81,43
India,"Uttar Pradesh",Meerut,"Ganga Nagar, Meerut - UPPCB","21-09-2026 11:00:00",28.999264,77.7590354,PM2.5,48,175,86
India,"Uttar Pradesh",Meerut,"Ganga Nagar, Meerut - UPPCB","21-09-2026 11:00:00",28.999264,77.7590354,OZONE,56,103,79
India,"Uttar Pradesh",Meerut,"MIET College, Meerut - UPPCB","21-09-2026 11:00:00",28.972677,77.641018,OZONE,9,108,37
India,"Uttar Pradesh",Meerut,"Jai Bhim Nagar, Meerut - UPPCB","21-09-2026 11:00:00",28.9535882,77.7622941,PM2.5,42,208,84
India,"Uttar Pradesh",Modinagar,"SRM University, Modinagar - UPPCB","21-09-2026 11:00:00",28.798171,77.540243,SO2,7,53,17
India,"Uttar Pradesh",Modinagar,"SRM University, Modinagar - UPPCB","21-09-2026 11:00:00",28.798171,77.540243,CO,25,38,34
India,"Uttar Pradesh",Moradabad,"Eco Herbal Park, Moradabad - UPPCB","21-09-2026 11:00:00",28.840739,78.697531,PM2.5,35,183,70
India,"Uttar Pradesh",Moradabad,"Kashiram Nagar, Moradabad - UPPCB","21-09-2026 11:00:00",28.849399,78.742362,PM2.5,60,124,84
India,"Uttar Pradesh","Fatehpur Sikri","Dadupura, Fatehpur Sikri - UPPCB","21-09-2026 11:00:00",27.097694,77.671335,PM10,50,141,107
India,"Uttar Pradesh","Fatehpur Sikri","Dadupura, Fatehpur Sikri - UPPCB","21-09-2026 11:00:00",27.097694,77.671335,NH3,2,2,2
India,"Uttar Pradesh",Firozabad,"Nagla Bhau, Firozabad - UPPCB","21-09-2026 11:00:00",27.168897,78.37696,OZONE,5,12,9
India,"Uttar Pradesh",Firozabad,"Vibhab Nagar, Firozabad - UPPCB","21-09-2026 11:00:00",27.1594,78.3953,NH3,6,7,7
India,"Uttar Pradesh",Gajraula,"Rajanpur, Gajraula - UPPCB","21-09-2026 11:00:00",28.829109,78.248796,NH3,0,8,3
India,"Uttar Pradesh",Gajraula,"Rajanpur, Gajraula - UPPCB","21-09-2026 11:00:00",28.829109,78.248796,OZONE,0,22,6
India,"Uttar Pradesh",Ghaziabad,"Govindpuram, Ghaziabad - UPPCB","21-09-2026 11:00:00",28.694528,77.494705,PM10,6,32,19
India,"Uttar Pradesh",Ghaziabad,"Govindpuram, Ghaziabad - UPPCB","21-09-2026 11:00:00",28.694528,77.494705,NO2,37,77,56
India,"Uttar Pradesh",Ghaziabad,"Govindpuram, Ghaziabad - UPPCB","21-09-2026 11:00:00",28.694528,77.494705,NH3,0,4,1
India,"Uttar Pradesh",Ghaziabad,"Govindpuram, Ghaziabad - UPPCB","21-09-2026 11:00:00",28.694528,77.494705,SO2,11,38,23
India,"Uttar Pradesh",Ghaziabad,"Govindpuram, Ghaziabad - UPPCB","21-09-2026 11:00:00",28.694528,77.494705,CO,30,52,41
India,"Uttar Pradesh",Ghaziabad,"Ved Vihar-Loni, Ghaziabad - UPPCB","21-09-2026 11:00:00",28.739153,77.273668,PM2.5,103,207,151
India,"Uttar Pradesh",Ghaziabad,"Loni, Ghaziabad - UPPCB","21-09-2026 11:00:00",28.757294,77.278792,PM2.5,NA,NA,NA
India,"Uttar Pradesh",Ghaziabad,"Loni, Ghaziabad - UPPCB","21-09-2026 11:00:00",28.757294,77.278792,NO2,23,56,42
India,"Uttar Pradesh",Ghaziabad,"Vasundhara, Ghaziabad - UPPCB","21-09-2026 11:00:00",28.6603346,77.3572563,PM10,125,216,166
India,"Uttar Pradesh",Ghaziabad,"Sanjay Nagar, Ghaziabad - UPPCB","21-09-2026 11:00:00",28.685382,77.453839,NO2,15,83,43
India,"Uttar Pradesh",Ghaziabad,"Sanjay Nagar, Ghaziabad - UPPCB","21-09-2026 11:00:00",28.685382,77.453839,CO,10,59,39
India,"Uttar Pradesh",Gorakhpur,"Madan Mohan Malaviya University of Technology, Gorakhpur - UPPCB","21-09-2026 11:00:00",26.730136,83.433859,PM2.5,65,260,112
India,"Uttar Pradesh",Gorakhpur,"Madan Mohan Malaviya University of Technology, Gorakhpur - UPPCB","21-09-2026 11:00:00",26.730136,83.433859,OZONE,2,14,6
India,Uttarakhand,Dehradun,"Doon University, Dehradun - UKPCB","21-09-2026 11:00:00",30.269444,78.044167,SO2,0,1,1
India,Uttarakhand,Kashipur,"Govt. Girls Inter College, Kashipur - UKPCB","21-09-2026 11:00:00",29.2124114,78.9611753,NH3,NA,NA,NA
India,Uttarakhand,Kashipur,"Govt. Girls Inter College, Kashipur - UKPCB","21-09-2026 11:00:00",29.2124114,78.9611753,CO,20,20,20
India,Uttarakhand,Rishikesh,"Shivaji Nagar, Rishikesh - UKPCB","21-09-2026 11:00:00",30.075911,78.2859547,PM10,21,21,21
India,Uttarakhand,Rishikesh,"Shivaji Nagar, Rishikesh - UKPCB","21-09-2026 11:00:00",30.075911,78.2859547,NH3,2,2,2
India,"West Bengal",Asansol,"Asansol Court Area, Asansol - WBPCB","21-09-2026 11:00:00",23.685297,86.945968,NO2,21,33,25
India,"West Bengal",Asansol,"Asansol Court Area, Asansol - WBPCB","21-09-2026 11:00:00",23.685297,86.945968,OZONE,17,26,21
India,"West Bengal",Asansol,"Mahabir Colliery, Asansol - WBPCB","21-09-2026 11:00:00",23.618183,87.105718,OZONE,9,13,10
India,"West Bengal",Asansol,"Trivenidevi Bhalotia College, Asansol - WBPCB","21-09-2026 11:00:00",23.616515,87.119133,CO,27,56,39
India,"West Bengal",Barrackpore,"SVSPA Campus, Barrackpore - WBPCB","21-09-2026 11:00:00",22.7605581,88.3617589,NH3,5,7,6
India,"West Bengal",Durgapur,"PCBL Residential Complex, Durgapur - WBPCB","21-09-2026 11:00:00",23.508764,87.35444,PM2.5,11,311,78
India,"West Bengal",Durgapur,"PCBL Residential Complex, Durgapur - WBPCB","21-09-2026 11:00:00",23.508764,87.35444,NH3,1,24,13
India,"West Bengal",Durgapur,"PCBL Residential Complex, Durgapur - WBPCB","21-09-2026 11:00:00",23.508764,87.35444,CO,36,45,41
India,"West Bengal",Durgapur,"Mahishkapur Road_B-Zone, Durgapur - WBPCB","21-09-2026 11:00:00",23.567923,87.306843,PM2.5,11,44,24
India,"West Bengal",Haldia,"Priyambada Housing Estate, Haldia - WBPCB","21-09-2026 11:00:00",22.06047,88.109737,NH3,7,11,10
India,"Uttar Pradesh",Moradabad,"Kashiram Nagar, Moradabad - UPPCB","21-09-2026 11:00:00",28.849399,78.742362,OZONE,14,21,16
India,"Uttar Pradesh",Moradabad,"Employment Office, Moradabad - UPPCB","21-09-2026 11:00:00",28.88528,78.7388,PM2.5,53,95,78
India,"Uttar Pradesh",Moradabad,"Buddhi Vihar, Moradabad - UPPCB","21-09-2026 11:00:00",28.83526,78.7446,PM2.5,35,101,72
India,"Uttar Pradesh",Moradabad,"Jigar Colony, Moradabad - UPPCB","21-09-2026 11:00:00",28.856664,78.772638,PM10,61,108,84
India,"Uttar Pradesh",Muzaffarnagar,"New Mandi, Muzaffarnagar - UPPCB","21-09-2026 11:00:00",29.4723508,77.7194031,PM10,106,219,147
India,"Uttar Pradesh",Muzaffarnagar,"New Mandi, Muzaffarnagar - UPPCB","21-09-2026 11:00:00",29.4723508,77.7194031,NH3,1,4,3
India,"Uttar Pradesh",Muzaffarnagar,"New Mandi, Muzaffarnagar - UPPCB","21-09-2026 11:00:00",29.4723508,77.7194031,SO2,3,43,15
India,"Uttar Pradesh",Muzaffarnagar,"New Mandi, Muzaffarnagar - UPPCB","21-09-2026 11:00:00",29.4723508,77.7194031,CO,25,38,31
India,"Uttar Pradesh",Noida,"Sector - 62, Noida - IITM","21-09-2026 11:00:00",28.6245479,77.3577104,NO2,0,19,6
India,"Uttar Pradesh",Noida,"Sector - 62, Noida - IITM","21-09-2026 11:00:00",28.6245479,77.3577104,SO2,NA,NA,NA
India,"Uttar Pradesh",Noida,"Sector - 62, Noida - IITM","21-09-2026 11:00:00",28.6245479,77.3577104,CO,26,36,31
India,"Uttar Pradesh",Noida,"Sector - 125, Noida - UPPCB","21-09-2026 11:00:00",28.5447608,77.3231257,SO2,6,12,9
India,"Uttar Pradesh",Noida,"Sector-1, Noida - UPPCB","21-09-2026 11:00:00",28.5898,77.3101,PM10,134,244,181
India,"Uttar Pradesh",Noida,"Sector-1, Noida - UPPCB","21-09-2026 11:00:00",28.5898,77.3101,NO2,19,79,47
India,"Uttar Pradesh",Noida,"Sector-1, Noida - UPPCB","21-09-2026 11:00:00",28.5898,77.3101,SO2,6,9,8
India,"Uttar Pradesh",Noida,"Sector-1, Noida - UPPCB","21-09-2026 11:00:00",28.5898,77.3101,CO,61,75,68
India,"Uttar Pradesh",Noida,"Sector-116, Noida - UPPCB","21-09-2026 11:00:00",28.56923,77.393848,NH3,11,17,14
India,"West Bengal",Howrah,"Ghusuri, Howrah - WBPCB","21-09-2026 11:00:00",22.611968,88.347422,NO2,21,37,26
India,"West Bengal",Howrah,"Ghusuri, Howrah - WBPCB","21-09-2026 11:00:00",22.611968,88.347422,SO2,4,11,8
India,"West Bengal",Howrah,"Belur Math, Howrah - WBPCB","21-09-2026 11:00:00",22.629801,88.352017,CO,14,21,19
India,"West Bengal",Howrah,"Dasnagar, Howrah - WBPCB","21-09-2026 11:00:00",22.6025571,88.3105664,PM2.5,19,96,45
India,"West Bengal",Howrah,"Padmapukur, Howrah - WBPCB","21-09-2026 11:00:00",22.5687319,88.2797276,PM10,26,69,45
India,"West Bengal",Howrah,"Botanical Garden, Howrah - WBPCB","21-09-2026 11:00:00",22.554954,88.292568,PM10,30,116,52
India,"West Bengal",Howrah,"Botanical Garden, Howrah - WBPCB","21-09-2026 11:00:00",22.554954,88.292568,NO2,6,18,13
India,"West Bengal",Kolkata,"Fort William, Kolkata - WBPCB","21-09-2026 11:00:00",22.55664,88.342674,PM10,24,52,40
India,"West Bengal",Kolkata,"Fort William, Kolkata - WBPCB","21-09-2026 11:00:00",22.55664,88.342674,NO2,14,23,17
India,"West Bengal",Kolkata,"Fort William, Kolkata - WBPCB","21-09-2026 11:00:00",22.55664,88.342674,SO2,5,10,7
India,"West Bengal",Kolkata,"Jadavpur, Kolkata - WBPCB","21-09-2026 11:00:00",22.49929,88.36917,PM10,25,65,39
India,"West Bengal",Kolkata,"Jadavpur, Kolkata - WBPCB","21-09-2026 11:00:00",22.49929,88.36917,NH3,11,13,12
India,"West Bengal",Kolkata,"Jadavpur, Kolkata - WBPCB","21-09-2026 11:00:00",22.49929,88.36917,CO,NA,NA,NA
India,"West Bengal",Kolkata,"Ballygunge, Kolkata - WBPCB","21-09-2026 11:00:00",22.5367507,88.3638022,PM10,25,48,37
India,"West Bengal",Kolkata,"Rabindra Sarobar, Kolkata - WBPCB","21-09-2026 11:00:00",22.51106,88.35142,PM2.5,17,23,19
India,"West Bengal",Kolkata,"Rabindra Sarobar, Kolkata - WBPCB","21-09-2026 11:00:00",22.51106,88.35142,PM10,20,29,24
India,"West Bengal",Kolkata,"Rabindra Sarobar, Kolkata - WBPCB","21-09-2026 11:00:00",22.51106,88.35142,CO,27,32,28
India,"Uttar Pradesh",Agra,"Sector-3B Avas Vikas Colony, Agra - UPPCB","21-09-2026 11:00:00",27.19412,77.96237,SO2,26,27,26
India,"Uttar Pradesh",Agra,"Rohta, Agra - UPPCB","21-09-2026 11:00:00",27.106972,78.000111,SO2,14,23,17
India,"Uttar Pradesh",Agra,"Shahjahan Garden, Agra - UPPCB","21-09-2026 11:00:00",27.169338,78.03582,PM2.5,24,36,30
India,"Uttar Pradesh",Agra,"Shahjahan Garden, Agra - UPPCB","21-09-2026 11:00:00",27.169338,78.03582,SO2,69,84,77
India,"Uttar Pradesh",Baghpat,"Sardar Patel Inter College, Baghpat - UPPCB","21-09-2026 11:00:00",28.964949,77.278761,NH3,2,3,2
India,"Uttar Pradesh",Baghpat,"Sardar Patel Inter College, Baghpat - UPPCB","21-09-2026 11:00:00",28.964949,77.278761,CO,24,28,26
India,"Uttar Pradesh",Baraut,"Nagar Palika Parishad, Baraut - UPPCB","21-09-2026 11:00:00",29.09956,77.26235,PM10,125,175,150
India,"Uttar Pradesh",Baraut,"Nagar Palika Parishad, Baraut - UPPCB","21-09-2026 11:00:00",29.09956,77.26235,NO2,10,27,18
India,"Uttar Pradesh",Bareilly,"Rajendra Nagar, Bareilly - UPPCB","21-09-2026 11:00:00",28.38910936,79.42963708,NH3,1,1,1
India,"Uttar Pradesh",Bareilly,"Civil Lines, Bareilly - UPPCB","21-09-2026 11:00:00",28.359581,79.414455,CO,39,61,48
India,"Uttar Pradesh",Bulandshahr,"Yamunapuram, Bulandshahr - UPPCB","21-09-2026 11:00:00",28.406963,77.849831,PM2.5,67,200,108
India,"Uttar Pradesh",Bulandshahr,"Yamunapuram, Bulandshahr - UPPCB","21-09-2026 11:00:00",28.406963,77.849831,NH3,5,8,6
India,"Uttar Pradesh",Hapur,"Anand Vihar, Hapur - UPPCB","21-09-2026 11:00:00",28.725645,77.749675,OZONE,16,16,16
India,"Uttar Pradesh",Kanpur,"FTI Kidwai Nagar, Kanpur - UPPCB","21-09-2026 11:00:00",26.428282,80.327067,NO2,27,27,27
India,"Uttar Pradesh",Kanpur,"NSI Kalyanpur, Kanpur - UPPCB","21-09-2026 11:00:00",26.509954,80.249612,PM2.5,41,97,67
India,"Uttar Pradesh",Kanpur,"Nehru Nagar, Kanpur - UPPCB","21-09-2026 11:00:00",26.4703136,80.3229863,PM2.5,48,242,88
India,"Uttar Pradesh",Kanpur,"Nehru Nagar, Kanpur - UPPCB","21-09-2026 11:00:00",26.4703136,80.3229863,PM10,43,136,73
India,"Uttar Pradesh",Kanpur,"Nehru Nagar, Kanpur - UPPCB","21-09-2026 11:00:00",26.4703136,80.3229863,OZONE,2,45,17
India,"Uttar Pradesh",Khora,"Prashant Garden, Khora - UPPCB","21-09-2026 11:00:00",28.61119,77.34206,PM10,127,175,146
India,"Uttar Pradesh",Khora,"Prashant Garden, Khora - UPPCB","21-09-2026 11:00:00",28.61119,77.34206,NO2,22,53,35
India,"Uttar Pradesh",Khurja,"Kalindi Kunj, Khurja - UPPCB","21-09-2026 11:00:00",28.2348927,77.8683002,PM2.5,47,169,91
India,"Uttar Pradesh",Lucknow,"Kendriya Vidyalaya, Lucknow - CPCB","21-09-2026 11:00:00",26.906111,80.948222,PM2.5,42,86,71
India,"West Bengal",Kolkata,"Bidhannagar, Kolkata - WBPCB","21-09-2026 11:00:00",22.58157048,88.41002457,CO,31,33,33
India,Bihar,Patna,"IGSC Planetarium Complex, Patna - BSPCB","21-09-2026 11:00:00",25.610369,85.132568,OZONE,52,84,67
India,Bihar,Patna,"Rajbansi Nagar, Patna - BSPCB","21-09-2026 11:00:00",25.599486,85.113666,PM10,28,46,37
India,Bihar,Purnia,"Mariam Nagar, Purnia - BSPCB","21-09-2026 11:00:00",25.366336,87.117468,NH3,4,4,4
India,Bihar,Purnia,"Mariam Nagar, Purnia - BSPCB","21-09-2026 11:00:00",25.366336,87.117468,CO,29,57,53
India,Bihar,Purnia,"Mariam Nagar, Purnia - BSPCB","21-09-2026 11:00:00",25.366336,87.117468,OZONE,11,39,23
India,Bihar,Rajgir,"Dangi Tola, Rajgir - BSPCB","21-09-2026 11:00:00",25.0328,85.41948,NH3,3,3,3
India,Bihar,Saharsa,"Police Line, Saharsa - BSPCB","21-09-2026 11:00:00",25.892357,86.590325,PM2.5,47,147,63
India,Bihar,Samastipur,"DM Office_Kasipur, Samastipur - BSPCB","21-09-2026 11:00:00",25.859655,85.77944,SO2,NA,NA,NA
India,Bihar,Samastipur,"DM Office_Kasipur, Samastipur - BSPCB","21-09-2026 11:00:00",25.859655,85.77944,CO,NA,NA,NA
India,Bihar,Sasaram,"Dada Peer, Sasaram - BSPCB","21-09-2026 11:00:00",24.952822,84.002396,PM10,7,51,20
India,Bihar,Sasaram,"Dada Peer, Sasaram - BSPCB","21-09-2026 11:00:00",24.952822,84.002396,SO2,5,11,7
India,Bihar,Sasaram,"Dada Peer, Sasaram - BSPCB","21-09-2026 11:00:00",24.952822,84.002396,OZONE,NA,NA,NA
India,Chandigarh,Chandigarh,"Sector-25, Chandigarh - CPCC","21-09-2026 11:00:00",30.751462,76.762879,SO2,NA,NA,NA
India,Chandigarh,Chandigarh,"Sector 22, Chandigarh - CPCC","21-09-2026 11:00:00",30.735567,76.775714,SO2,3,7,5
India,Chandigarh,Chandigarh,"Sector 22, Chandigarh - CPCC","21-09-2026 11:00:00",30.735567,76.775714,CO,32,34,33
India,Bihar,Bhagalpur,"DM Office_Kachari Chowk, Bhagalpur - BSPCB","21-09-2026 11:00:00",25.251013,86.989001,NO2,20,23,21
India,Bihar,Bhagalpur,"DM Office_Kachari Chowk, Bhagalpur - BSPCB","21-09-2026 11:00:00",25.251013,86.989001,CO,28,30,29
India,Bihar,Bhagalpur,"Mayaganj, Bhagalpur - BSPCB","21-09-2026 11:00:00",25.265194,87.012947,PM10,21,90,38
India,Bihar,Bhagalpur,"Mayaganj, Bhagalpur - BSPCB","21-09-2026 11:00:00",25.265194,87.012947,OZONE,10,32,19
India,Bihar,"Bihar Sharif","D M Colony, Bihar Sharif - BSPCB","21-09-2026 11:00:00",25.204762,85.51496,PM10,NA,NA,NA
India,Bihar,Gaya,"Kareemganj, Gaya - BSPCB","21-09-2026 11:00:00",24.792403,84.992416,PM10,32,254,90
India,Bihar,Gaya,"Kareemganj, Gaya - BSPCB","21-09-2026 11:00:00",24.792403,84.992416,NH3,0,2,1
India,Bihar,Gaya,"SFTI Kusdihra, Gaya - BSPCB","21-09-2026 11:00:00",24.762518,84.982348,PM2.5,35,67,50
India,Bihar,Gaya,"SFTI Kusdihra, Gaya - BSPCB","21-09-2026 11:00:00",24.762518,84.982348,OZONE,10,36,17
India,Bihar,Hajipur,"Industrial Area, Hajipur - BSPCB","21-09-2026 11:00:00",25.697189,85.2459,PM2.5,27,84,51
India,Bihar,Hajipur,"Industrial Area, Hajipur - BSPCB","21-09-2026 11:00:00",25.697189,85.2459,CO,20,34,29
India,Bihar,Katihar,"Mirchaibari, Katihar - BSPCB","21-09-2026 11:00:00",25.560083,87.553265,NH3,1,1,1
India,Bihar,Kishanganj,"SDM Office_Khagra, Kishanganj - BSPCB","21-09-2026 11:00:00",26.0881305,87.93840336,PM2.5,30,53,39
India,Chhattisgarh,Bhilai,"Hathkhoj, Bhilai - CECB","21-09-2026 11:00:00",21.224231,81.40835,CO,10,25,17
India,Chhattisgarh,Bhilai,"Civic Center, Bhilai - Bhilai Steel Plant","21-09-2026 11:00:00",21.185571,81.343175,PM10,20,50,33
India,Chhattisgarh,Bhilai,"Civic Center, Bhilai - Bhilai Steel Plant","21-09-2026 11:00:00",21.185571,81.343175,NO2,15,16,15
India,Chhattisgarh,Bhilai,"Civic Center, Bhilai - Bhilai Steel Plant","21-09-2026 11:00:00",21.185571,81.343175,CO,20,21,20
India,Chhattisgarh,Bhilai,"32Bungalows, Bhilai - CECB","21-09-2026 11:00:00",21.194815,81.31477,PM2.5,19,49,30
India,Chhattisgarh,Bhilai,"32Bungalows, Bhilai - CECB","21-09-2026 11:00:00",21.194815,81.31477,OZONE,9,26,13
India,Chhattisgarh,Bilaspur,"Mangala, Bilaspur - NTPC","21-09-2026 11:00:00",22.08815,82.13737,OZONE,NA,NA,NA
India,Chhattisgarh,Korba,"Urja Nagar, Korba - CECB","21-09-2026 11:00:00",22.348441,82.549611,PM2.5,18,41,26
India,Chhattisgarh,Korba,"Urja Nagar, Korba - CECB","21-09-2026 11:00:00",22.348441,82.549611,CO,17,19,18
India,Chhattisgarh,Korba,"Rampur, Korba - CECB","21-09-2026 11:00:00",22.368195,82.746431,CO,8,19,12
India,Chhattisgarh,Kunjemura,"OP Jindal School, Kunjemura - CECB","21-09-2026 11:00:00",22.12665,83.483212,NH3,2,2,2
India,Chhattisgarh,Raipur,"Krishak Nagar, Raipur - CECB","21-09-2026 11:00:00",21.237755,81.705301,SO2,10,14,12
India,"Andhra Pradesh",Rajamahendravaram,"Anand Kala Kshetram, Rajamahendravaram - APPCB","21-09-2026 11:00:00",16.9872867,81.7363176,PM2.5,NA,NA,NA
India,"Andhra Pradesh",Rajamahendravaram,"Anand Kala Kshetram, Rajamahendravaram - APPCB","21-09-2026 11:00:00",16.9872867,81.7363176,NO2,4,13,8
India,"Andhra Pradesh",Tirumala,"Toll Gate, Tirumala - APPCB","21-09-2026 11:00:00",13.67,79.35,OZONE,22,41,32
India,"Andhra Pradesh",Tirupati,"Vaikuntapuram, Tirupati - APPCB","21-09-2026 11:00:00",13.615387,79.40923,OZONE,32,43,34
India,"Andhra Pradesh",Vijayawada,"Rajiv Nagar, Vijayawada - APPCB","21-09-2026 11:00:00",16.554731,80.64911,PM2.5,44,65,54
India,"Andhra Pradesh",Visakhapatnam,"GVM Corporation, Visakhapatnam - APPCB","21-09-2026 11:00:00",17.72,83.3,NH3,2,3,2
India,"Andhra Pradesh",Visakhapatnam,"GVM Corporation, Visakhapatnam - APPCB","21-09-2026 11:00:00",17.72,83.3,CO,4,60,21
India,Assam,Byrnihat,"Central Academy for SFS, Byrnihat - PCBA","21-09-2026 11:00:00",26.071318,91.87488,PM2.5,73,90,81
India,Assam,Byrnihat,"Central Academy for SFS, Byrnihat - PCBA","21-09-2026 11:00:00",26.071318,91.87488,PM10,68,83,75
India,Assam,Byrnihat,"Central Academy for SFS, Byrnihat - PCBA","21-09-2026 11:00:00",26.071318,91.87488,NO2,6,9,8
India,Assam,Guwahati,"LGBI Airport, Guwahati - PCBA","21-09-2026 11:00:00",26.10887,91.589544,NO2,12,143,20
India,Assam,Nagaon,"Christianpatty, Nagaon - PCBA","21-09-2026 11:00:00",26.349082,92.68449,NO2,1,1,1
India,Assam,Nagaon,"Christianpatty, Nagaon - PCBA","21-09-2026 11:00:00",26.349082,92.68449,CO,16,22,20
India,Assam,Nalbari,"Bata Chowk, Nalbari - PCBA","21-09-2026 11:00:00",26.446912,91.439057,PM10,50,72,61
India,Assam,Nalbari,"Bata Chowk, Nalbari - PCBA","21-09-2026 11:00:00",26.446912,91.439057,NO2,14,16,15
India,Assam,Nalbari,"Bata Chowk, Nalbari - PCBA","21-09-2026 11:00:00",26.446912,91.439057,NH3,6,7,6
India,Assam,Nalbari,"Bata Chowk, Nalbari - PCBA","21-09-2026 11:00:00",26.446912,91.439057,SO2,8,8,8
India,Assam,Silchar,"Tarapur, Silchar - PCBA","21-09-2026 11:00:00",24.82827,92.79525,NO2,15,16,15
India,Assam,Sivasagar,"Girls College, Sivasagar - PCBA","21-09-2026 11:00:00",26.987634,94.636574,PM10,30,42,33
India,Assam,Sivasagar,"Girls College, Sivasagar - PCBA","21-09-2026 11:00:00",26.987634,94.636574,SO2,7,8,7
India,Bihar,Araria,"Kharahiya Basti, Araria - BSPCB","21-09-2026 11:00:00",26.146529,87.454184,NO2,8,20,14
India,Bihar,Araria,"Kharahiya Basti, Araria - BSPCB","21-09-2026 11:00:00",26.146529,87.454184,NH3,4,5,4
India,Bihar,Manguraha,"Forest Rest House, Manguraha - BSPCB","21-09-2026 11:00:00",27.308328,84.531742,CO,7,7,7
India,Bihar,Munger,"Town Hall, Munger - BSPCB","21-09-2026 11:00:00",25.376776,86.471523,NO2,11,12,12
India,Bihar,Munger,"Town Hall, Munger - BSPCB","21-09-2026 11:00:00",25.376776,86.471523,OZONE,14,15,14
India,Bihar,Muzaffarpur,"MIT-Daudpur Kothi, Muzaffarpur - BSPCB","21-09-2026 11:00:00",26.1403345,85.3650192,PM10,23,53,32
India,Bihar,Patna,"Samanpura, Patna - BSPCB","21-09-2026 11:00:00",25.596727,85.085624,PM2.5,35,76,55
India,Bihar,Patna,"Samanpura, Patna - BSPCB","21-09-2026 11:00:00",25.596727,85.085624,NH3,4,5,5
India,Bihar,Patna,"DRM Office Danapur, Patna - BSPCB","21-09-2026 11:00:00",25.586562,85.043586,PM10,20,47,33
India,Bihar,Patna,"DRM Office Danapur, Patna - BSPCB","21-09-2026 11:00:00",25.586562,85.043586,NH3,9,9,9
India,Bihar,Patna,"IGSC Planetarium Complex, Patna - BSPCB","21-09-2026 11:00:00",25.610369,85.132568,NO2,5,9,6
India,Bihar,Patna,"IGSC Planetarium Complex, Patna - BSPCB","21-09-2026 11:00:00",25.610369,85.132568,NH3,NA,NA,NA
India,"Andhra Pradesh",Chittoor,"Gangineni Cheruvu, Chittoor - APPCB","21-09-2026 11:00:00",13.20488,79.097889,OZONE,26,27,27
India,"Andhra Pradesh",Guntur,"Rajendra Nagar North, Guntur - APPCB","21-09-2026 11:00:00",16.316553,80.413302,PM2.5,39,135,55
India,"Andhra Pradesh",Kakinada,"Rama Rao Peta, Kakinada - APPCB","21-09-2026 11:00:00",16.962488,82.229513,SO2,10,14,11
India,"Andhra Pradesh",Kurnool,"Sita Rama Nagar, Kurnool - APPCB","21-09-2026 11:00:00",15.83411,78.028546,NO2,26,37,30
India,"Andhra Pradesh",Machilipatnam,"Srinivas Nagar Colony, Machilipatnam - APPCB","21-09-2026 11:00:00",16.186555,81.13219,SO2,3,11,10
India,"Andhra Pradesh",Machilipatnam,"Srinivas Nagar Colony, Machilipatnam - APPCB","21-09-2026 11:00:00",16.186555,81.13219,CO,19,26,24
India,"Andhra Pradesh",Nellore,"Ambedkar Nagar, Nellore - APPCB ","21-09-2026 11:00:00",14.438164,79.966814,NH3,5,6,6
India,Delhi,Delhi,"Major Dhyan Chand National Stadium, Delhi - DPCC","21-09-2026 11:00:00",28.611281,77.237738,NO2,20,110,57
India,Delhi,Delhi,"Sonia Vihar, Delhi - DPCC","21-09-2026 11:00:00",28.710508,77.249485,PM2.5,83,314,184
India,Delhi,Delhi,"Bawana, Delhi - DPCC","21-09-2026 11:00:00",28.7762,77.051074,PM10,111,230,163
India,Delhi,Delhi,"Rohini, Delhi - DPCC","21-09-2026 11:00:00",28.732528,77.11992,CO,43,82,56
India,Delhi,Delhi,"Vivek Vihar, Delhi - DPCC","21-09-2026 11:00:00",28.672342,77.31526,PM2.5,72,262,139
India,Delhi,Delhi,"Wazirpur, Delhi - DPCC","21-09-2026 11:00:00",28.699793,77.165453,NO2,33,65,49
India,Delhi,Delhi,"Cantonment Area, Delhi - DPCC","21-09-2026 11:00:00",28.594169,77.1251,PM10,22,130,80
India,Delhi,Delhi,"Cantonment Area, Delhi - DPCC","21-09-2026 11:00:00",28.594169,77.1251,SO2,3,6,5
India,Chhattisgarh,Raipur,"AIIMS, Raipur - CECB","21-09-2026 11:00:00",21.258815,81.578979,SO2,4,5,5
India,Chhattisgarh,Tumidih,"OP Jindal Industrial Park, Tumidih - CECB","21-09-2026 11:00:00",22.06631475,83.33820077,PM2.5,22,53,37
India,Gujarat,Ahmedabad,"SAC ISRO Bopal, Ahmedabad - IITM","21-09-2026 11:00:00",23.041137,72.456691,NH3,3,3,3
India,Gujarat,Ahmedabad,"SAC ISRO Bopal, Ahmedabad - IITM","21-09-2026 11:00:00",23.041137,72.456691,CO,21,52,37
India,Gujarat,Ankleshwar,"GIDC, Ankleshwar - GPCB","21-09-2026 11:00:00",21.613267,73.010555,PM10,81,117,99
India,Gujarat,Bhavnagar,"Vidhyanagar, Bhavnagar - Nexteng Enviro","21-09-2026 11:00:00",21.755417,72.139056,OZONE,1,12,7
India,Gujarat,Gandhinagar,"Sector-10, Gandhinagar - GPCB","21-09-2026 11:00:00",23.221714,72.654328,PM2.5,23,72,47
India,Gujarat,Gandhinagar,"Sector-10, Gandhinagar - GPCB","21-09-2026 11:00:00",23.221714,72.654328,PM10,34,78,57
India,Gujarat,Gandhinagar,"Sector-10, Gandhinagar - GPCB","21-09-2026 11:00:00",23.221714,72.654328,NO2,7,9,8
India,Gujarat,Gandhinagar,"Sector-10, Gandhinagar - GPCB","21-09-2026 11:00:00",23.221714,72.654328,SO2,5,6,5
India,Gujarat,Gandhinagar,"GIFT City, Gandhinagar - IITM","21-09-2026 11:00:00",23.163798,72.677768,PM10,47,117,76
India,Gujarat,Gandhinagar,"GIFT City, Gandhinagar - IITM","21-09-2026 11:00:00",23.163798,72.677768,NH3,3,6,4
India,Gujarat,Gandhinagar,"GIFT City, Gandhinagar - IITM","21-09-2026 11:00:00",23.163798,72.677768,OZONE,5,12,7
India,Gujarat,Mehsana,"Sadanand Nagar, Mehsana - Nexteng Enviro","21-09-2026 11:00:00",23.59315,72.372792,NO2,6,8,7
India,Gujarat,Nandesari,"GIDC, Nandesari - Nandesari Ind. Association","21-09-2026 11:00:00",22.410802,73.097923,NH3,NA,NA,NA
India,Gujarat,Nandesari,"GIDC, Nandesari - Nandesari Ind. Association","21-09-2026 11:00:00",22.410802,73.097923,SO2,NA,NA,NA
India,Gujarat,Rajkot,"Mavdi, Rajkot - Nexteng Enviro ","21-09-2026 11:00:00",22.248853,70.776774,NO2,NA,NA,NA
India,Gujarat,Rajkot,"Mavdi, Rajkot - Nexteng Enviro ","21-09-2026 11:00:00",22.248853,70.776774,CO,28,38,33
India,Gujarat,Surat,"Science Center, Surat - SMC","21-09-2026 11:00:00",21.170046,72.795405,PM10,48,117,88
India,Delhi,Delhi,"Vivek Vihar, Delhi - DPCC","21-09-2026 11:00:00",28.672342,77.31526,NH3,6,7,7
India,Delhi,Delhi,"Vivek Vihar, Delhi - DPCC","21-09-2026 11:00:00",28.672342,77.31526,CO,66,79,72
India,Delhi,Delhi,"IHBAS, Dilshad Garden, Delhi - CPCB","21-09-2026 11:00:00",28.6811736,77.3025234,NO2,27,200,65
India,Delhi,Delhi,"IHBAS, Dilshad Garden, Delhi - CPCB","21-09-2026 11:00:00",28.6811736,77.3025234,OZONE,4,13,9
India,Delhi,Delhi,"Sri Aurobindo Marg, Delhi - DPCC","21-09-2026 11:00:00",28.531346,77.190156,PM2.5,NA,NA,NA
India,Delhi,Delhi,"Sri Aurobindo Marg, Delhi - DPCC","21-09-2026 11:00:00",28.531346,77.190156,NH3,NA,NA,NA
India,Delhi,Delhi,"Sri Aurobindo Marg, Delhi - DPCC","21-09-2026 11:00:00",28.531346,77.190156,OZONE,42,42,42
India,Delhi,Delhi,"Nehru Nagar, Delhi - DPCC","21-09-2026 11:00:00",28.56789,77.250515,SO2,5,108,14
India,Delhi,Delhi,"Jawaharlal Nehru Stadium, Delhi - DPCC","21-09-2026 11:00:00",28.58028,77.233829,SO2,16,24,19
India,Delhi,Delhi,"Mundka, Delhi - DPCC","21-09-2026 11:00:00",28.684678,77.076574,PM10,116,221,149
India,Delhi,Delhi,"NSUT Jaffarpur, Delhi - DPCC","21-09-2026 11:00:00",28.594004,76.909423,CO,46,59,56
India,Delhi,Delhi,"Ashok Vihar, Delhi - DPCC","21-09-2026 11:00:00",28.695381,77.181665,PM2.5,73,293,126
India,Delhi,Delhi,"JNU, Delhi - DPCC","21-09-2026 11:00:00",28.540721,77.168544,NO2,16,86,45
India,Delhi,Delhi,"R K Puram, Delhi - DPCC","21-09-2026 11:00:00",28.563262,77.186937,PM2.5,68,304,185
India,Delhi,Delhi,"North Campus, DU, Delhi - IITM","21-09-2026 11:00:00",28.6573814,77.1585447,NO2,60,261,163
India,Delhi,Delhi,"Alipur, Delhi - DPCC","21-09-2026 11:00:00",28.815329,77.15301,PM10,90,346,142
India,Delhi,Delhi,"Alipur, Delhi - DPCC","21-09-2026 11:00:00",28.815329,77.15301,NO2,27,62,40
India,Delhi,Delhi,"Alipur, Delhi - DPCC","21-09-2026 11:00:00",28.815329,77.15301,NH3,4,7,5
India,Delhi,Delhi,"Alipur, Delhi - DPCC","21-09-2026 11:00:00",28.815329,77.15301,OZONE,4,19,8
India,Gujarat,Ahmedabad,"SAC ISRO Satellite, Ahmedabad - IITM","21-09-2026 11:00:00",23.023389,72.515201,PM2.5,11,64,36
India,Gujarat,Ahmedabad,"SAC ISRO Satellite, Ahmedabad - IITM","21-09-2026 11:00:00",23.023389,72.515201,NH3,2,4,3
India,Gujarat,Ahmedabad,"SVPI Airport Hansol, Ahmedabad - IITM","21-09-2026 11:00:00",23.076793,72.627874,NO2,5,51,24
India,Gujarat,Ahmedabad,"SVPI Airport Hansol, Ahmedabad - IITM","21-09-2026 11:00:00",23.076793,72.627874,NH3,2,21,7
India,Gujarat,Ahmedabad,"Raikhad, Ahmedabad - IITM","21-09-2026 11:00:00",23.020509,72.579261,NO2,8,43,21
India,Haryana,Ballabgarh,"Nathu Colony, Ballabgarh - HSPCB","21-09-2026 11:00:00",28.3419248,77.319699,CO,19,25,22
India,Haryana,Bhiwani,"H.B. Colony, Bhiwani - HSPCB","21-09-2026 11:00:00",28.806223,76.141105,PM10,81,112,96
India,Haryana,Bhiwani,"H.B. Colony, Bhiwani - HSPCB","21-09-2026 11:00:00",28.806223,76.141105,OZONE,12,21,17
India,Haryana,"Charkhi Dadri","Mini Secretariat, Charkhi Dadri - HSPCB","21-09-2026 11:00:00",28.593883,76.270653,SO2,7,9,8
India,Haryana,Dharuhera,"Municipal Corporation Office, Dharuhera -  HSPCB","21-09-2026 11:00:00",28.2068,76.7997,CO,18,23,21
India,Haryana,Faridabad,"Sector 30, Faridabad - HSPCB","21-09-2026 11:00:00",28.4417,77.3217,PM10,84,117,99
India,Haryana,Faridabad,"Sector 11, Faridabad - HSPCB","21-09-2026 11:00:00",28.376058,77.315741,PM10,64,227,149
India,Haryana,Faridabad,"Sector 11, Faridabad - HSPCB","21-09-2026 11:00:00",28.376058,77.315741,CO,57,66,64
India,Haryana,Fatehabad,"Huda Sector, Fatehabad - HSPCB","21-09-2026 11:00:00",29.503664,75.467934,SO2,NA,NA,NA
India,Haryana,Fatehabad,"Huda Sector, Fatehabad - HSPCB","21-09-2026 11:00:00",29.503664,75.467934,CO,46,53,50
India,Delhi,Delhi,"IGI Airport (T3), Delhi - IITM","21-09-2026 11:00:00",28.5627763,77.1180053,PM2.5,52,134,81
India,Delhi,Delhi,"IGI Airport (T3), Delhi - IITM","21-09-2026 11:00:00",28.5627763,77.1180053,SO2,NA,NA,NA
India,Delhi,Delhi,"NSIT Dwarka, Delhi - CPCB","21-09-2026 11:00:00",28.60909,77.0325413,PM10,53,146,99
India,Delhi,Delhi,"NSIT Dwarka, Delhi - CPCB","21-09-2026 11:00:00",28.60909,77.0325413,NO2,11,63,39
India,Delhi,Delhi,"NSIT Dwarka, Delhi - CPCB","21-09-2026 11:00:00",28.60909,77.0325413,NH3,5,13,8
India,Delhi,Delhi,"NSIT Dwarka, Delhi - CPCB","21-09-2026 11:00:00",28.60909,77.0325413,CO,32,63,45
India,Delhi,Delhi,"Aya Nagar, Delhi - IITM","21-09-2026 11:00:00",28.4706914,77.1099364,NO2,2,22,15
India,Delhi,Delhi,"Aya Nagar, Delhi - IITM","21-09-2026 11:00:00",28.4706914,77.1099364,OZONE,2,66,20
India,Delhi,Delhi,"CRRI Mathura Road, Delhi - IITM","21-09-2026 11:00:00",28.5512005,77.2735737,OZONE,11,55,23
India,Delhi,Delhi,"Burari Crossing, Delhi - IITM","21-09-2026 11:00:00",28.7256504,77.2011573,NH3,NA,NA,NA
India,Delhi,Delhi,"Burari Crossing, Delhi - IITM","21-09-2026 11:00:00",28.7256504,77.2011573,SO2,NA,NA,NA
India,Delhi,Delhi,"IMD Lodhi Road, Delhi - IITM","21-09-2026 11:00:00",28.5918245,77.2273074,PM2.5,NA,NA,NA
India,Gujarat,Surat,"Katargam, Surat - Nexteng Enviro","21-09-2026 11:00:00",21.217779,72.834787,CO,30,34,32
India,Gujarat,Vadodara,"Bapunagar, Vadodara - Nexteng Enviro","21-09-2026 11:00:00",22.320153,73.216285,SO2,8,9,9
India,Gujarat,Vapi,"Phase-1 GIDC, Vapi - GPCB","21-09-2026 11:00:00",20.362421,72.918013,PM10,54,100,73
India,Gujarat,Vapi,"Phase-1 GIDC, Vapi - GPCB","21-09-2026 11:00:00",20.362421,72.918013,NO2,21,26,22
India,Gujarat,Vapi,"Phase-1 GIDC, Vapi - GPCB","21-09-2026 11:00:00",20.362421,72.918013,NH3,3,3,3
India,Haryana,Ambala,"Patti Mehar, Ambala - HSPCB","21-09-2026 11:00:00",30.379589,76.778328,SO2,15,105,96
India,Haryana,Bahadurgarh,"Arya Nagar, Bahadurgarh - HSPCB","21-09-2026 11:00:00",28.6701,76.9254,PM10,115,168,138
India,Delhi,Delhi,"Punjabi Bagh, Delhi - DPCC","21-09-2026 11:00:00",28.674045,77.131023,PM10,120,200,159
India,Delhi,Delhi,"DTU, Delhi - CPCB","21-09-2026 11:00:00",28.7500499,77.1112615,PM2.5,58,300,161
India,Delhi,Delhi,"DTU, Delhi - CPCB","21-09-2026 11:00:00",28.7500499,77.1112615,PM10,94,188,138
India,Delhi,Delhi,"Dwarka-Sector 8, Delhi - DPCC ","21-09-2026 11:00:00",28.5710274,77.0719006,PM2.5,92,230,130
India,Delhi,Delhi,"Dwarka-Sector 8, Delhi - DPCC ","21-09-2026 11:00:00",28.5710274,77.0719006,PM10,122,309,176
India,Delhi,Delhi,"Dwarka-Sector 8, Delhi - DPCC ","21-09-2026 11:00:00",28.5710274,77.0719006,NH3,4,6,5
India,Delhi,Delhi,"Dr. Karni Singh Shooting Range, Delhi - DPCC","21-09-2026 11:00:00",28.498571,77.26484,NO2,24,67,42
India,Delhi,Delhi,"Mandir Marg, Delhi - DPCC","21-09-2026 11:00:00",28.636429,77.201067,PM2.5,32,163,96
India,Delhi,Delhi,"Sirifort, Delhi - CPCB","21-09-2026 11:00:00",28.5504249,77.2159377,PM2.5,154,324,235
India,Delhi,Delhi,"Chandni Chowk, Delhi - IITM","21-09-2026 11:00:00",28.656756,77.227234,NH3,4,9,6
India,Delhi,Delhi,"Pusa, Delhi - IITM","21-09-2026 11:00:00",28.63611,77.173332,PM2.5,64,255,165
India,Delhi,Delhi,"IIT Delhi, Delhi - IITM","21-09-2026 11:00:00",28.54246,77.191651,OZONE,21,54,29
India,"Madhya Pradesh",Sagar,"Civil Lines, Sagar - MPPCB","21-09-2026 11:00:00",23.838586,78.759431,NO2,6,20,11
India,"Madhya Pradesh",Sagar,"Civil Lines, Sagar - MPPCB","21-09-2026 11:00:00",23.838586,78.759431,SO2,6,7,7
India,"Madhya Pradesh",Ujjain,"Mahashweta Nagar, Ujjain - MPPCB","21-09-2026 11:00:00",23.1633321,75.800225,NO2,5,40,17
India,"Madhya Pradesh",Ujjain,"Mahashweta Nagar, Ujjain - MPPCB","21-09-2026 11:00:00",23.1633321,75.800225,SO2,3,5,4
India,"Madhya Pradesh",Ujjain,"Mahashweta Nagar, Ujjain - MPPCB","21-09-2026 11:00:00",23.1633321,75.800225,OZONE,25,64,42
India,Maharashtra,Ahmednagar,"Tarakpur, Ahmednagar - MPCB","21-09-2026 11:00:00",19.10122,74.73339,PM2.5,8,130,51
India,Maharashtra,Ahmednagar,"Tarakpur, Ahmednagar - MPCB","21-09-2026 11:00:00",19.10122,74.73339,PM10,25,190,61
India,Maharashtra,Ahmednagar,"Tarakpur, Ahmednagar - MPCB","21-09-2026 11:00:00",19.10122,74.73339,NO2,7,38,19
India,Maharashtra,Ahmednagar,"Tarakpur, Ahmednagar - MPCB","21-09-2026 11:00:00",19.10122,74.73339,SO2,NA,NA,NA
India,Maharashtra,Akola,"Ramdaspeth, Akola - MPCB","21-09-2026 11:00:00",20.719516,77.000253,OZONE,9,11,10
India,Maharashtra,Ambernath,"Chinchpada, Ambernath - MPCB","21-09-2026 11:00:00",19.215784,73.199781,PM10,26,177,84
India,Maharashtra,Amravati,"Shri Shivaji Science College, Amravati - MPCB","21-09-2026 11:00:00",20.939198,77.765701,PM10,25,52,41
India,Maharashtra,Amravati,"Shivneri Colony, Amravati - MPCB","21-09-2026 11:00:00",20.9402359,77.7895248,NH3,2,2,2
India,Maharashtra,Amravati,"Shivneri Colony, Amravati - MPCB","21-09-2026 11:00:00",20.9402359,77.7895248,CO,8,14,11
India,Maharashtra,Aurangabad,"MIDC Chilkalthana, Aurangabad - MPCB","21-09-2026 11:00:00",19.87562,75.38731,PM2.5,NA,NA,NA
India,Maharashtra,Aurangabad,"Rachnakar Colony, Aurangabad - MPCB","21-09-2026 11:00:00",19.863756,75.321188,PM10,28,73,57
India,Maharashtra,Aurangabad,"Rachnakar Colony, Aurangabad - MPCB","21-09-2026 11:00:00",19.863756,75.321188,SO2,1,2,1
India,Maharashtra,Aurangabad,"More Chowk Waluj, Aurangabad - MPCB","21-09-2026 11:00:00",19.8389439,75.244448,PM10,24,53,38
India,Maharashtra,Aurangabad,"More Chowk Waluj, Aurangabad - MPCB","21-09-2026 11:00:00",19.8389439,75.244448,NO2,8,12,10
India,Maharashtra,Aurangabad,"More Chowk Waluj, Aurangabad - MPCB","21-09-2026 11:00:00",19.8389439,75.244448,SO2,3,11,5
India,Karnataka,Hubballi,"Lingaraj Nagar, Hubballi - KSPCB","21-09-2026 11:00:00",15.3714823,75.1160168,CO,16,22,20
India,Karnataka,Kalaburagi,"Mahatma Basaveswar Colony, Kalaburgi - KSPCB","21-09-2026 11:00:00",17.336318,76.847397,PM2.5,11,36,26
India,Karnataka,Kalaburagi,"Mahatma Basaveswar Colony, Kalaburgi - KSPCB","21-09-2026 11:00:00",17.336318,76.847397,NO2,11,17,13
India,Karnataka,Kalaburagi,"Mahatma Basaveswar Colony, Kalaburgi - KSPCB","21-09-2026 11:00:00",17.336318,76.847397,SO2,3,4,4
India,Karnataka,Kalaburagi,"Mahatma Basaveswar Colony, Kalaburgi - KSPCB","21-09-2026 11:00:00",17.336318,76.847397,CO,29,31,30
India,Karnataka,Kalaburagi,"Mahatma Basaveswar Colony, Kalaburgi - KSPCB","21-09-2026 11:00:00",17.336318,76.847397,OZONE,13,15,14
India,Karnataka,Madikeri,"Stuart Hill, Madikeri - KSPCB","21-09-2026 11:00:00",12.415911,75.73505,SO2,7,8,7
India,Karnataka,Madikeri,"Stuart Hill, Madikeri - KSPCB","21-09-2026 11:00:00",12.415911,75.73505,OZONE,1,4,3
India,Karnataka,Mangalore,"Kadri, Mangalore - KSPCB","21-09-2026 11:00:00",12.88925,74.853,NH3,0,5,3
India,Karnataka,Mysuru,"Hebbal 1st Stage, Mysuru - KSPCB","21-09-2026 11:00:00",12.21041,76.37376,PM2.5,NA,NA,NA
India,Karnataka,Mysuru,"Hebbal 1st Stage, Mysuru - KSPCB","21-09-2026 11:00:00",12.21041,76.37376,CO,13,28,18
India,Karnataka,Mysuru,"Hebbal 1st Stage, Mysuru - KSPCB","21-09-2026 11:00:00",12.21041,76.37376,OZONE,NA,NA,NA
India,Karnataka,Ramanagara,"Vijay Nagar, Ramanagara - KSPCB","21-09-2026 11:00:00",12.733409,77.298051,NH3,NA,NA,NA
India,Karnataka,Shivamogga,"Vinoba Nagara, Shivamogga - KSPCB","21-09-2026 11:00:00",13.94,75.555917,CO,28,33,31
India,Karnataka,Udupi,"Brahmagiri, Udupi - KSPCB","21-09-2026 11:00:00",13.34194444,74.74694444,CO,26,26,26
India,Karnataka,Yadgir,"Collector Office, Yadgir - KSPCB","21-09-2026 11:00:00",16.7602,77.1428,NO2,1,2,1
India,Kerala,Kannur,"Thavakkara, Kannur - Kerala PCB","21-09-2026 11:00:00",11.875,75.3732,SO2,0,0,0
India,Kerala,Thiruvananthapuram,"Plammoodu, Thiruvananthapuram - Kerala PCB","21-09-2026 11:00:00",8.5149093,76.9435879,PM10,3,17,10
India,Kerala,Thiruvananthapuram,"Plammoodu, Thiruvananthapuram - Kerala PCB","21-09-2026 11:00:00",8.5149093,76.9435879,NH3,1,1,1
India,Kerala,Thiruvananthapuram,"Plammoodu, Thiruvananthapuram - Kerala PCB","21-09-2026 11:00:00",8.5149093,76.9435879,OZONE,12,16,15
India,Kerala,Thiruvananthapuram,"Kariavattom, Thiruvananthapuram - Kerala PCB","21-09-2026 11:00:00",8.5637,76.8865,PM2.5,47,58,54
India,Kerala,Thiruvananthapuram,"Kariavattom, Thiruvananthapuram - Kerala PCB","21-09-2026 11:00:00",8.5637,76.8865,PM10,33,82,50
India,Kerala,Thrissur,"Corporation Ground, Thrissur - Kerala PCB","21-09-2026 11:00:00",10.5324,76.2159,NH3,0,0,0
India,Kerala,Thrissur,"Corporation Ground, Thrissur - Kerala PCB","21-09-2026 11:00:00",10.5324,76.2159,CO,29,38,34
India,Ladakh,Leh,"Skara Yokma, Leh - LPCC","21-09-2026 11:00:00",34.147096,77.55709,PM2.5,5,44,19
India,Ladakh,Leh,"Skara Yokma, Leh - LPCC","21-09-2026 11:00:00",34.147096,77.55709,OZONE,12,87,33
India,"Madhya Pradesh",Bhopal,"T T Nagar, Bhopal - MPPCB","21-09-2026 11:00:00",23.233584,77.400574,PM10,27,78,48
India,"Madhya Pradesh",Bhopal,"T T Nagar, Bhopal - MPPCB","21-09-2026 11:00:00",23.233584,77.400574,NO2,12,32,18
India,"Madhya Pradesh",Bhopal,"T T Nagar, Bhopal - MPPCB","21-09-2026 11:00:00",23.233584,77.400574,NH3,5,6,6
India,"Madhya Pradesh",Bhopal,"Paryavaran Parisar, Bhopal - MPPCB","21-09-2026 11:00:00",23.210494,77.425409,OZONE,18,36,26
India,"Madhya Pradesh",Gwalior,"Maharaj Bada, Gwalior - MPPCB","21-09-2026 11:00:00",26.200388,78.147714,NO2,22,62,49
India,"Madhya Pradesh",Gwalior,"City Center, Gwalior - MPPCB","21-09-2026 11:00:00",26.203442,78.193251,PM2.5,15,74,43
India,"Madhya Pradesh",Indore,"Regional Park, Indore - IMC","21-09-2026 11:00:00",22.678,75.8559,PM2.5,2,34,15
India,"Madhya Pradesh",Indore,"Regional Park, Indore - IMC","21-09-2026 11:00:00",22.678,75.8559,NH3,NA,NA,NA
India,"Madhya Pradesh",Indore,"Regional Park, Indore - IMC","21-09-2026 11:00:00",22.678,75.8559,OZONE,4,6,5
India,Haryana,Gurugram,"NISE Gwal Pahari, Gurugram - IITM","21-09-2026 11:00:00",28.422681,77.148944,PM2.5,82,304,224
India,Haryana,Gurugram,"NISE Gwal Pahari, Gurugram - IITM","21-09-2026 11:00:00",28.422681,77.148944,SO2,NA,NA,NA
India,Haryana,Gurugram,"Vikas Sadan, Gurugram - HSPCB","21-09-2026 11:00:00",28.4501238,77.0263051,NO2,2,21,9
India,Haryana,Gurugram,"Teri Gram, Gurugram - HSPCB","21-09-2026 11:00:00",28.4275,77.1465,NO2,31,64,45
India,Haryana,Hisar,"Urban Estate-II, Hisar - HSPCB","21-09-2026 11:00:00",29.14056,75.744941,NO2,21,27,25
India,Haryana,Hisar,"Urban Estate-II, Hisar - HSPCB","21-09-2026 11:00:00",29.14056,75.744941,NH3,9,11,10
India,Haryana,Hisar,"Urban Estate-II, Hisar - HSPCB","21-09-2026 11:00:00",29.14056,75.744941,CO,9,12,10
India,Haryana,Hisar,"Urban Estate-II, Hisar - HSPCB","21-09-2026 11:00:00",29.14056,75.744941,OZONE,54,57,55
India,Haryana,Jind,"Police Lines, Jind - HSPCB","21-09-2026 11:00:00",29.307814,76.337619,PM10,83,100,92
India,Haryana,Jind,"Police Lines, Jind - HSPCB","21-09-2026 11:00:00",29.307814,76.337619,NO2,12,13,13
India,Haryana,Kaithal,"Rishi Nagar, Kaithal - HSPCB","21-09-2026 11:00:00",29.8006,76.4155,NO2,19,27,22
India,Haryana,Kaithal,"Rishi Nagar, Kaithal - HSPCB","21-09-2026 11:00:00",29.8006,76.4155,CO,14,21,18
India,Haryana,Karnal,"Sector-12, Karnal - HSPCB","21-09-2026 11:00:00",29.6953,77.0027,NO2,9,21,15
India,Haryana,Kurukshetra,"Sector-7, Kurukshetra - HSPCB","21-09-2026 11:00:00",29.966942,76.875879,PM10,96,118,103
India,Haryana,Kurukshetra,"Sector-7, Kurukshetra - HSPCB","21-09-2026 11:00:00",29.966942,76.875879,NO2,6,8,7
India,Haryana,Kurukshetra,"Sector-7, Kurukshetra - HSPCB","21-09-2026 11:00:00",29.966942,76.875879,SO2,4,10,8
India,Haryana,Narnaul,"Shastri Nagar, Narnaul - HSPCB","21-09-2026 11:00:00",28.060249,76.113115,NH3,2,3,2
India,Haryana,Narnaul,"Shastri Nagar, Narnaul - HSPCB","21-09-2026 11:00:00",28.060249,76.113115,CO,26,31,29
India,Haryana,Narnaul,"Shastri Nagar, Narnaul - HSPCB","21-09-2026 11:00:00",28.060249,76.113115,OZONE,40,46,43
India,Haryana,Palwal,"Shyam Nagar, Palwal - HSPCB","21-09-2026 11:00:00",28.1485564,77.3320667,PM2.5,35,60,41
India,Haryana,Palwal,"Shyam Nagar, Palwal - HSPCB","21-09-2026 11:00:00",28.1485564,77.3320667,CO,18,80,52
India,Haryana,Panchgaon,"Amity University, Panchgaon - IITM","21-09-2026 11:00:00",28.3153,76.9143,NO2,37,118,53
India,Haryana,Panchkula,"Sector-6, Panchkula - HSPCB ","21-09-2026 11:00:00",30.7057778,76.8531805555555,CO,18,20,19
India,Haryana,Panchkula,"Sector-6, Panchkula - HSPCB ","21-09-2026 11:00:00",30.7057778,76.8531805555555,OZONE,31,38,35
India,Haryana,Panipat,"Sector-18, Panipat - HSPCB","21-09-2026 11:00:00",29.432304,76.972765,PM2.5,35,162,41
India,Haryana,Panipat,"Sector-18, Panipat - HSPCB","21-09-2026 11:00:00",29.432304,76.972765,NO2,5,9,7
India,Haryana,Panipat,"Sector-18, Panipat - HSPCB","21-09-2026 11:00:00",29.432304,76.972765,CO,26,28,27
India,Haryana,Rohtak,"MD University, Rohtak - HSPCB","21-09-2026 11:00:00",28.52123,76.37138,NO2,8,12,10
India,Haryana,Rohtak,"MD University, Rohtak - HSPCB","21-09-2026 11:00:00",28.52123,76.37138,SO2,9,12,11
India,Haryana,Sonipat,"Murthal, Sonipat - HSPCB","21-09-2026 11:00:00",29.0272,77.0621,SO2,62,65,63
India,Karnataka,Bengaluru,"Bapuji Nagar, Bengaluru - KSPCB","21-09-2026 11:00:00",12.951913,77.539784,NO2,18,19,19
India,Karnataka,Bengaluru,"Silk Board, Bengaluru - KSPCB","21-09-2026 11:00:00",12.917348,77.622813,PM2.5,5,74,36
India,Karnataka,Bengaluru,"Silk Board, Bengaluru - KSPCB","21-09-2026 11:00:00",12.917348,77.622813,PM10,14,189,106
India,Karnataka,Bengaluru,"Silk Board, Bengaluru - KSPCB","21-09-2026 11:00:00",12.917348,77.622813,NH3,1,1,1
India,Karnataka,Chamarajanagar,"Urban, Chamarajanagar - KSPCB","21-09-2026 11:00:00",11.55358,76.55521,SO2,4,4,4
India,Karnataka,Chamarajanagar,"Urban, Chamarajanagar - KSPCB","21-09-2026 11:00:00",11.55358,76.55521,CO,22,23,23
India,Karnataka,Chikkaballapur,"Chikkaballapur Rural, Chikkaballapur - KSPCB","21-09-2026 11:00:00",13.428828,77.731418,PM10,8,53,27
India,Karnataka,Chikkaballapur,"Chikkaballapur Rural, Chikkaballapur - KSPCB","21-09-2026 11:00:00",13.428828,77.731418,NO2,2,5,3
India,Karnataka,Chikkaballapur,"Chikkaballapur Rural, Chikkaballapur - KSPCB","21-09-2026 11:00:00",13.428828,77.731418,SO2,14,21,18
India,Karnataka,Chikkaballapur,"Chikkaballapur Rural, Chikkaballapur - KSPCB","21-09-2026 11:00:00",13.428828,77.731418,CO,17,56,29
India,Karnataka,Chikkaballapur,"Chikkaballapur Rural, Chikkaballapur - KSPCB","21-09-2026 11:00:00",13.428828,77.731418,OZONE,19,19,19
India,Karnataka,Dharwad,"Kalabhavan, Dharwad - KSPCB","21-09-2026 11:00:00",15.459706,75.008381,NH3,6,7,7
India,Karnataka,Dharwad,"Kalabhavan, Dharwad - KSPCB","21-09-2026 11:00:00",15.459706,75.008381,CO,39,44,41
India,"Madhya Pradesh",Indore,"Airport Area, Indore - IMC","21-09-2026 11:00:00",22.7289,75.8076,NO2,17,107,24
India,"Madhya Pradesh",Indore,"Airport Area, Indore - IMC","21-09-2026 11:00:00",22.7289,75.8076,CO,40,42,41
India,"Madhya Pradesh",Indore,"Airport Area, Indore - IMC","21-09-2026 11:00:00",22.7289,75.8076,OZONE,3,6,5
India,"Madhya Pradesh",Indore,"Maguda Nagar, Indore - IMC","21-09-2026 11:00:00",22.7524,75.8872,SO2,14,17,15
India,"Madhya Pradesh",Jabalpur,"Govindh Bhavan Colony, Jabalpur - JMC","21-09-2026 11:00:00",23.163174,79.973061,NH3,1,6,3
India,"Madhya Pradesh",Katni,"Gole Bazar, Katni - MPPCB","21-09-2026 11:00:00",23.50016,80.23284,PM2.5,38,98,60
India,"Madhya Pradesh",Katni,"Gole Bazar, Katni - MPPCB","21-09-2026 11:00:00",23.50016,80.23284,NH3,2,2,2
India,"Madhya Pradesh",Katni,"Gole Bazar, Katni - MPPCB","21-09-2026 11:00:00",23.50016,80.23284,CO,26,34,30
India,"Madhya Pradesh",Ratlam,"Shasthri Nagar, Ratlam - IPCA Lab","21-09-2026 11:00:00",23.331731,75.045981,PM2.5,6,59,30
India,"Madhya Pradesh",Ratlam,"Shasthri Nagar, Ratlam - IPCA Lab","21-09-2026 11:00:00",23.331731,75.045981,SO2,10,13,11
India,"Jammu and Kashmir",Pampore,"Khrew, Pampore - JKPCC","21-09-2026 11:00:00",34.031606,75.009712,NH3,NA,NA,NA
India,"Jammu and Kashmir",Pampore,"Khrew, Pampore - JKPCC","21-09-2026 11:00:00",34.031606,75.009712,CO,NA,NA,NA
India,"Jammu and Kashmir",Srinagar,"Rajbagh, Srinagar - JKPCC","21-09-2026 11:00:00",34.066206,74.81982,PM10,18,100,46
India,"Jammu and Kashmir",Srinagar,"Khunmoh, Srinagar - JKPCC","21-09-2026 11:00:00",34.06313,74.96017,PM10,21,241,80
India,Jharkhand,Dhanbad,"Sardar Patel Nagar, Dhanbad - JSPCB","21-09-2026 11:00:00",23.80569,86.44268,NO2,94,112,97
India,Jharkhand,Dhanbad,"Sardar Patel Nagar, Dhanbad - JSPCB","21-09-2026 11:00:00",23.80569,86.44268,CO,2,28,15
India,Karnataka,Bengaluru,"Hebbal, Bengaluru - KSPCB","21-09-2026 11:00:00",13.029152,77.585901,SO2,3,8,4
India,Karnataka,Bengaluru,"Hombegowda Nagar, Bengaluru - KSPCB","21-09-2026 11:00:00",12.938539,77.5901,PM2.5,3,52,21
India,Karnataka,Bengaluru,"Jayanagar 5th Block, Bengaluru - KSPCB","21-09-2026 11:00:00",12.920984,77.584908,SO2,2,22,13
India,Karnataka,Bengaluru,"Jayanagar 5th Block, Bengaluru - KSPCB","21-09-2026 11:00:00",12.920984,77.584908,CO,11,21,15
India,Maharashtra,Badlapur,"Katrap, Badlapur - MPCB","21-09-2026 11:00:00",19.16485,73.23409,CO,40,51,46
India,Maharashtra,Beed,"Bir, Beed - MPCB","21-09-2026 11:00:00",18.988474,75.753873,NH3,2,4,3
India,Maharashtra,Beed,"Bir, Beed - MPCB","21-09-2026 11:00:00",18.988474,75.753873,CO,13,19,16
India,Maharashtra,Belapur,"CBD Belapur, Belapur - MPCB","21-09-2026 11:00:00",19.0243902,73.0406721,NH3,0,3,2
India,Maharashtra,Belapur,"CBD Belapur, Belapur - MPCB","21-09-2026 11:00:00",19.0243902,73.0406721,SO2,5,9,7
India,Maharashtra,Bhiwandi,"Gokul Nagar, Bhiwandi - MPCB","21-09-2026 11:00:00",19.309073,73.057223,PM10,35,55,43
India,Maharashtra,Bhiwandi,"Gokul Nagar, Bhiwandi - MPCB","21-09-2026 11:00:00",19.309073,73.057223,NO2,NA,NA,NA
India,Maharashtra,Bhiwandi,"Gokul Nagar, Bhiwandi - MPCB","21-09-2026 11:00:00",19.309073,73.057223,SO2,3,3,3
India,Maharashtra,Bhiwandi,"Gokul Nagar, Bhiwandi - MPCB","21-09-2026 11:00:00",19.309073,73.057223,CO,19,30,24
India,Maharashtra,Boisar,"Khaira, Boisar - MPCB","21-09-2026 11:00:00",19.786089,72.757971,PM2.5,32,62,46
India,Maharashtra,Chandrapur,"Chauhan Colony, Chandrapur - MPCB","21-09-2026 11:00:00",19.9629,79.298714,PM2.5,11,51,33
India,Maharashtra,Chandrapur,"MIDC Khutala, Chandrapur - MPCB","21-09-2026 11:00:00",19.9775302,79.2337086,NO2,16,30,23
India,Maharashtra,Chandrapur,"MIDC Khutala, Chandrapur - MPCB","21-09-2026 11:00:00",19.9775302,79.2337086,NH3,2,5,3
India,Maharashtra,Hingoli,"Ashta Vinayak Nagar, Hingoli - MPCB","21-09-2026 11:00:00",19.710842,77.151824,PM10,32,115,61
India,Maharashtra,Jalgaon,"Prabhat Colony, Jalgaon - MPCB","21-09-2026 11:00:00",21.001264,75.565602,PM10,42,128,68
India,Maharashtra,Jalna,"Old MIDC, Jalna - MPCB","21-09-2026 11:00:00",19.854616,75.905894,PM2.5,25,284,128
India,Maharashtra,Jalna,"Old MIDC, Jalna - MPCB","21-09-2026 11:00:00",19.854616,75.905894,NO2,10,25,19
India,Maharashtra,Jalna,"Old MIDC, Jalna - MPCB","21-09-2026 11:00:00",19.854616,75.905894,SO2,1,3,2
India,Maharashtra,Kalyan,"Pimpleshwar Mandir, Kalyan - MPCB","21-09-2026 11:00:00",19.192056,72.9585188,PM2.5,27,80,52
India,Maharashtra,Kalyan,"Pimpleshwar Mandir, Kalyan - MPCB","21-09-2026 11:00:00",19.192056,72.9585188,PM10,42,56,46
India,Maharashtra,Kalyan,"Pimpleshwar Mandir, Kalyan - MPCB","21-09-2026 11:00:00",19.192056,72.9585188,NH3,0,2,1
India,Maharashtra,Kalyan,"Pimpleshwar Mandir, Kalyan - MPCB","21-09-2026 11:00:00",19.192056,72.9585188,SO2,11,15,12
India,Maharashtra,Mumbai,"Worli, Mumbai - MPCB","21-09-2026 11:00:00",18.9936162,72.8128113,CO,32,52,44
India,Maharashtra,Mumbai,"Mazgaon, Mumbai - IITM","21-09-2026 11:00:00",18.96702,72.84214,NO2,14,27,21
India,Maharashtra,Mumbai,"Mazgaon, Mumbai - IITM","21-09-2026 11:00:00",18.96702,72.84214,NH3,5,6,5
India,Maharashtra,Mumbai,"Mazgaon, Mumbai - IITM","21-09-2026 11:00:00",18.96702,72.84214,OZONE,10,27,15
India,Maharashtra,Mumbai,"Ghatkopar, Mumbai - BMC","21-09-2026 11:00:00",19.083694,72.920967,PM10,41,72,54
India,Maharashtra,Mumbai,"Ghatkopar, Mumbai - BMC","21-09-2026 11:00:00",19.083694,72.920967,SO2,1,3,2
India,Maharashtra,Mumbai,"Powai, Mumbai - MPCB","21-09-2026 11:00:00",19.1375,72.915056,PM10,NA,NA,NA
India,Maharashtra,Mumbai,"Powai, Mumbai - MPCB","21-09-2026 11:00:00",19.1375,72.915056,NO2,6,7,6
India,Maharashtra,Mumbai,"Mindspace-Malad West, Mumbai - MPCB","21-09-2026 11:00:00",19.1878657,72.8304069,PM10,20,76,41
India,Maharashtra,Mumbai,"Chembur, Mumbai - MPCB","21-09-2026 11:00:00",19.0364585,72.8954371,PM10,38,68,52
India,Maharashtra,Mumbai,"Chembur, Mumbai - MPCB","21-09-2026 11:00:00",19.0364585,72.8954371,SO2,2,4,3
India,Maharashtra,Mumbai,"Deonar, Mumbai - IITM","21-09-2026 11:00:00",19.04946,72.923,OZONE,4,31,10
India,Maharashtra,Mumbai,"Malad West, Mumbai - IITM","21-09-2026 11:00:00",19.19709,72.82204,PM10,23,82,45
India,Maharashtra,Nagpur,"Ram Nagar, Nagpur - MPCB","21-09-2026 11:00:00",21.143383,79.048912,NH3,2,2,2
India,Maharashtra,Nagpur,"Ram Nagar, Nagpur - MPCB","21-09-2026 11:00:00",21.143383,79.048912,OZONE,12,40,26
India,Maharashtra,Nagpur,"Ambazari, Nagpur - MPCB","21-09-2026 11:00:00",21.121801,79.04952,PM10,28,58,45
India,Maharashtra,Nagpur,"Ambazari, Nagpur - MPCB","21-09-2026 11:00:00",21.121801,79.04952,NH3,1,2,2
India,Maharashtra,Nagpur,"Ambazari, Nagpur - MPCB","21-09-2026 11:00:00",21.121801,79.04952,SO2,10,13,11
India,Maharashtra,Nanded,"Sneh Nagar, Nanded - MPCB","21-09-2026 11:00:00",19.173852,77.296291,PM10,42,79,55
India,Meghalaya,Shillong,"Lumpyngngad, Shillong - Meghalaya PCB","21-09-2026 11:00:00",25.5586,91.8985,OZONE,17,24,21
India,Mizoram,Aizawl,"Sikulpuikawn, Aizawl - Mizoram PCB","21-09-2026 11:00:00",23.7176342,92.7192841,PM10,1,28,12
India,Mizoram,Aizawl,"Sikulpuikawn, Aizawl - Mizoram PCB","21-09-2026 11:00:00",23.7176342,92.7192841,CO,3,3,3
India,Nagaland,Kohima,"PWD Junction, Kohima - NPCB","21-09-2026 11:00:00",25.6635413,94.0989878,PM10,4,45,11
India,Odisha,Angul,"Hakimapada, Angul - OSPCB","21-09-2026 11:00:00",20.832874,85.104082,NO2,11,141,40
India,Odisha,Angul,"Hakimapada, Angul - OSPCB","21-09-2026 11:00:00",20.832874,85.104082,SO2,11,117,38
India,Odisha,Angul,"Hakimapada, Angul - OSPCB","21-09-2026 11:00:00",20.832874,85.104082,CO,19,119,77
India,Odisha,Balasore,"Kalidaspur, Balasore - OSPCB","21-09-2026 11:00:00",21.51161,86.89088,PM2.5,NA,NA,NA
India,Odisha,Barbil,"Forest Office, Barbil - OSPCB","21-09-2026 11:00:00",22.1166054,85.3945546,CO,14,19,17
India,Odisha,Baripada,"Meher Colony, Baripada - OSPCB","21-09-2026 11:00:00",21.941841,86.728318,PM10,4,45,24
India,Odisha,Baripada,"Meher Colony, Baripada - OSPCB","21-09-2026 11:00:00",21.941841,86.728318,NH3,0,3,2
India,Odisha,Bhubaneswar,"Lingraj Mandir, Bhubaneswar - OSPCB","21-09-2026 11:00:00",20.24079,85.836784,PM2.5,2,18,10
India,Odisha,Bhubaneswar,"Lingraj Mandir, Bhubaneswar - OSPCB","21-09-2026 11:00:00",20.24079,85.836784,PM10,6,41,24
India,Odisha,Bhubaneswar,"Lingraj Mandir, Bhubaneswar - OSPCB","21-09-2026 11:00:00",20.24079,85.836784,SO2,5,16,12
India,Odisha,Bhubaneswar,"Patia, Bhubaneswar - OSPCB","21-09-2026 11:00:00",20.34652,85.8163,PM2.5,2,22,10
India,Odisha,Brajrajnagar,"GM Office, Brajrajnagar - OSPCB","21-09-2026 11:00:00",21.8004996,83.8396977,PM2.5,9,38,22
India,Maharashtra,Nanded,"Sneh Nagar, Nanded - MPCB","21-09-2026 11:00:00",19.173852,77.296291,OZONE,7,61,25
India,Maharashtra,Nashik,"Gangapur Road, Nashik - MPCB","21-09-2026 11:00:00",20.0073285,73.7762427,PM10,42,66,55
India,Maharashtra,Nashik,"Gangapur Road, Nashik - MPCB","21-09-2026 11:00:00",20.0073285,73.7762427,NH3,3,3,3
India,Maharashtra,Nashik,"Pandav Nagari, Nashik - MPCB","21-09-2026 11:00:00",19.9591346,73.7788008,SO2,3,8,6
India,Maharashtra,Nashik,"Pandav Nagari, Nashik - MPCB","21-09-2026 11:00:00",19.9591346,73.7788008,CO,12,23,17
India,Maharashtra,Nashik,"Hirawadi, Nashik - MPCB","21-09-2026 11:00:00",20.021503,73.813844,PM2.5,45,69,58
India,Maharashtra,Nashik,"MIDC Ambad, Nashik - MPCB","21-09-2026 11:00:00",19.95022,73.73148,NH3,2,4,3
India,Maharashtra,Nashik,"MIDC Ambad, Nashik - MPCB","21-09-2026 11:00:00",19.95022,73.73148,OZONE,3,22,12
India,Maharashtra,"Navi Mumbai","Kopripada-Vashi, Navi Mumbai - MPCB","21-09-2026 11:00:00",19.090337,73.014232,CO,24,51,37
India,Maharashtra,"Navi Mumbai","Kopripada-Vashi, Navi Mumbai - MPCB","21-09-2026 11:00:00",19.090337,73.014232,OZONE,3,17,8
India,Maharashtra,"Navi Mumbai","Sector-2E Kalamboli, Navi Mumbai - MPCB","21-09-2026 11:00:00",19.02579,73.10297,CO,11,23,19
India,Maharashtra,"Navi Mumbai","Mahape, Navi Mumbai - MPCB","21-09-2026 11:00:00",19.1135051,73.008978,SO2,12,13,13
India,Maharashtra,"Navi Mumbai","Mahape, Navi Mumbai - MPCB","21-09-2026 11:00:00",19.1135051,73.008978,OZONE,7,10,9
India,Maharashtra,Parbhani,"Masoom Colony, Parbhani - MPCB","21-09-2026 11:00:00",19.265594,76.761463,PM10,68,122,87
India,Maharashtra,Parbhani,"Masoom Colony, Parbhani - MPCB","21-09-2026 11:00:00",19.265594,76.761463,SO2,0,8,4
India,Maharashtra,Kolhapur,"Sinchan Bhavan, Kolhapur - MPCB","21-09-2026 11:00:00",16.7143745,74.2426398,PM10,23,36,27
India,Maharashtra,Kolhapur,"Sinchan Bhavan, Kolhapur - MPCB","21-09-2026 11:00:00",16.7143745,74.2426398,NO2,5,30,10
India,Maharashtra,Kolhapur,"Sinchan Bhavan, Kolhapur - MPCB","21-09-2026 11:00:00",16.7143745,74.2426398,SO2,0,3,1
India,Maharashtra,Mahad,"Kamble Tarf Birwadi, Mahad - MPCB","21-09-2026 11:00:00",18.1023399,73.4783687,PM2.5,28,86,46
India,Maharashtra,Mumbai,"Sion, Mumbai - MPCB","21-09-2026 11:00:00",19.047,72.8746,PM10,NA,NA,NA
India,Maharashtra,Mumbai,"Chhatrapati Shivaji Intl. Airport (T2), Mumbai - MPCB","21-09-2026 11:00:00",19.10078,72.87462,OZONE,NA,NA,NA
India,Maharashtra,Mumbai,"Mulund West, Mumbai - MPCB","21-09-2026 11:00:00",19.175,72.9419,PM2.5,25,60,41
India,Maharashtra,Mumbai,"Mulund West, Mumbai - MPCB","21-09-2026 11:00:00",19.175,72.9419,SO2,NA,NA,NA
India,Maharashtra,Mumbai,"Bandra Kurla Complex, Mumbai - MPCB","21-09-2026 11:00:00",19.065931,72.862131,PM10,34,76,51
India,Maharashtra,Mumbai,"Bandra Kurla Complex, Mumbai - MPCB","21-09-2026 11:00:00",19.065931,72.862131,NH3,3,5,4
India,Maharashtra,Mumbai,"Shivaji Nagar, Mumbai - BMC","21-09-2026 11:00:00",19.060498,72.923356,PM2.5,19,49,37
India,Maharashtra,Mumbai,"Shivaji Nagar, Mumbai - BMC","21-09-2026 11:00:00",19.060498,72.923356,NO2,11,26,15
India,Maharashtra,Mumbai,"Sewri, Mumbai - BMC","21-09-2026 11:00:00",19.000084,72.85673,NH3,2,10,5
India,Maharashtra,Mumbai,"Khindipada-Bhandup West, Mumbai - IITM","21-09-2026 11:00:00",19.1653323,72.922099,SO2,5,16,9
India,Maharashtra,Mumbai,"Kandivali West, Mumbai - BMC","21-09-2026 11:00:00",19.215859,72.831718,NO2,7,26,12
India,Maharashtra,Mumbai,"Kandivali West, Mumbai - BMC","21-09-2026 11:00:00",19.215859,72.831718,CO,7,25,14
India,Maharashtra,Mumbai,"Chakala-Andheri East, Mumbai - IITM","21-09-2026 11:00:00",19.11074,72.86084,PM2.5,3,10,6
India,Maharashtra,Mumbai,"Kurla, Mumbai - MPCB","21-09-2026 11:00:00",19.0863,72.8888,PM2.5,25,93,46
India,Maharashtra,Mumbai,"Bandra Kurla Complex, Mumbai - IITM","21-09-2026 11:00:00",19.053536,72.84643,PM10,NA,NA,NA
India,Maharashtra,Mumbai,"Bandra Kurla Complex, Mumbai - IITM","21-09-2026 11:00:00",19.053536,72.84643,NH3,NA,NA,NA
India,Maharashtra,Mumbai,"Bandra Kurla Complex, Mumbai - IITM","21-09-2026 11:00:00",19.053536,72.84643,SO2,NA,NA,NA
India,Maharashtra,Mumbai,"Byculla, Mumbai - BMC","21-09-2026 11:00:00",18.9767,72.838,PM2.5,NA,NA,NA
India,Maharashtra,Mumbai,"Byculla, Mumbai - BMC","21-09-2026 11:00:00",18.9767,72.838,PM10,NA,NA,NA
India,Maharashtra,Mumbai,"Borivali East, Mumbai - IITM","21-09-2026 11:00:00",19.23241,72.86895,NH3,2,2,2
India,Maharashtra,Mumbai,"Borivali East, Mumbai - IITM","21-09-2026 11:00:00",19.23241,72.86895,CO,22,39,29
India,Maharashtra,Mumbai,"Siddharth Nagar-Worli, Mumbai - IITM","21-09-2026 11:00:00",19.000083,72.813993,SO2,NA,NA,NA
India,Maharashtra,Mumbai,"Worli, Mumbai - MPCB","21-09-2026 11:00:00",18.9936162,72.8128113,PM2.5,18,102,42
India,Maharashtra,Pimpri-Chinchwad,"Bhosari, Pune - IITM","21-09-2026 11:00:00",18.640051,73.848956,SO2,NA,NA,NA
India,Maharashtra,Pimpri-Chinchwad,"Bhosari, Pune - IITM","21-09-2026 11:00:00",18.640051,73.848956,OZONE,10,58,26
India,Maharashtra,Pimpri-Chinchwad,"Gavalinagar, Pimpri Chinchwad - MPCB","21-09-2026 11:00:00",18.63673,73.82487,PM2.5,25,54,41
India,Maharashtra,Pimpri-Chinchwad,"Gavalinagar, Pimpri Chinchwad - MPCB","21-09-2026 11:00:00",18.63673,73.82487,SO2,1,2,1
India,Maharashtra,Pimpri-Chinchwad,"Gavalinagar, Pimpri Chinchwad - MPCB","21-09-2026 11:00:00",18.63673,73.82487,CO,10,28,19
India,Maharashtra,Pimpri-Chinchwad,"Park Street Wakad, Pimpri Chinchwad - MPCB","21-09-2026 11:00:00",18.59051,73.77946,PM2.5,22,52,31
India,Maharashtra,Pimpri-Chinchwad,"Park Street Wakad, Pimpri Chinchwad - MPCB","21-09-2026 11:00:00",18.59051,73.77946,PM10,33,80,49
India,Maharashtra,Pimpri-Chinchwad,"Park Street Wakad, Pimpri Chinchwad - MPCB","21-09-2026 11:00:00",18.59051,73.77946,SO2,0,2,1
India,Maharashtra,Pimpri-Chinchwad,"Thergaon, Pimpri Chinchwad - MPCB","21-09-2026 11:00:00",18.616318,73.765797,OZONE,12,63,27
India,Maharashtra,Pimpri-Chinchwad,"Transport Nagar-Nigdi, Pune - IITM","21-09-2026 11:00:00",18.664282,73.763966,NH3,NA,NA,NA
India,Maharashtra,Pune,"Savitribai Phule Pune University, Pune - MPCB","21-09-2026 11:00:00",18.547056,73.826908,CO,32,37,35
India,Maharashtra,Pune,"Savitribai Phule Pune University, Pune - MPCB","21-09-2026 11:00:00",18.547056,73.826908,OZONE,4,28,13
India,Maharashtra,Pune,"Hadapsar, Pune - IITM","21-09-2026 11:00:00",18.501793,73.927532,PM2.5,NA,NA,NA
India,Maharashtra,Thane,"Kasarvadavali, Thane - MPCB","21-09-2026 11:00:00",19.26777,72.97182,PM10,62,110,88
India,Maharashtra,Thane,"Upvan Fort, Thane - MPCB","21-09-2026 11:00:00",19.222279,72.957979,PM10,38,64,49
India,Maharashtra,Thane,"Upvan Fort, Thane - MPCB","21-09-2026 11:00:00",19.222279,72.957979,NH3,1,4,2
India,Maharashtra,Ulhasnagar,"Sidhi Vinayak Nagar, Ulhasnagar - MPCB","21-09-2026 11:00:00",19.235581,73.159121,PM10,50,112,86
India,Maharashtra,Ulhasnagar,"Vithalwadi, Ulhasnagar - MPCB","21-09-2026 11:00:00",19.2307571,73.155192,NO2,6,9,7
India,Maharashtra,Virar,"Bolinj, Virar - MPCB","21-09-2026 11:00:00",19.445821,72.7988231,PM2.5,15,52,29
India,Maharashtra,Virar,"Bolinj, Virar - MPCB","21-09-2026 11:00:00",19.445821,72.7988231,NH3,5,10,7
India,Meghalaya,Byrnihat,"15th Mile-Nongthymmai, Byrnihat -Meghalaya PCB","21-09-2026 11:00:00",26.079047,91.875185,SO2,4,8,6
India,Meghalaya,Byrnihat,"15th Mile-Nongthymmai, Byrnihat -Meghalaya PCB","21-09-2026 11:00:00",26.079047,91.875185,CO,NA,NA,NA
India,Meghalaya,Byrnihat,"15th Mile-Nongthymmai, Byrnihat -Meghalaya PCB","21-09-2026 11:00:00",26.079047,91.875185,OZONE,NA,NA,NA
India,Meghalaya,Shillong,"Lumpyngngad, Shillong - Meghalaya PCB","21-09-2026 11:00:00",25.5586,91.8985,PM2.5,NA,NA,NA
India,Maharashtra,Pune,"Hadapsar, Pune - IITM","21-09-2026 11:00:00",18.501793,73.927532,SO2,NA,NA,NA
India,Maharashtra,Pune,"Mhada Colony, Pune - IITM","21-09-2026 11:00:00",18.57304,73.927715,OZONE,21,74,36
India,Maharashtra,Pune,"Dhankawadi, Pune - IITM","21-09-2026 11:00:00",18.459883,73.852193,OZONE,2,27,8
India,Maharashtra,Satara,"Koyana Nagar, Satara - MPCB","21-09-2026 11:00:00",17.696651,74.003387,PM10,6,135,78
India,Maharashtra,Solapur,"Ratandeep Housing Society, Solapur - MPCB","21-09-2026 11:00:00",17.65439,75.90649,NH3,2,7,4
India,Maharashtra,Solapur,"Ratandeep Housing Society, Solapur - MPCB","21-09-2026 11:00:00",17.65439,75.90649,OZONE,8,45,22
India,Maharashtra,Solapur,"Dnyaneshwar Nagar, Solapur - MPCB","21-09-2026 11:00:00",17.6336264,75.9132495,PM2.5,9,39,25
India,Maharashtra,Solapur,"Dnyaneshwar Nagar, Solapur - MPCB","21-09-2026 11:00:00",17.6336264,75.9132495,PM10,11,45,31
India,Odisha,Brajrajnagar,"GM Office, Brajrajnagar - OSPCB","21-09-2026 11:00:00",21.8004996,83.8396977,NH3,4,4,4
India,Odisha,Byasanagar,"Ferro Chrome Colony, Byasanagar - OSPCB","21-09-2026 11:00:00",20.94185,86.1151,CO,34,41,39
India,Odisha,Cuttack,"CDA Area, Cuttack - OSPCB","21-09-2026 11:00:00",20.48891,85.84768,PM2.5,10,53,24
India,Odisha,Cuttack,"CDA Area, Cuttack - OSPCB","21-09-2026 11:00:00",20.48891,85.84768,NH3,4,9,6
India,Odisha,Keonjhar,"Jagamohanpur, Keonjhar - OSPCB","21-09-2026 11:00:00",21.6439,85.599355,PM2.5,21,63,39
India,Odisha,Keonjhar,"Jagamohanpur, Keonjhar - OSPCB","21-09-2026 11:00:00",21.6439,85.599355,SO2,20,24,22
India,Odisha,Nayagarh,"Dabuna, Nayagarh - OSPCB","21-09-2026 11:00:00",21.847279,85.416905,NH3,5,8,7
India,Odisha,Nayagarh,"Dabuna, Nayagarh - OSPCB","21-09-2026 11:00:00",21.847279,85.416905,CO,9,11,10
India,Odisha,Rairangpur,"Divisional Forest Office, Rairangpur - OSPCB","21-09-2026 11:00:00",22.265816,86.174829,PM10,22,54,36
India,Odisha,Rairangpur,"Divisional Forest Office, Rairangpur - OSPCB","21-09-2026 11:00:00",22.265816,86.174829,NO2,NA,NA,NA
India,Odisha,Rairangpur,"Divisional Forest Office, Rairangpur - OSPCB","21-09-2026 11:00:00",22.265816,86.174829,SO2,NA,NA,NA
India,Odisha,Rourkela,"Fertilizer Township, Rourkela - OSPCB","21-09-2026 11:00:00",22.18972222,84.86277778,PM10,41,56,44
India,Odisha,Rourkela,"Fertilizer Township, Rourkela - OSPCB","21-09-2026 11:00:00",22.18972222,84.86277778,NH3,NA,NA,NA
India,Odisha,Rourkela,"Fertilizer Township, Rourkela - OSPCB","21-09-2026 11:00:00",22.18972222,84.86277778,SO2,11,12,11
India,Odisha,Rourkela,"Fertilizer Township, Rourkela - OSPCB","21-09-2026 11:00:00",22.18972222,84.86277778,CO,16,23,20
India,Odisha,Rourkela,"Sector-2, Rourkela - OSPCB","21-09-2026 11:00:00",22.245,84.88111111,NO2,NA,NA,NA
India,Odisha,Talcher,"Talcher Coalfields,Talcher - OSPCB","21-09-2026 11:00:00",20.9360711,85.1707021,NH3,4,4,4
India,Odisha,Tensa,"Barsua Iron Ore Mines, Tensa - OSPCB","21-09-2026 11:00:00",21.869985,85.167016,OZONE,4,5,4
India,Puducherry,Puducherry,"Jawahar Nagar, Puducherry - PPCC","21-09-2026 11:00:00",11.9309,79.8027,SO2,7,15,11
India,Telangana,Hyderabad,"Central University, Hyderabad - TSPCB","21-09-2026 11:00:00",17.460103,78.334361,PM2.5,17,55,39
India,Telangana,Hyderabad,"Central University, Hyderabad - TSPCB","21-09-2026 11:00:00",17.460103,78.334361,NO2,24,30,27
India,Telangana,Hyderabad,"Central University, Hyderabad - TSPCB","21-09-2026 11:00:00",17.460103,78.334361,NH3,1,1,1
India,Telangana,Hyderabad,"Central University, Hyderabad - TSPCB","21-09-2026 11:00:00",17.460103,78.334361,OZONE,10,24,17
India,Telangana,Hyderabad,"IITH Kandi, Hyderabad - TSPCB","21-09-2026 11:00:00",17.585705,78.126199,OZONE,23,27,27
India,Telangana,Hyderabad,"ICRISAT Patancheru, Hyderabad - TSPCB","21-09-2026 11:00:00",17.5184,78.278777,NO2,12,32,21
India,Telangana,Hyderabad,"IDA Pashamylaram, Hyderabad - TSPCB","21-09-2026 11:00:00",17.5316895,78.218939,PM2.5,38,90,56
India,Telangana,Hyderabad,"IDA Pashamylaram, Hyderabad - TSPCB","21-09-2026 11:00:00",17.5316895,78.218939,CO,8,22,16
India,Telangana,Hyderabad,"IDA Pashamylaram, Hyderabad - TSPCB","21-09-2026 11:00:00",17.5316895,78.218939,OZONE,7,9,8
India,Telangana,Hyderabad,"Sanathnagar, Hyderabad - TSPCB","21-09-2026 11:00:00",17.4559458,78.4332152,NO2,24,111,57
India,Tripura,Agartala,"Bardowali, Agartala - Tripura SPCB","21-09-2026 11:00:00",23.8175497,91.2726974,NO2,13,13,13
India,Tripura,Agartala,"Bardowali, Agartala - Tripura SPCB","21-09-2026 11:00:00",23.8175497,91.2726974,CO,26,28,27
India,"Uttar Pradesh",Agra,"Manoharpur, Agra - UPPCB","21-09-2026 11:00:00",27.23711,78.01936,PM10,NA,NA,NA
India,"Uttar Pradesh",Agra,"Manoharpur, Agra - UPPCB","21-09-2026 11:00:00",27.23711,78.01936,CO,21,21,21
India,"Uttar Pradesh",Agra,"Sanjay Palace, Agra - UPPCB","21-09-2026 11:00:00",27.19865833,78.00598056,PM2.5,9,84,45
India,"Uttar Pradesh",Agra,"Sanjay Palace, Agra - UPPCB","21-09-2026 11:00:00",27.19865833,78.00598056,PM10,46,182,94
India,"Uttar Pradesh",Agra,"Sanjay Palace, Agra - UPPCB","21-09-2026 11:00:00",27.19865833,78.00598056,NO2,16,18,16
India,"Uttar Pradesh",Agra,"Sanjay Palace, Agra - UPPCB","21-09-2026 11:00:00",27.19865833,78.00598056,NH3,NA,NA,NA
India,"Uttar Pradesh",Agra,"Sanjay Palace, Agra - UPPCB","21-09-2026 11:00:00",27.19865833,78.00598056,SO2,17,18,17
India,"Uttar Pradesh",Agra,"Sector-3B Avas Vikas Colony, Agra - UPPCB","21-09-2026 11:00:00",27.19412,77.96237,PM10,48,106,75
India,Rajasthan,Bhilwara,"Pratap Nagar, Bhilwara - RSPCB","21-09-2026 11:00:00",25.339605,74.618883,PM10,40,118,78
India,Rajasthan,Bhiwadi,"RIICO Ind. Area III, Bhiwadi - RSPCB","21-09-2026 11:00:00",28.194909,76.862296,CO,38,49,43
India,Rajasthan,Bikaner,"MM Ground, Bikaner - RSPCB","21-09-2026 11:00:00",28.018792,73.292658,OZONE,31,60,46
India,Rajasthan,Bundi,"New Colony, Bundi - RSPCB","21-09-2026 11:00:00",25.435774,75.644272,PM10,36,84,55
India,Rajasthan,Bundi,"New Colony, Bundi - RSPCB","21-09-2026 11:00:00",25.435774,75.644272,OZONE,12,56,30
India,Rajasthan,Chittorgarh,"Shastri Nagar, Chittorgarh - RSPCB","21-09-2026 11:00:00",24.892047,74.623527,PM10,30,121,67
India,Rajasthan,Chittorgarh,"Shastri Nagar, Chittorgarh - RSPCB","21-09-2026 11:00:00",24.892047,74.623527,NO2,5,33,18
India,Rajasthan,Chittorgarh,"Shastri Nagar, Chittorgarh - RSPCB","21-09-2026 11:00:00",24.892047,74.623527,NH3,6,10,8
India,Rajasthan,Chittorgarh,"Shastri Nagar, Chittorgarh - RSPCB","21-09-2026 11:00:00",24.892047,74.623527,CO,3,20,9
India,Rajasthan,Dausa,"Khatikan Mohalla, Dausa - RSPCB","21-09-2026 11:00:00",26.895552,76.334753,PM2.5,53,150,100
India,Rajasthan,Dausa,"Khatikan Mohalla, Dausa - RSPCB","21-09-2026 11:00:00",26.895552,76.334753,NO2,4,42,18
India,Rajasthan,Dausa,"Khatikan Mohalla, Dausa - RSPCB","21-09-2026 11:00:00",26.895552,76.334753,OZONE,13,38,20
India,Rajasthan,Dholpur,"Raja Ganj, Dholpur - RSPCB","21-09-2026 11:00:00",26.699557,77.898881,NH3,2,19,9
India,Rajasthan,Dholpur,"Raja Ganj, Dholpur - RSPCB","21-09-2026 11:00:00",26.699557,77.898881,SO2,3,10,8
India,Rajasthan,Dholpur,"Raja Ganj, Dholpur - RSPCB","21-09-2026 11:00:00",26.699557,77.898881,CO,34,43,38
India,Rajasthan,Dungarpur,"Bhoiwada, Dungarpur - RSPCB","21-09-2026 11:00:00",23.837789,73.714926,PM10,33,71,50
India,Rajasthan,Hanumangarh,"Housing Board, Hanumangarh - RSPCB","21-09-2026 11:00:00",29.61075,74.283608,NH3,4,12,8
India,Rajasthan,Jaipur,"Shastri Nagar, Jaipur - RSPCB","21-09-2026 11:00:00",26.9502929,75.730943,PM10,57,114,92
India,Punjab,Amritsar,"Golden Temple, Amritsar - PPCB","21-09-2026 11:00:00",31.62,74.876512,OZONE,15,40,21
India,Punjab,Bathinda,"Hardev Nagar, Bathinda - PPCB","21-09-2026 11:00:00",30.233011,74.907758,PM10,54,196,83
India,Punjab,Bathinda,"Hardev Nagar, Bathinda - PPCB","21-09-2026 11:00:00",30.233011,74.907758,NH3,NA,NA,NA
India,Punjab,Bathinda,"Hardev Nagar, Bathinda - PPCB","21-09-2026 11:00:00",30.233011,74.907758,SO2,9,25,15
India,Punjab,Bathinda,"Hardev Nagar, Bathinda - PPCB","21-09-2026 11:00:00",30.233011,74.907758,CO,11,27,19
India,Punjab,Bathinda,"Hardev Nagar, Bathinda - PPCB","21-09-2026 11:00:00",30.233011,74.907758,OZONE,NA,NA,NA
India,Punjab,Jalandhar,"Civil Line, Jalandhar - PPCB","21-09-2026 11:00:00",31.321907,75.578914,PM2.5,49,155,91
India,Punjab,Jalandhar,"Civil Line, Jalandhar - PPCB","21-09-2026 11:00:00",31.321907,75.578914,PM10,43,108,76
India,Punjab,Jalandhar,"Civil Line, Jalandhar - PPCB","21-09-2026 11:00:00",31.321907,75.578914,NO2,42,54,48
India,Punjab,Jalandhar,"Civil Line, Jalandhar - PPCB","21-09-2026 11:00:00",31.321907,75.578914,NH3,7,7,7
India,Punjab,Jalandhar,"Civil Line, Jalandhar - PPCB","21-09-2026 11:00:00",31.321907,75.578914,OZONE,27,39,30
India,Punjab,Khanna,"Kalal Majra, Khanna - PPCB","21-09-2026 11:00:00",30.736056,76.209694,SO2,6,16,11
India,Punjab,Ludhiana,"Punjab Agricultural University, Ludhiana - PPCB","21-09-2026 11:00:00",30.9028,75.8086,OZONE,20,41,30
India,Punjab,"Mandi Gobindgarh","RIMT University, Mandi Gobindgarh - PPCB","21-09-2026 11:00:00",30.649961,76.331442,PM2.5,79,299,148
India,Punjab,Rupnagar,"Ratanpura, Rupnagar - Ambuja Cements","21-09-2026 11:00:00",31.0325454,76.5623046,NO2,9,47,27
India,Punjab,Rupnagar,"Ratanpura, Rupnagar - Ambuja Cements","21-09-2026 11:00:00",31.0325454,76.5623046,SO2,8,15,12
India,Punjab,Rupnagar,"Ratanpura, Rupnagar - Ambuja Cements","21-09-2026 11:00:00",31.0325454,76.5623046,OZONE,NA,NA,NA
India,Rajasthan,Ajmer,"Civil Lines,  Ajmer - RSPCB","21-09-2026 11:00:00",26.470859,74.646594,PM2.5,41,79,59
India,Rajasthan,Ajmer,"Civil Lines,  Ajmer - RSPCB","21-09-2026 11:00:00",26.470859,74.646594,NH3,7,9,8
India,Rajasthan,Pali,"Indira Colony Vistar, Pali - RSPCB","21-09-2026 11:00:00",25.771061,73.340227,PM2.5,69,148,96
India,Rajasthan,Pali,"Indira Colony Vistar, Pali - RSPCB","21-09-2026 11:00:00",25.771061,73.340227,PM10,NA,NA,NA
India,Rajasthan,Pali,"Indira Colony Vistar, Pali - RSPCB","21-09-2026 11:00:00",25.771061,73.340227,NO2,14,28,20
India,Rajasthan,Pali,"Indira Colony Vistar, Pali - RSPCB","21-09-2026 11:00:00",25.771061,73.340227,OZONE,8,35,17
India,Rajasthan,Pratapgarh,"Pragati Nagar, Pratapgarh - RSPCB","21-09-2026 11:00:00",24.041198,74.780702,PM10,30,68,46
India,Rajasthan,Pratapgarh,"Pragati Nagar, Pratapgarh - RSPCB","21-09-2026 11:00:00",24.041198,74.780702,NO2,6,17,8
India,Rajasthan,Rajsamand,"Dhoinda, Rajsamand - RSPCB","21-09-2026 11:00:00",25.03636,73.883502,CO,24,31,28
India,Rajasthan,Rajsamand,"Dhoinda, Rajsamand - RSPCB","21-09-2026 11:00:00",25.03636,73.883502,OZONE,6,34,14
India,Rajasthan,"Sawai Madhopur","Sahu Nagar, Sawai Madhopur - RSPCB","21-09-2026 11:00:00",26.031443,76.359327,CO,28,36,33
India,Rajasthan,Sikar,"Radhakishan Pura, Sikar - RSPCB","21-09-2026 11:00:00",27.608912,75.153302,PM2.5,NA,NA,NA
India,Rajasthan,Sikar,"Radhakishan Pura, Sikar - RSPCB","21-09-2026 11:00:00",27.608912,75.153302,OZONE,26,52,34
India,Rajasthan,Sirohi,"Vedhaynath Colony, Sirohi - RSPCB","21-09-2026 11:00:00",24.885261,72.857549,NH3,2,3,2
India,Rajasthan,"Sri Ganganagar","Old City, Sri Ganganagar - RSPCB","21-09-2026 11:00:00",29.931624,73.864511,PM10,53,137,95
India,Rajasthan,"Sri Ganganagar","Old City, Sri Ganganagar - RSPCB","21-09-2026 11:00:00",29.931624,73.864511,NH3,9,15,12
India,Rajasthan,"Sri Ganganagar","Old City, Sri Ganganagar - RSPCB","21-09-2026 11:00:00",29.931624,73.864511,CO,44,60,53
India,Rajasthan,Tonk,"Shastri Nagar, Tonk - RSPCB","21-09-2026 11:00:00",26.159933,75.780517,NO2,4,20,10
India,Rajasthan,Tonk,"Shastri Nagar, Tonk - RSPCB","21-09-2026 11:00:00",26.159933,75.780517,OZONE,23,69,39
India,Rajasthan,Udaipur,"Ashok Nagar, Udaipur - RSPCB","21-09-2026 11:00:00",24.5886166,73.6321397,NH3,3,5,4
India,Sikkim,Gangtok,"Zero Point GICI, Gangtok - SSPCB","21-09-2026 11:00:00",27.33853,88.614099,OZONE,1,1,1
India,"Tamil Nadu",Chennai,"Manali Village, Chennai - TNPCB","21-09-2026 11:00:00",13.1662,80.2584,PM2.5,11,35,27
India,"Tamil Nadu",Chennai,"Manali Village, Chennai - TNPCB","21-09-2026 11:00:00",13.1662,80.2584,PM10,14,51,29
India,"Tamil Nadu",Chennai,"Manali Village, Chennai - TNPCB","21-09-2026 11:00:00",13.1662,80.2584,OZONE,NA,NA,NA
India,"Tamil Nadu",Chennai,"Manali, Chennai - CPCB","21-09-2026 11:00:00",13.164544,80.26285,CO,14,31,22
India,"Tamil Nadu",Chennai,"Velachery Res. Area, Chennai - CPCB","21-09-2026 11:00:00",13.0052189,80.2398125,NH3,NA,NA,NA
India,"Tamil Nadu",Chennai,"Velachery Res. Area, Chennai - CPCB","21-09-2026 11:00:00",13.0052189,80.2398125,SO2,5,7,6
India,Telangana,Hyderabad,"Kompally Municipal Office, Hyderabad - TSPCB","21-09-2026 11:00:00",17.544899,78.486949,PM2.5,29,42,34
India,Telangana,Hyderabad,"Ramachandrapuram, Hyderabad - TSPCB","21-09-2026 11:00:00",17.528544,78.286195,PM10,70,71,70
India,Telangana,Hyderabad,"Ramachandrapuram, Hyderabad - TSPCB","21-09-2026 11:00:00",17.528544,78.286195,SO2,11,15,14
India,Telangana,Hyderabad,"Zoo Park, Hyderabad - TSPCB","21-09-2026 11:00:00",17.349694,78.451437,NH3,2,2,2
India,Telangana,Hyderabad,"Zoo Park, Hyderabad - TSPCB","21-09-2026 11:00:00",17.349694,78.451437,CO,1,22,10
India,Telangana,Hyderabad,"New Malakpet, Hyderabad - TSPCB","21-09-2026 11:00:00",17.37206,78.50864,CO,24,39,28
India,Telangana,Hyderabad,"Bollaram Industrial Area, Hyderabad - TSPCB","21-09-2026 11:00:00",17.518,78.383,PM2.5,NA,NA,NA
India,Rajasthan,Jaipur,"Shastri Nagar, Jaipur - RSPCB","21-09-2026 11:00:00",26.9502929,75.730943,NO2,23,47,32
India,Rajasthan,Jaipur,"Shastri Nagar, Jaipur - RSPCB","21-09-2026 11:00:00",26.9502929,75.730943,SO2,3,37,19
India,Rajasthan,Jaipur,"Adarsh Nagar, Jaipur - RSPCB","21-09-2026 11:00:00",26.902909,75.836858,PM2.5,53,99,73
India,Rajasthan,Jaipur,"Mansarovar Sector-12, Jaipur - RSPCB","21-09-2026 11:00:00",26.843698,75.766894,PM10,NA,NA,NA
India,Rajasthan,Jaipur,"Mansarovar Sector-12, Jaipur - RSPCB","21-09-2026 11:00:00",26.843698,75.766894,SO2,NA,NA,NA
India,Rajasthan,Jaipur,"Police Commissionerate, Jaipur - RSPCB","21-09-2026 11:00:00",26.9164092,75.7994901,PM10,66,111,97
India,Rajasthan,Jaipur,"Police Commissionerate, Jaipur - RSPCB","21-09-2026 11:00:00",26.9164092,75.7994901,NO2,44,83,63
India,Rajasthan,Jaipur,"Sector-2 Murlipura, Jaipur - RSPCB","21-09-2026 11:00:00",26.960669,75.771817,PM10,40,166,85
India,Rajasthan,Jaipur,"Sector-2 Murlipura, Jaipur - RSPCB","21-09-2026 11:00:00",26.960669,75.771817,NH3,NA,NA,NA
India,Rajasthan,Jaipur,"Sector-2 Murlipura, Jaipur - RSPCB","21-09-2026 11:00:00",26.960669,75.771817,SO2,2,6,3
India,Rajasthan,Jaipur,"RIICO Sitapura, Jaipur - RSPCB","21-09-2026 11:00:00",26.786682,75.827928,PM10,53,134,91
India,Rajasthan,Jaisalmer,"Sadar Bazar, Jaisalmer - RSPCB","21-09-2026 11:00:00",26.912329,70.909168,CO,6,24,12
India,Rajasthan,Jhalawar,"Rajlaxmi Nagar, Jhalawar - RSPCB","21-09-2026 11:00:00",24.588397,76.172782,CO,59,74,70
India,Rajasthan,Jodhpur,"Collectorate, Jodhpur - RSPCB","21-09-2026 11:00:00",26.268249,73.0193853,NO2,18,31,25
India,Rajasthan,Jodhpur,"Jhalamand, Jodhpur - RSPCB","21-09-2026 11:00:00",26.215415,73.070156,SO2,3,4,3
India,Rajasthan,Jodhpur,"Samrat Ashok Udhyan, Jodhpur - RSPCB","21-09-2026 11:00:00",26.253384,72.976571,SO2,0,10,4
India,Rajasthan,Jodhpur,"Mandor, Jodhpur - RSPCB","21-09-2026 11:00:00",26.358805,73.047444,PM2.5,NA,NA,NA
India,Rajasthan,Jodhpur,"Mandor, Jodhpur - RSPCB","21-09-2026 11:00:00",26.358805,73.047444,PM10,NA,NA,NA
India,Rajasthan,Jodhpur,"Mandor, Jodhpur - RSPCB","21-09-2026 11:00:00",26.358805,73.047444,OZONE,4,82,25
India,Rajasthan,Jodhpur,"Digari Kalan, Jodhpur - RSPCB","21-09-2026 11:00:00",26.29581,73.082283,PM10,54,139,83
India,Rajasthan,Karauli,"Satyawati Vihar, Karauli - RSPCB","21-09-2026 11:00:00",26.506177,77.025989,OZONE,18,64,33
India,Rajasthan,Khairthal,"New Anaj Mandi, Khairthal - RSPCB","21-09-2026 11:00:00",27.8015617,76.6365217,NH3,3,10,5
India,Rajasthan,Kota,"Nayapura, Kota - RSPCB","21-09-2026 11:00:00",25.196024,75.855668,SO2,2,5,3
India,Rajasthan,Kota,"Dhanmandi, Kota - RSPCB","21-09-2026 11:00:00",25.16409,75.858137,PM2.5,20,103,45
India,Rajasthan,Nagaur,"Karni Colony, Nagaur - RSPCB","21-09-2026 11:00:00",27.213494,73.734444,PM10,77,215,126
India,Rajasthan,Nagaur,"Karni Colony, Nagaur - RSPCB","21-09-2026 11:00:00",27.213494,73.734444,NO2,8,28,14
India,Rajasthan,Nagaur,"Karni Colony, Nagaur - RSPCB","21-09-2026 11:00:00",27.213494,73.734444,CO,15,26,19
India,Rajasthan,Ajmer,"Civil Lines,  Ajmer - RSPCB","21-09-2026 11:00:00",26.470859,74.646594,SO2,NA,NA,NA
India,Rajasthan,Alwar,"Vigyan Nagar, Alwar - RSPCB","21-09-2026 11:00:00",27.598796,76.63861,PM10,117,200,148
India,Rajasthan,Alwar,"Vigyan Nagar, Alwar - RSPCB","21-09-2026 11:00:00",27.598796,76.63861,NH3,10,20,14
India,Rajasthan,Alwar,"Moti Doongri, Alwar - RSPCB","21-09-2026 11:00:00",27.554793,76.611536,PM10,89,134,112
India,Rajasthan,Alwar,"Moti Doongri, Alwar - RSPCB","21-09-2026 11:00:00",27.554793,76.611536,CO,51,94,83
India,Rajasthan,Baran,"Bamboliya, Baran - RSPCB","21-09-2026 11:00:00",25.106006,76.469948,NO2,13,16,15
India,Rajasthan,Bharatpur,"Krishna Nagar, Bharatpur - RSPCB","21-09-2026 11:00:00",27.215415,77.50873,CO,26,38,32
India,"Uttar Pradesh","Greater Noida","Knowledge Park - V, Greater Noida - UPPCB","21-09-2026 11:00:00",28.557054,77.453663,NH3,10,30,16
India,"Uttar Pradesh","Greater Noida","Knowledge Park - V, Greater Noida - UPPCB","21-09-2026 11:00:00",28.557054,77.453663,OZONE,7,52,17
India,"Uttar Pradesh","Greater Noida","Knowledge Park - III, Greater Noida - UPPCB","21-09-2026 11:00:00",28.47272,77.482,PM2.5,76,355,236
India,"Uttar Pradesh","Greater Noida","Knowledge Park - III, Greater Noida - UPPCB","21-09-2026 11:00:00",28.47272,77.482,NO2,9,65,36
India,"Uttar Pradesh","Greater Noida","Knowledge Park - III, Greater Noida - UPPCB","21-09-2026 11:00:00",28.47272,77.482,SO2,10,14,12
India,"Uttar Pradesh",Hapur,"Anand Vihar, Hapur - UPPCB","21-09-2026 11:00:00",28.725645,77.749675,CO,42,44,43
India,"Uttar Pradesh",Jhansi,"Shivaji Nagar, Jhansi - UPPCB","21-09-2026 11:00:00",25.4547,78.6039,PM2.5,62,180,93
India,"Uttar Pradesh",Jhansi,"Shivaji Nagar, Jhansi - UPPCB","21-09-2026 11:00:00",25.4547,78.6039,SO2,24,33,27
India,"Uttar Pradesh",Jhansi,"Shivaji Nagar, Jhansi - UPPCB","21-09-2026 11:00:00",25.4547,78.6039,OZONE,5,6,6
India,"Uttar Pradesh",Kanpur,"FTI Kidwai Nagar, Kanpur - UPPCB","21-09-2026 11:00:00",26.428282,80.327067,PM2.5,28,174,54
India,"Uttar Pradesh",Kanpur,"FTI Kidwai Nagar, Kanpur - UPPCB","21-09-2026 11:00:00",26.428282,80.327067,PM10,41,164,75
India,"Uttar Pradesh",Kanpur,"FTI Kidwai Nagar, Kanpur - UPPCB","21-09-2026 11:00:00",26.428282,80.327067,CO,31,33,32
India,"Uttar Pradesh",Kanpur,"NSI Kalyanpur, Kanpur - UPPCB","21-09-2026 11:00:00",26.509954,80.249612,SO2,25,26,26
India,"Uttar Pradesh",Kanpur,"NSI Kalyanpur, Kanpur - UPPCB","21-09-2026 11:00:00",26.509954,80.249612,CO,34,36,35
India,"Uttar Pradesh",Kanpur,"NSI Kalyanpur, Kanpur - UPPCB","21-09-2026 11:00:00",26.509954,80.249612,OZONE,20,21,21
India,"Uttar Pradesh",Kanpur,"Nehru Nagar, Kanpur - UPPCB","21-09-2026 11:00:00",26.4703136,80.3229863,CO,40,51,48
India,"Uttar Pradesh",Khora,"Prashant Garden, Khora - UPPCB","21-09-2026 11:00:00",28.61119,77.34206,NH3,7,12,10
India,"Uttar Pradesh",Khurja,"Kalindi Kunj, Khurja - UPPCB","21-09-2026 11:00:00",28.2348927,77.8683002,SO2,10,11,10
India,"Uttar Pradesh",Khurja,"Kalindi Kunj, Khurja - UPPCB","21-09-2026 11:00:00",28.2348927,77.8683002,CO,32,44,38
India,"Uttar Pradesh",Lucknow,"B R Ambedkar University, Lucknow - UPPCB","21-09-2026 11:00:00",26.766433,80.927299,NH3,3,4,3
India,"Uttar Pradesh",Lucknow,"B R Ambedkar University, Lucknow - UPPCB","21-09-2026 11:00:00",26.766433,80.927299,SO2,30,39,32
India,"Uttar Pradesh",Lucknow,"Lalbagh, Lucknow - CPCB","21-09-2026 11:00:00",26.8458805,80.9365541,PM10,47,111,77
India,"Uttar Pradesh",Prayagraj,"Nagar Nigam, Prayagraj - UPPCB","21-09-2026 11:00:00",25.44919916,81.82735986,NO2,5,5,5
India,"Uttar Pradesh",Prayagraj,"Motilal Nehru NIT, Prayagraj - UPPCB","21-09-2026 11:00:00",25.494,81.863,PM2.5,15,30,22
India,"Uttar Pradesh",Prayagraj,"Motilal Nehru NIT, Prayagraj - UPPCB","21-09-2026 11:00:00",25.494,81.863,CO,7,11,9
India,"Uttar Pradesh",Prayagraj,"Jhunsi, Prayagraj - UPPCB","21-09-2026 11:00:00",25.425602,81.917152,NO2,6,6,6
India,"Uttar Pradesh",Raebareli," Indira Nagar, Raebareli - NTPC Unchahar","21-09-2026 11:00:00",26.207781,81.245571,NO2,NA,NA,NA
India,"Uttar Pradesh",Raebareli,"Anand Nagar, Raebareli - UPPCB","21-09-2026 11:00:00",26.219512,81.237648,PM10,49,92,74
India,"Uttar Pradesh",Raebareli,"Anand Nagar, Raebareli - UPPCB","21-09-2026 11:00:00",26.219512,81.237648,CO,48,81,54
India,"Uttar Pradesh",Raebareli,"Anand Nagar, Raebareli - UPPCB","21-09-2026 11:00:00",26.219512,81.237648,OZONE,45,68,51
India,"Uttar Pradesh",Varanasi,"Maldahiya, Varanasi - UPPCB","21-09-2026 11:00:00",25.32393,82.99687,CO,12,16,14
India,"Uttar Pradesh",Varanasi,"Ardhali Bazar, Varanasi - UPPCB","21-09-2026 11:00:00",25.3505986,82.9083074,NO2,19,24,22
India,"Uttar Pradesh",Varanasi,"Ardhali Bazar, Varanasi - UPPCB","21-09-2026 11:00:00",25.3505986,82.9083074,SO2,4,7,6
India,"Uttar Pradesh",Varanasi,"Ardhali Bazar, Varanasi - UPPCB","21-09-2026 11:00:00",25.3505986,82.9083074,OZONE,10,17,14
India,"Uttar Pradesh",Varanasi,"Bhelupur, Varanasi - UPPCB","21-09-2026 11:00:00",25.301778,82.996789,PM2.5,39,457,129
India,"Uttar Pradesh",Varanasi,"Bhelupur, Varanasi - UPPCB","21-09-2026 11:00:00",25.301778,82.996789,NO2,7,8,8
India,"Uttar Pradesh",Varanasi,"Bhelupur, Varanasi - UPPCB","21-09-2026 11:00:00",25.301778,82.996789,NH3,1,1,1
India,"Uttar Pradesh",Varanasi,"IESD Banaras Hindu University, Varanasi - UPPCB","21-09-2026 11:00:00",25.262326,82.995408,NO2,2,2,2
India,"Uttar Pradesh",Vrindavan,"Omex Eternity, Vrindavan - UPPCB","21-09-2026 11:00:00",27.571409,77.655757,OZONE,15,16,16
India,"Uttar Pradesh",Vrindavan," Chhatikara, Vrindavan - UPPCB","21-09-2026 11:00:00",27.57194,77.62346,NO2,0,6,1
India,Uttarakhand,Dehradun,"Doon University, Dehradun - UKPCB","21-09-2026 11:00:00",30.269444,78.044167,PM2.5,14,89,59
India,"Uttar Pradesh",Lucknow,"Lalbagh, Lucknow - CPCB","21-09-2026 11:00:00",26.8458805,80.9365541,OZONE,11,67,29
India,"Uttar Pradesh",Lucknow,"Gomti Nagar, Lucknow - UPPCB","21-09-2026 11:00:00",26.86812,81.005119,PM10,31,81,48
India,"Uttar Pradesh",Lucknow,"Gomti Nagar, Lucknow - UPPCB","21-09-2026 11:00:00",26.86812,81.005119,NO2,9,11,10
India,"Uttar Pradesh",Lucknow,"Talkatora District Industries Center, Lucknow - CPCB","21-09-2026 11:00:00",26.83399722,80.8917361,PM10,41,104,67
India,"Uttar Pradesh",Lucknow,"Talkatora District Industries Center, Lucknow - CPCB","21-09-2026 11:00:00",26.83399722,80.8917361,OZONE,9,42,21
India,"Uttar Pradesh",Meerut,"Pallavpuram Phase 2, Meerut - UPPCB","21-09-2026 11:00:00",29.06351,77.709723,PM2.5,53,308,126
India,"Uttar Pradesh",Meerut,"Pallavpuram Phase 2, Meerut - UPPCB","21-09-2026 11:00:00",29.06351,77.709723,CO,3,30,14
India,"Uttar Pradesh",Meerut,"Ganga Nagar, Meerut - UPPCB","21-09-2026 11:00:00",28.999264,77.7590354,CO,52,57,55
India,"Uttar Pradesh",Meerut,"MIET College, Meerut - UPPCB","21-09-2026 11:00:00",28.972677,77.641018,PM10,105,174,134
India,"Uttar Pradesh",Meerut,"Jai Bhim Nagar, Meerut - UPPCB","21-09-2026 11:00:00",28.9535882,77.7622941,NH3,4,7,6
India,"Uttar Pradesh",Meerut,"Jai Bhim Nagar, Meerut - UPPCB","21-09-2026 11:00:00",28.9535882,77.7622941,OZONE,31,110,49
India,"Uttar Pradesh",Modinagar,"SRM University, Modinagar - UPPCB","21-09-2026 11:00:00",28.798171,77.540243,PM2.5,86,208,143
India,"Uttar Pradesh",Modinagar,"SRM University, Modinagar - UPPCB","21-09-2026 11:00:00",28.798171,77.540243,PM10,68,115,97
India,"Uttar Pradesh",Modinagar,"SRM University, Modinagar - UPPCB","21-09-2026 11:00:00",28.798171,77.540243,NH3,3,4,4
India,"Uttar Pradesh",Modinagar,"SRM University, Modinagar - UPPCB","21-09-2026 11:00:00",28.798171,77.540243,OZONE,29,254,90
India,"Uttar Pradesh",Moradabad,"Eco Herbal Park, Moradabad - UPPCB","21-09-2026 11:00:00",28.840739,78.697531,NH3,11,15,13
India,"Uttar Pradesh",Moradabad,"Eco Herbal Park, Moradabad - UPPCB","21-09-2026 11:00:00",28.840739,78.697531,CO,16,26,19
India,"Uttar Pradesh",Moradabad,"Eco Herbal Park, Moradabad - UPPCB","21-09-2026 11:00:00",28.840739,78.697531,OZONE,9,50,20
India,"Uttar Pradesh",Moradabad,"Kashiram Nagar, Moradabad - UPPCB","21-09-2026 11:00:00",28.849399,78.742362,NH3,4,4,4
India,"Uttar Pradesh",Moradabad,"Kashiram Nagar, Moradabad - UPPCB","21-09-2026 11:00:00",28.849399,78.742362,SO2,19,32,24
India,"Uttar Pradesh",Agra,"Shastripuram, Agra - UPPCB","21-09-2026 11:00:00",27.19862,77.92066,PM2.5,25,77,49
India,"Uttar Pradesh",Agra,"Shastripuram, Agra - UPPCB","21-09-2026 11:00:00",27.19862,77.92066,PM10,21,65,41
India,"Uttar Pradesh",Agra,"Shastripuram, Agra - UPPCB","21-09-2026 11:00:00",27.19862,77.92066,NO2,41,43,42
India,"Uttar Pradesh",Agra,"Shastripuram, Agra - UPPCB","21-09-2026 11:00:00",27.19862,77.92066,NH3,3,3,3
India,"Uttar Pradesh",Agra,"Shastripuram, Agra - UPPCB","21-09-2026 11:00:00",27.19862,77.92066,SO2,60,76,66
India,"Uttar Pradesh",Agra,"Rohta, Agra - UPPCB","21-09-2026 11:00:00",27.106972,78.000111,PM10,37,115,77
India,"Uttar Pradesh",Agra,"Shahjahan Garden, Agra - UPPCB","21-09-2026 11:00:00",27.169338,78.03582,NO2,24,29,27
India,"Uttar Pradesh",Agra,"Shahjahan Garden, Agra - UPPCB","21-09-2026 11:00:00",27.169338,78.03582,OZONE,1,3,2
India,"Uttar Pradesh",Baghpat,"Sardar Patel Inter College, Baghpat - UPPCB","21-09-2026 11:00:00",28.964949,77.278761,SO2,13,20,16
India,"Uttar Pradesh",Baraut,"Nagar Palika Parishad, Baraut - UPPCB","21-09-2026 11:00:00",29.09956,77.26235,PM2.5,200,315,269
India,"Uttar Pradesh",Baraut,"Nagar Palika Parishad, Baraut - UPPCB","21-09-2026 11:00:00",29.09956,77.26235,NH3,NA,NA,NA
India,"Uttar Pradesh",Baraut,"Nagar Palika Parishad, Baraut - UPPCB","21-09-2026 11:00:00",29.09956,77.26235,CO,37,47,42
India,"Uttar Pradesh",Baraut,"Nagar Palika Parishad, Baraut - UPPCB","21-09-2026 11:00:00",29.09956,77.26235,OZONE,4,24,9
India,"Uttar Pradesh",Bareilly,"Rajendra Nagar, Bareilly - UPPCB","21-09-2026 11:00:00",28.38910936,79.42963708,PM2.5,61,143,87
India,"Uttar Pradesh",Bareilly,"Rajendra Nagar, Bareilly - UPPCB","21-09-2026 11:00:00",28.38910936,79.42963708,PM10,92,151,120
India,"Uttar Pradesh",Bareilly,"Rajendra Nagar, Bareilly - UPPCB","21-09-2026 11:00:00",28.38910936,79.42963708,NO2,9,10,9
India,"Uttar Pradesh",Bareilly,"Civil Lines, Bareilly - UPPCB","21-09-2026 11:00:00",28.359581,79.414455,NO2,8,9,8
India,"Uttar Pradesh",Bulandshahr,"Yamunapuram, Bulandshahr - UPPCB","21-09-2026 11:00:00",28.406963,77.849831,NO2,8,97,39
India,"Uttar Pradesh","Fatehpur Sikri","Dadupura, Fatehpur Sikri - UPPCB","21-09-2026 11:00:00",27.097694,77.671335,NO2,7,8,8
India,"Uttar Pradesh",Firozabad,"Nagla Bhau, Firozabad - UPPCB","21-09-2026 11:00:00",27.168897,78.37696,PM2.5,NA,NA,NA
India,"Uttar Pradesh",Firozabad,"Nagla Bhau, Firozabad - UPPCB","21-09-2026 11:00:00",27.168897,78.37696,SO2,1,98,29
India,"Uttar Pradesh",Firozabad,"Nagla Bhau, Firozabad - UPPCB","21-09-2026 11:00:00",27.168897,78.37696,CO,10,28,21
India,"Uttar Pradesh",Gajraula,"Rajanpur, Gajraula - UPPCB","21-09-2026 11:00:00",28.829109,78.248796,PM2.5,98,198,141
India,"Uttar Pradesh",Ghaziabad,"Indirapuram, Ghaziabad - UPPCB","21-09-2026 11:00:00",28.646233,77.358075,PM2.5,88,254,148
India,"Uttar Pradesh",Ghaziabad,"Govindpuram, Ghaziabad - UPPCB","21-09-2026 11:00:00",28.694528,77.494705,PM2.5,6,34,20
India,"Uttar Pradesh",Ghaziabad,"Ved Vihar-Loni, Ghaziabad - UPPCB","21-09-2026 11:00:00",28.739153,77.273668,SO2,9,14,12
India,"Uttar Pradesh",Ghaziabad,"Loni, Ghaziabad - UPPCB","21-09-2026 11:00:00",28.757294,77.278792,OZONE,4,40,14
India,"Uttar Pradesh",Ghaziabad,"Vasundhara, Ghaziabad - UPPCB","21-09-2026 11:00:00",28.6603346,77.3572563,PM2.5,75,304,155
India,"Uttar Pradesh",Ghaziabad,"Vasundhara, Ghaziabad - UPPCB","21-09-2026 11:00:00",28.6603346,77.3572563,SO2,14,23,17
India,"Uttar Pradesh",Ghaziabad,"Vasundhara, Ghaziabad - UPPCB","21-09-2026 11:00:00",28.6603346,77.3572563,OZONE,23,62,41
India,"Uttar Pradesh",Ghaziabad,"Sanjay Nagar, Ghaziabad - UPPCB","21-09-2026 11:00:00",28.685382,77.453839,OZONE,19,53,29
India,"Uttar Pradesh",Gorakhpur,"Madan Mohan Malaviya University of Technology, Gorakhpur - UPPCB","21-09-2026 11:00:00",26.730136,83.433859,NO2,11,12,11
India,"Uttar Pradesh",Gorakhpur,"Madan Mohan Malaviya University of Technology, Gorakhpur - UPPCB","21-09-2026 11:00:00",26.730136,83.433859,NH3,1,1,1
India,"Uttar Pradesh","Greater Noida","Knowledge Park - V, Greater Noida - UPPCB","21-09-2026 11:00:00",28.557054,77.453663,PM2.5,88,335,244
India,"Uttar Pradesh","Greater Noida","Knowledge Park - V, Greater Noida - UPPCB","21-09-2026 11:00:00",28.557054,77.453663,PM10,102,463,288
India,Uttarakhand,Dehradun,"Doon University, Dehradun - UKPCB","21-09-2026 11:00:00",30.269444,78.044167,OZONE,1,25,7
India,Uttarakhand,Rishikesh,"Shivaji Nagar, Rishikesh - UKPCB","21-09-2026 11:00:00",30.075911,78.2859547,NO2,6,6,6
India,"West Bengal",Asansol,"Evelyn Lodge, Asansol - WBPCB","21-09-2026 11:00:00",23.697936,86.944395,PM2.5,10,33,18
India,"West Bengal",Asansol,"Evelyn Lodge, Asansol - WBPCB","21-09-2026 11:00:00",23.697936,86.944395,PM10,16,35,22
India,"West Bengal",Asansol,"Trivenidevi Bhalotia College, Asansol - WBPCB","21-09-2026 11:00:00",23.616515,87.119133,PM2.5,9,30,16
India,"West Bengal",Asansol,"Trivenidevi Bhalotia College, Asansol - WBPCB","21-09-2026 11:00:00",23.616515,87.119133,NO2,18,32,22
India,"West Bengal",Asansol,"Trivenidevi Bhalotia College, Asansol - WBPCB","21-09-2026 11:00:00",23.616515,87.119133,NH3,4,4,4
India,"West Bengal",Asansol,"Trivenidevi Bhalotia College, Asansol - WBPCB","21-09-2026 11:00:00",23.616515,87.119133,OZONE,7,11,9
India,"West Bengal",Barrackpore,"SVSPA Campus, Barrackpore - WBPCB","21-09-2026 11:00:00",22.7605581,88.3617589,PM2.5,14,36,24
India,"West Bengal",Durgapur,"PCBL Residential Complex, Durgapur - WBPCB","21-09-2026 11:00:00",23.508764,87.35444,NO2,14,63,53
India,"West Bengal",Durgapur,"PCBL Residential Complex, Durgapur - WBPCB","21-09-2026 11:00:00",23.508764,87.35444,SO2,4,13,11
India,"West Bengal",Durgapur,"Womens College_City Center, Durgapur - WBPCB","21-09-2026 11:00:00",23.549395,87.300496,NH3,2,6,4
India,"West Bengal",Durgapur,"Womens College_City Center, Durgapur - WBPCB","21-09-2026 11:00:00",23.549395,87.300496,SO2,12,12,12
India,"West Bengal",Haldia,"Priyambada Housing Estate, Haldia - WBPCB","21-09-2026 11:00:00",22.06047,88.109737,PM10,15,134,40
India,"Uttar Pradesh",Moradabad,"Kashiram Nagar, Moradabad - UPPCB","21-09-2026 11:00:00",28.849399,78.742362,CO,36,47,41
India,"Uttar Pradesh",Moradabad,"Transport Nagar, Moradabad - UPPCB","21-09-2026 11:00:00",28.802625,78.753728,PM10,104,270,138
India,"Uttar Pradesh",Moradabad,"Transport Nagar, Moradabad - UPPCB","21-09-2026 11:00:00",28.802625,78.753728,OZONE,2,5,4
India,"Uttar Pradesh",Moradabad,"Employment Office, Moradabad - UPPCB","21-09-2026 11:00:00",28.88528,78.7388,SO2,35,36,35
India,"Uttar Pradesh",Moradabad,"Employment Office, Moradabad - UPPCB","21-09-2026 11:00:00",28.88528,78.7388,CO,13,14,14
India,"Uttar Pradesh",Moradabad,"Jigar Colony, Moradabad - UPPCB","21-09-2026 11:00:00",28.856664,78.772638,PM2.5,34,70,50
India,"Uttar Pradesh",Moradabad,"Jigar Colony, Moradabad - UPPCB","21-09-2026 11:00:00",28.856664,78.772638,NO2,25,25,25
India,"Uttar Pradesh",Moradabad,"Jigar Colony, Moradabad - UPPCB","21-09-2026 11:00:00",28.856664,78.772638,OZONE,21,23,22
India,"Uttar Pradesh",Noida,"Sector - 62, Noida - IITM","21-09-2026 11:00:00",28.6245479,77.3577104,PM2.5,94,254,147
India,"Uttar Pradesh",Noida,"Sector - 125, Noida - UPPCB","21-09-2026 11:00:00",28.5447608,77.3231257,NO2,16,18,17
India,"Uttar Pradesh",Noida,"Sector-1, Noida - UPPCB","21-09-2026 11:00:00",28.5898,77.3101,PM2.5,73,246,146
India,"Uttar Pradesh",Noida,"Sector-116, Noida - UPPCB","21-09-2026 11:00:00",28.56923,77.393848,OZONE,12,131,43
India,"Uttar Pradesh",Prayagraj,"Nagar Nigam, Prayagraj - UPPCB","21-09-2026 11:00:00",25.44919916,81.82735986,PM10,40,149,77
India,"West Bengal",Howrah,"Belur Math, Howrah - WBPCB","21-09-2026 11:00:00",22.629801,88.352017,PM2.5,13,33,23
India,"West Bengal",Howrah,"Belur Math, Howrah - WBPCB","21-09-2026 11:00:00",22.629801,88.352017,NH3,7,13,10
India,"West Bengal",Howrah,"Belur Math, Howrah - WBPCB","21-09-2026 11:00:00",22.629801,88.352017,SO2,7,9,8
India,"West Bengal",Howrah,"Padmapukur, Howrah - WBPCB","21-09-2026 11:00:00",22.5687319,88.2797276,PM2.5,NA,NA,NA
India,"West Bengal",Howrah,"Botanical Garden, Howrah - WBPCB","21-09-2026 11:00:00",22.554954,88.292568,NH3,1,3,2
India,"West Bengal",Howrah,"Botanical Garden, Howrah - WBPCB","21-09-2026 11:00:00",22.554954,88.292568,OZONE,30,58,40
India,"West Bengal",Kolkata,"Fort William, Kolkata - WBPCB","21-09-2026 11:00:00",22.55664,88.342674,PM2.5,28,49,40
India,"West Bengal",Kolkata,"Jadavpur, Kolkata - WBPCB","21-09-2026 11:00:00",22.49929,88.36917,NO2,29,59,44
India,"West Bengal",Kolkata,"Jadavpur, Kolkata - WBPCB","21-09-2026 11:00:00",22.49929,88.36917,OZONE,6,16,11
India,"West Bengal",Kolkata,"Victoria, Kolkata - WBPCB","21-09-2026 11:00:00",22.5448082,88.3403691,PM10,19,39,29
India,"West Bengal",Kolkata,"Victoria, Kolkata - WBPCB","21-09-2026 11:00:00",22.5448082,88.3403691,CO,30,41,35
India,"West Bengal",Kolkata,"Victoria, Kolkata - WBPCB","21-09-2026 11:00:00",22.5448082,88.3403691,OZONE,11,33,23
India,"West Bengal",Kolkata,"Rabindra Sarobar, Kolkata - WBPCB","21-09-2026 11:00:00",22.51106,88.35142,NO2,21,52,34
India,"West Bengal",Kolkata,"Rabindra Sarobar, Kolkata - WBPCB","21-09-2026 11:00:00",22.51106,88.35142,NH3,6,9,7
India,"West Bengal",Siliguri,"Ward-32 Bapupara, Siliguri - WBPCB","21-09-2026 11:00:00",26.6879226,88.4152495,NO2,14,20,16
India,"West Bengal",Siliguri,"Ward-32 Bapupara, Siliguri - WBPCB","21-09-2026 11:00:00",26.6879226,88.4152495,SO2,14,15,15
India,"West Bengal",Siliguri,"Ward-32 Bapupara, Siliguri - WBPCB","21-09-2026 11:00:00",26.6879226,88.4152495,OZONE,17,19,18
